1990
1985
 Copyright (C) 1995-2019 - All Rights Reserved
 University Corporation for Atmospheric Research
 NCAR Command Language Version 6.6.2
 The use of this software is governed by a License Agreement.
 See http://www.ncl.ucar.edu/ for more details.
(0)	Script started at: Fri Jul 10 21:30:06 AEST 2026

Variable: coord_model
Type: float
Total Size: 2081376000 bytes
            520344000 values
Number of Dimensions: 4
Dimensions and sizes:	[time | 365] x [level | 22] x [lat | 180] x [lon | 360]
Coordinates: 
            time: [745115..753851]
            level: [10..1000]
            lat: [-89.5..89.5]
            lon: [   0.. 359]
Number Of Attributes: 6
  standard_name :	lagrangian_tendency_of_air_pressure
  long_name :	Vertical velocity
  units :	Pa s**-1
  _FillValue :	-32767
  missing_value :	-32767
  cell_methods :	time: mean
(0)	short2flt: input variable is already type float: Specific humidity
(0)	short2flt: no conversion performed
(0)	short2flt: input variable is already type float: Vertical velocity
(0)	short2flt: no conversion performed
(0)	short2flt: input variable is already type float: U component of wind
(0)	short2flt: no conversion performed
(0)	short2flt: input variable is already type float: V component of wind
(0)	short2flt: no conversion performed
(0)	short2flt: input variable is already type float: Temperature
(0)	short2flt: no conversion performed
(0)	Reading variables...

Variable: w
Type: float
Total Size: 714816000 bytes
            178704000 values
Number of Dimensions: 4
Dimensions and sizes:	[time | 365] x [level | 17] x [lat | 80] x [lon | 360]
Coordinates: 
            time: [745115..753851]
            level: [1000..100]
            lat: [-39.5..39.5]
            lon: [   0.. 359]
Number Of Attributes: 6
  cell_methods :	time: mean
  missing_value :	-32767
  _FillValue :	-32767
  units :	Pa s**-1
  long_name :	Vertical velocity
  standard_name :	lagrangian_tendency_of_air_pressure

Variable: u
Type: float
Total Size: 714816000 bytes
            178704000 values
Number of Dimensions: 4
Dimensions and sizes:	[time | 365] x [level | 17] x [lat | 80] x [lon | 360]
Coordinates: 
            time: [745115..753851]
            level: [1000..100]
            lat: [-39.5..39.5]
            lon: [   0.. 359]
Number Of Attributes: 6
  cell_methods :	time: mean
  missing_value :	-32767
  _FillValue :	-32767
  units :	m s**-1
  long_name :	U component of wind
  standard_name :	eastward_wind

Variable: v
Type: float
Total Size: 714816000 bytes
            178704000 values
Number of Dimensions: 4
Dimensions and sizes:	[time | 365] x [level | 17] x [lat | 80] x [lon | 360]
Coordinates: 
            time: [745115..753851]
            level: [1000..100]
            lat: [-39.5..39.5]
            lon: [   0.. 359]
Number Of Attributes: 6
  cell_methods :	time: mean
  missing_value :	-32767
  _FillValue :	-32767
  units :	m s**-1
  long_name :	V component of wind
  standard_name :	northward_wind

Variable: q
Type: float
Total Size: 714816000 bytes
            178704000 values
Number of Dimensions: 4
Dimensions and sizes:	[time | 365] x [level | 17] x [lat | 80] x [lon | 360]
Coordinates: 
            time: [745115..753851]
            level: [1000..100]
            lat: [-39.5..39.5]
            lon: [   0.. 359]
Number Of Attributes: 6
  cell_methods :	time: mean
  missing_value :	-32767
  _FillValue :	-32767
  units :	kg kg**-1
  long_name :	Specific humidity
  standard_name :	specific_humidity
(0)	Calculating temperature tendency...

Variable: dT_dt
Type: float
Total Size: 714816000 bytes
            178704000 values
Number of Dimensions: 4
Dimensions and sizes:	[time | 365] x [level | 17] x [lat | 80] x [lon | 360]
Coordinates: 
            time: [745115..753851]
            level: [1000..100]
            lat: [-39.5..39.5]
            lon: [   0.. 359]
Number Of Attributes: 3
  units :	K/s
  long_name :	Local time derivative of temperature
  _FillValue :	-32767
(0)	Local time derivative of temperature (K/s) : min=-0.000283455   max=0.000222765

Variable: p
Type: float
Total Size: 68 bytes
            17 values
Num1981
 Copyright (C) 1995-2019 - All Rights Reserved
 University Corporation for Atmospheric Research
 NCAR Command Language Version 6.6.2
 The use of this software is governed by a License Agreement.
 See http://www.ncl.ucar.edu/ for more details.
(0)	Script started at: Fri Jul 10 21:30:06 AEST 2026

Variable: coord_model
Type: float
Total Size: 2081376000 bytes
            520344000 values
Number of Dimensions: 4
Dimensions and sizes:	[time | 365] x [level | 22] x [lat | 180] x [lon | 360]
Coordinates: 
            time: [710051..718787]
            level: [10..1000]
            lat: [-89.5..89.5]
            lon: [   0.. 359]
Number Of Attributes: 6
  standard_name :	lagrangian_tendency_of_air_pressure
  long_name :	Vertical velocity
  units :	Pa s**-1
  _FillValue :	-32767
  missing_value :	-32767
  cell_methods :	time: mean
(0)	short2flt: input variable is already type float: Specific humidity
(0)	short2flt: no conversion performed
(0)	short2flt: input variable is already type float: Vertical velocity
(0)	short2flt: no conversion performed
(0)	short2flt: input variable is already type float: U component of wind
(0)	short2flt: no conversion performed
(0)	short2flt: input variable is already type float: V component of wind
(0)	short2flt: no conversion performed
(0)	short2flt: input variable is already type float: Temperature
(0)	short2flt: no conversion performed
(0)	Reading variables...

Variable: w
Type: float
Total Size: 714816000 bytes
            178704000 values
Number of Dimensions: 4
Dimensions and sizes:	[time | 365] x [level | 17] x [lat | 80] x [lon | 360]
Coordinates: 
            time: [710051..718787]
            level: [1000..100]
            lat: [-39.5..39.5]
            lon: [   0.. 359]
Number Of Attributes: 6
  cell_methods :	time: mean
  missing_value :	-32767
  _FillValue :	-32767
  units :	Pa s**-1
  long_name :	Vertical velocity
  standard_name :	lagrangian_tendency_of_air_pressure

Variable: u
Type: float
Total Size: 714816000 bytes
            178704000 values
Number of Dimensions: 4
Dimensions and sizes:	[time | 365] x [level | 17] x [lat | 80] x [lon | 360]
Coordinates: 
            time: [710051..718787]
            level: [1000..100]
            lat: [-39.5..39.5]
            lon: [   0.. 359]
Number Of Attributes: 6
  cell_methods :	time: mean
  missing_value :	-32767
  _FillValue :	-32767
  units :	m s**-1
  long_name :	U component of wind
  standard_name :	eastward_wind

Variable: v
Type: float
Total Size: 714816000 bytes
            178704000 values
Number of Dimensions: 4
Dimensions and sizes:	[time | 365] x [level | 17] x [lat | 80] x [lon | 360]
Coordinates: 
            time: [710051..718787]
            level: [1000..100]
            lat: [-39.5..39.5]
            lon: [   0.. 359]
Number Of Attributes: 6
  cell_methods :	time: mean
  missing_value :	-32767
  _FillValue :	-32767
  units :	m s**-1
  long_name :	V component of wind
  standard_name :	northward_wind

Variable: q
Type: float
Total Size: 714816000 bytes
            178704000 values
Number of Dimensions: 4
Dimensions and sizes:	[time | 365] x [level | 17] x [lat | 80] x [lon | 360]
Coordinates: 
            time: [710051..718787]
            level: [1000..100]
            lat: [-39.5..39.5]
            lon: [   0.. 359]
Number Of Attributes: 6
  cell_methods :	time: mean
  missing_value :	-32767
  _FillValue :	-32767
  units :	kg kg**-1
  long_name :	Specific humidity
  standard_name :	specific_humidity
(0)	Calculating temperature tendency...

Variable: dT_dt
Type: float
Total Size: 714816000 bytes
            178704000 values
Number of Dimensions: 4
Dimensions and sizes:	[time | 365] x [level | 17] x [lat | 80] x [lon | 360]
Coordinates: 
            time: [710051..718787]
            level: [1000..100]
            lat: [-39.5..39.5]
            lon: [   0.. 359]
Number Of Attributes: 3
  units :	K/s
  long_name :	Local time derivative of temperature
  _FillValue :	-32767
(0)	Local time derivative of temperature (K/s) : min=-0.000286186   max=0.000221845

Variable: p
Type: float
Total Size: 68 bytes
            17 values
Num1988
 Copyright (C) 1995-2019 - All Rights Reserved
 University Corporation for Atmospheric Research
 NCAR Command Language Version 6.6.2
 The use of this software is governed by a License Agreement.
 See http://www.ncl.ucar.edu/ for more details.
(0)	Script started at: Fri Jul 10 21:30:06 AEST 2026

Variable: coord_model
Type: float
Total Size: 2087078400 bytes
            521769600 values
Number of Dimensions: 4
Dimensions and sizes:	[time | 366] x [level | 22] x [lat | 180] x [lon | 360]
Coordinates: 
            time: [771395..780155]
            level: [10..1000]
            lat: [-89.5..89.5]
            lon: [   0.. 359]
Number Of Attributes: 6
  standard_name :	lagrangian_tendency_of_air_pressure
  long_name :	Vertical velocity
  units :	Pa s**-1
  _FillValue :	-32767
  missing_value :	-32767
  cell_methods :	time: mean
(0)	short2flt: input variable is already type float: Specific humidity
(0)	short2flt: no conversion performed
(0)	short2flt: input variable is already type float: Vertical velocity
(0)	short2flt: no conversion performed
(0)	short2flt: input variable is already type float: U component of wind
(0)	short2flt: no conversion performed
(0)	short2flt: input variable is already type float: V component of wind
(0)	short2flt: no conversion performed
(0)	short2flt: input variable is already type float: Temperature
(0)	short2flt: no conversion performed
(0)	Reading variables...

Variable: w
Type: float
Total Size: 716774400 bytes
            179193600 values
Number of Dimensions: 4
Dimensions and sizes:	[time | 366] x [level | 17] x [lat | 80] x [lon | 360]
Coordinates: 
            time: [771395..780155]
            level: [1000..100]
            lat: [-39.5..39.5]
            lon: [   0.. 359]
Number Of Attributes: 6
  cell_methods :	time: mean
  missing_value :	-32767
  _FillValue :	-32767
  units :	Pa s**-1
  long_name :	Vertical velocity
  standard_name :	lagrangian_tendency_of_air_pressure

Variable: u
Type: float
Total Size: 716774400 bytes
            179193600 values
Number of Dimensions: 4
Dimensions and sizes:	[time | 366] x [level | 17] x [lat | 80] x [lon | 360]
Coordinates: 
            time: [771395..780155]
            level: [1000..100]
            lat: [-39.5..39.5]
            lon: [   0.. 359]
Number Of Attributes: 6
  cell_methods :	time: mean
  missing_value :	-32767
  _FillValue :	-32767
  units :	m s**-1
  long_name :	U component of wind
  standard_name :	eastward_wind

Variable: v
Type: float
Total Size: 716774400 bytes
            179193600 values
Number of Dimensions: 4
Dimensions and sizes:	[time | 366] x [level | 17] x [lat | 80] x [lon | 360]
Coordinates: 
            time: [771395..780155]
            level: [1000..100]
            lat: [-39.5..39.5]
            lon: [   0.. 359]
Number Of Attributes: 6
  cell_methods :	time: mean
  missing_value :	-32767
  _FillValue :	-32767
  units :	m s**-1
  long_name :	V component of wind
  standard_name :	northward_wind

Variable: q
Type: float
Total Size: 716774400 bytes
            179193600 values
Number of Dimensions: 4
Dimensions and sizes:	[time | 366] x [level | 17] x [lat | 80] x [lon | 360]
Coordinates: 
            time: [771395..780155]
            level: [1000..100]
            lat: [-39.5..39.5]
            lon: [   0.. 359]
Number Of Attributes: 6
  cell_methods :	time: mean
  missing_value :	-32767
  _FillValue :	-32767
  units :	kg kg**-1
  long_name :	Specific humidity
  standard_name :	specific_humidity
(0)	Calculating temperature tendency...

Variable: dT_dt
Type: float
Total Size: 716774400 bytes
            179193600 values
Number of Dimensions: 4
Dimensions and sizes:	[time | 366] x [level | 17] x [lat | 80] x [lon | 360]
Coordinates: 
            time: [771395..780155]
            level: [1000..100]
            lat: [-39.5..39.5]
            lon: [   0.. 359]
Number Of Attributes: 3
  units :	K/s
  long_name :	Local time derivative of temperature
  _FillValue :	-32767
(0)	Local time derivative of temperature (K/s) : min=-0.000246683   max=0.000244817

Variable: p
Type: float
Total Size: 68 bytes
            17 values
Num1986
 Copyright (C) 1995-2019 - All Rights Reserved
 University Corporation for Atmospheric Research
 NCAR Command Language Version 6.6.2
 The use of this software is governed by a License Agreement.
 See http://www.ncl.ucar.edu/ for more details.
(0)	Script started at: Fri Jul 10 21:30:06 AEST 2026

Variable: coord_model
Type: float
Total Size: 2081376000 bytes
            520344000 values
Number of Dimensions: 4
Dimensions and sizes:	[time | 365] x [level | 22] x [lat | 180] x [lon | 360]
Coordinates: 
            time: [753875..762611]
            level: [10..1000]
            lat: [-89.5..89.5]
            lon: [   0.. 359]
Number Of Attributes: 6
  standard_name :	lagrangian_tendency_of_air_pressure
  long_name :	Vertical velocity
  units :	Pa s**-1
  _FillValue :	-32767
  missing_value :	-32767
  cell_methods :	time: mean
(0)	short2flt: input variable is already type float: Specific humidity
(0)	short2flt: no conversion performed
(0)	short2flt: input variable is already type float: Vertical velocity
(0)	short2flt: no conversion performed
(0)	short2flt: input variable is already type float: U component of wind
(0)	short2flt: no conversion performed
(0)	short2flt: input variable is already type float: V component of wind
(0)	short2flt: no conversion performed
(0)	short2flt: input variable is already type float: Temperature
(0)	short2flt: no conversion performed
(0)	Reading variables...

Variable: w
Type: float
Total Size: 714816000 bytes
            178704000 values
Number of Dimensions: 4
Dimensions and sizes:	[time | 365] x [level | 17] x [lat | 80] x [lon | 360]
Coordinates: 
            time: [753875..762611]
            level: [1000..100]
            lat: [-39.5..39.5]
            lon: [   0.. 359]
Number Of Attributes: 6
  cell_methods :	time: mean
  missing_value :	-32767
  _FillValue :	-32767
  units :	Pa s**-1
  long_name :	Vertical velocity
  standard_name :	lagrangian_tendency_of_air_pressure

Variable: u
Type: float
Total Size: 714816000 bytes
            178704000 values
Number of Dimensions: 4
Dimensions and sizes:	[time | 365] x [level | 17] x [lat | 80] x [lon | 360]
Coordinates: 
            time: [753875..762611]
            level: [1000..100]
            lat: [-39.5..39.5]
            lon: [   0.. 359]
Number Of Attributes: 6
  cell_methods :	time: mean
  missing_value :	-32767
  _FillValue :	-32767
  units :	m s**-1
  long_name :	U component of wind
  standard_name :	eastward_wind

Variable: v
Type: float
Total Size: 714816000 bytes
            178704000 values
Number of Dimensions: 4
Dimensions and sizes:	[time | 365] x [level | 17] x [lat | 80] x [lon | 360]
Coordinates: 
            time: [753875..762611]
            level: [1000..100]
            lat: [-39.5..39.5]
            lon: [   0.. 359]
Number Of Attributes: 6
  cell_methods :	time: mean
  missing_value :	-32767
  _FillValue :	-32767
  units :	m s**-1
  long_name :	V component of wind
  standard_name :	northward_wind

Variable: q
Type: float
Total Size: 714816000 bytes
            178704000 values
Number of Dimensions: 4
Dimensions and sizes:	[time | 365] x [level | 17] x [lat | 80] x [lon | 360]
Coordinates: 
            time: [753875..762611]
            level: [1000..100]
            lat: [-39.5..39.5]
            lon: [   0.. 359]
Number Of Attributes: 6
  cell_methods :	time: mean
  missing_value :	-32767
  _FillValue :	-32767
  units :	kg kg**-1
  long_name :	Specific humidity
  standard_name :	specific_humidity
(0)	Calculating temperature tendency...

Variable: dT_dt
Type: float
Total Size: 714816000 bytes
            178704000 values
Number of Dimensions: 4
Dimensions and sizes:	[time | 365] x [level | 17] x [lat | 80] x [lon | 360]
Coordinates: 
            time: [753875..762611]
            level: [1000..100]
            lat: [-39.5..39.5]
            lon: [   0.. 359]
Number Of Attributes: 3
  units :	K/s
  long_name :	Local time derivative of temperature
  _FillValue :	-32767
(0)	Local time derivative of temperature (K/s) : min=-0.00028183   max=0.000250413

Variable: p
Type: float
Total Size: 68 bytes
            17 values
Numb1979
 Copyright (C) 1995-2019 - All Rights Reserved
 University Corporation for Atmospheric Research
 NCAR Command Language Version 6.6.2
 The use of this software is governed by a License Agreement.
 See http://www.ncl.ucar.edu/ for more details.
(0)	Script started at: Fri Jul 10 21:30:06 AEST 2026

Variable: coord_model
Type: float
Total Size: 2081376000 bytes
            520344000 values
Number of Dimensions: 4
Dimensions and sizes:	[time | 365] x [level | 22] x [lat | 180] x [lon | 360]
Coordinates: 
            time: [692507..701243]
            level: [10..1000]
            lat: [-89.5..89.5]
            lon: [   0.. 359]
Number Of Attributes: 6
  standard_name :	lagrangian_tendency_of_air_pressure
  long_name :	Vertical velocity
  units :	Pa s**-1
  _FillValue :	-32767
  missing_value :	-32767
  cell_methods :	time: mean
(0)	short2flt: input variable is already type float: Specific humidity
(0)	short2flt: no conversion performed
(0)	short2flt: input variable is already type float: Vertical velocity
(0)	short2flt: no conversion performed
(0)	short2flt: input variable is already type float: U component of wind
(0)	short2flt: no conversion performed
(0)	short2flt: input variable is already type float: V component of wind
(0)	short2flt: no conversion performed
(0)	short2flt: input variable is already type float: Temperature
(0)	short2flt: no conversion performed
(0)	Reading variables...

Variable: w
Type: float
Total Size: 714816000 bytes
            178704000 values
Number of Dimensions: 4
Dimensions and sizes:	[time | 365] x [level | 17] x [lat | 80] x [lon | 360]
Coordinates: 
            time: [692507..701243]
            level: [1000..100]
            lat: [-39.5..39.5]
            lon: [   0.. 359]
Number Of Attributes: 6
  cell_methods :	time: mean
  missing_value :	-32767
  _FillValue :	-32767
  units :	Pa s**-1
  long_name :	Vertical velocity
  standard_name :	lagrangian_tendency_of_air_pressure

Variable: u
Type: float
Total Size: 714816000 bytes
            178704000 values
Number of Dimensions: 4
Dimensions and sizes:	[time | 365] x [level | 17] x [lat | 80] x [lon | 360]
Coordinates: 
            time: [692507..701243]
            level: [1000..100]
            lat: [-39.5..39.5]
            lon: [   0.. 359]
Number Of Attributes: 6
  cell_methods :	time: mean
  missing_value :	-32767
  _FillValue :	-32767
  units :	m s**-1
  long_name :	U component of wind
  standard_name :	eastward_wind

Variable: v
Type: float
Total Size: 714816000 bytes
            178704000 values
Number of Dimensions: 4
Dimensions and sizes:	[time | 365] x [level | 17] x [lat | 80] x [lon | 360]
Coordinates: 
            time: [692507..701243]
            level: [1000..100]
            lat: [-39.5..39.5]
            lon: [   0.. 359]
Number Of Attributes: 6
  cell_methods :	time: mean
  missing_value :	-32767
  _FillValue :	-32767
  units :	m s**-1
  long_name :	V component of wind
  standard_name :	northward_wind

Variable: q
Type: float
Total Size: 714816000 bytes
            178704000 values
Number of Dimensions: 4
Dimensions and sizes:	[time | 365] x [level | 17] x [lat | 80] x [lon | 360]
Coordinates: 
            time: [692507..701243]
            level: [1000..100]
            lat: [-39.5..39.5]
            lon: [   0.. 359]
Number Of Attributes: 6
  cell_methods :	time: mean
  missing_value :	-32767
  _FillValue :	-32767
  units :	kg kg**-1
  long_name :	Specific humidity
  standard_name :	specific_humidity
(0)	Calculating temperature tendency...

Variable: dT_dt
Type: float
Total Size: 714816000 bytes
            178704000 values
Number of Dimensions: 4
Dimensions and sizes:	[time | 365] x [level | 17] x [lat | 80] x [lon | 360]
Coordinates: 
            time: [692507..701243]
            level: [1000..100]
            lat: [-39.5..39.5]
            lon: [   0.. 359]
Number Of Attributes: 3
  units :	K/s
  long_name :	Local time derivative of temperature
  _FillValue :	-32767
(0)	Local time derivative of temperature (K/s) : min=-0.00032382   max=0.000250881

Variable: p
Type: float
Total Size: 68 bytes
            17 values
Numb1996
 Copyright (C) 1995-2019 - All Rights Reserved
 University Corporation for Atmospheric Research
 NCAR Command Language Version 6.6.2
 The use of this software is governed by a License Agreement.
 See http://www.ncl.ucar.edu/ for more details.
(0)	Script started at: Fri Jul 10 21:30:06 AEST 2026

Variable: coord_model
Type: float
Total Size: 2087078400 bytes
            521769600 values
Number of Dimensions: 4
Dimensions and sizes:	[time | 366] x [level | 22] x [lat | 180] x [lon | 360]
Coordinates: 
            time: [841523..850283]
            level: [10..1000]
            lat: [-89.5..89.5]
            lon: [   0.. 359]
Number Of Attributes: 6
  standard_name :	lagrangian_tendency_of_air_pressure
  long_name :	Vertical velocity
  units :	Pa s**-1
  _FillValue :	-32767
  missing_value :	-32767
  cell_methods :	time: mean
(0)	short2flt: input variable is already type float: Specific humidity
(0)	short2flt: no conversion performed
(0)	short2flt: input variable is already type float: Vertical velocity
(0)	short2flt: no conversion performed
(0)	short2flt: input variable is already type float: U component of wind
(0)	short2flt: no conversion performed
(0)	short2flt: input variable is already type float: V component of wind
(0)	short2flt: no conversion performed
(0)	short2flt: input variable is already type float: Temperature
(0)	short2flt: no conversion performed
(0)	Reading variables...

Variable: w
Type: float
Total Size: 716774400 bytes
            179193600 values
Number of Dimensions: 4
Dimensions and sizes:	[time | 366] x [level | 17] x [lat | 80] x [lon | 360]
Coordinates: 
            time: [841523..850283]
            level: [1000..100]
            lat: [-39.5..39.5]
            lon: [   0.. 359]
Number Of Attributes: 6
  cell_methods :	time: mean
  missing_value :	-32767
  _FillValue :	-32767
  units :	Pa s**-1
  long_name :	Vertical velocity
  standard_name :	lagrangian_tendency_of_air_pressure

Variable: u
Type: float
Total Size: 716774400 bytes
            179193600 values
Number of Dimensions: 4
Dimensions and sizes:	[time | 366] x [level | 17] x [lat | 80] x [lon | 360]
Coordinates: 
            time: [841523..850283]
            level: [1000..100]
            lat: [-39.5..39.5]
            lon: [   0.. 359]
Number Of Attributes: 6
  cell_methods :	time: mean
  missing_value :	-32767
  _FillValue :	-32767
  units :	m s**-1
  long_name :	U component of wind
  standard_name :	eastward_wind

Variable: v
Type: float
Total Size: 716774400 bytes
            179193600 values
Number of Dimensions: 4
Dimensions and sizes:	[time | 366] x [level | 17] x [lat | 80] x [lon | 360]
Coordinates: 
            time: [841523..850283]
            level: [1000..100]
            lat: [-39.5..39.5]
            lon: [   0.. 359]
Number Of Attributes: 6
  cell_methods :	time: mean
  missing_value :	-32767
  _FillValue :	-32767
  units :	m s**-1
  long_name :	V component of wind
  standard_name :	northward_wind

Variable: q
Type: float
Total Size: 716774400 bytes
            179193600 values
Number of Dimensions: 4
Dimensions and sizes:	[time | 366] x [level | 17] x [lat | 80] x [lon | 360]
Coordinates: 
            time: [841523..850283]
            level: [1000..100]
            lat: [-39.5..39.5]
            lon: [   0.. 359]
Number Of Attributes: 6
  cell_methods :	time: mean
  missing_value :	-32767
  _FillValue :	-32767
  units :	kg kg**-1
  long_name :	Specific humidity
  standard_name :	specific_humidity
(0)	Calculating temperature tendency...

Variable: dT_dt
Type: float
Total Size: 716774400 bytes
            179193600 values
Number of Dimensions: 4
Dimensions and sizes:	[time | 366] x [level | 17] x [lat | 80] x [lon | 360]
Coordinates: 
            time: [841523..850283]
            level: [1000..100]
            lat: [-39.5..39.5]
            lon: [   0.. 359]
Number Of Attributes: 3
  units :	K/s
  long_name :	Local time derivative of temperature
  _FillValue :	-32767
(0)	Local time derivative of temperature (K/s) : min=-0.000341606   max=0.000238222

Variable: p
Type: float
Total Size: 68 bytes
            17 values
Num1995
 Copyright (C) 1995-2019 - All Rights Reserved
 University Corporation for Atmospheric Research
 NCAR Command Language Version 6.6.2
 The use of this software is governed by a License Agreement.
 See http://www.ncl.ucar.edu/ for more details.
(0)	Script started at: Fri Jul 10 21:30:06 AEST 2026

Variable: coord_model
Type: float
Total Size: 2081376000 bytes
            520344000 values
Number of Dimensions: 4
Dimensions and sizes:	[time | 365] x [level | 22] x [lat | 180] x [lon | 360]
Coordinates: 
            time: [832763..841499]
            level: [10..1000]
            lat: [-89.5..89.5]
            lon: [   0.. 359]
Number Of Attributes: 6
  standard_name :	lagrangian_tendency_of_air_pressure
  long_name :	Vertical velocity
  units :	Pa s**-1
  _FillValue :	-32767
  missing_value :	-32767
  cell_methods :	time: mean
(0)	short2flt: input variable is already type float: Specific humidity
(0)	short2flt: no conversion performed
(0)	short2flt: input variable is already type float: Vertical velocity
(0)	short2flt: no conversion performed
(0)	short2flt: input variable is already type float: U component of wind
(0)	short2flt: no conversion performed
(0)	short2flt: input variable is already type float: V component of wind
(0)	short2flt: no conversion performed
(0)	short2flt: input variable is already type float: Temperature
(0)	short2flt: no conversion performed
(0)	Reading variables...

Variable: w
Type: float
Total Size: 714816000 bytes
            178704000 values
Number of Dimensions: 4
Dimensions and sizes:	[time | 365] x [level | 17] x [lat | 80] x [lon | 360]
Coordinates: 
            time: [832763..841499]
            level: [1000..100]
            lat: [-39.5..39.5]
            lon: [   0.. 359]
Number Of Attributes: 6
  cell_methods :	time: mean
  missing_value :	-32767
  _FillValue :	-32767
  units :	Pa s**-1
  long_name :	Vertical velocity
  standard_name :	lagrangian_tendency_of_air_pressure

Variable: u
Type: float
Total Size: 714816000 bytes
            178704000 values
Number of Dimensions: 4
Dimensions and sizes:	[time | 365] x [level | 17] x [lat | 80] x [lon | 360]
Coordinates: 
            time: [832763..841499]
            level: [1000..100]
            lat: [-39.5..39.5]
            lon: [   0.. 359]
Number Of Attributes: 6
  cell_methods :	time: mean
  missing_value :	-32767
  _FillValue :	-32767
  units :	m s**-1
  long_name :	U component of wind
  standard_name :	eastward_wind

Variable: v
Type: float
Total Size: 714816000 bytes
            178704000 values
Number of Dimensions: 4
Dimensions and sizes:	[time | 365] x [level | 17] x [lat | 80] x [lon | 360]
Coordinates: 
            time: [832763..841499]
            level: [1000..100]
            lat: [-39.5..39.5]
            lon: [   0.. 359]
Number Of Attributes: 6
  cell_methods :	time: mean
  missing_value :	-32767
  _FillValue :	-32767
  units :	m s**-1
  long_name :	V component of wind
  standard_name :	northward_wind

Variable: q
Type: float
Total Size: 714816000 bytes
            178704000 values
Number of Dimensions: 4
Dimensions and sizes:	[time | 365] x [level | 17] x [lat | 80] x [lon | 360]
Coordinates: 
            time: [832763..841499]
            level: [1000..100]
            lat: [-39.5..39.5]
            lon: [   0.. 359]
Number Of Attributes: 6
  cell_methods :	time: mean
  missing_value :	-32767
  _FillValue :	-32767
  units :	kg kg**-1
  long_name :	Specific humidity
  standard_name :	specific_humidity
(0)	Calculating temperature tendency...

Variable: dT_dt
Type: float
Total Size: 714816000 bytes
            178704000 values
Number of Dimensions: 4
Dimensions and sizes:	[time | 365] x [level | 17] x [lat | 80] x [lon | 360]
Coordinates: 
            time: [832763..841499]
            level: [1000..100]
            lat: [-39.5..39.5]
            lon: [   0.. 359]
Number Of Attributes: 3
  units :	K/s
  long_name :	Local time derivative of temperature
  _FillValue :	-32767
(0)	Local time derivative of temperature (K/s) : min=-0.000262524   max=0.000221403

Variable: p
Type: float
Total Size: 68 bytes
            17 values
Num1998
 Copyright (C) 1995-2019 - All Rights Reserved
 University Corporation for Atmospheric Research
 NCAR Command Language Version 6.6.2
 The use of this software is governed by a License Agreement.
 See http://www.ncl.ucar.edu/ for more details.
(0)	Script started at: Fri Jul 10 21:30:06 AEST 2026

Variable: coord_model
Type: float
Total Size: 2081376000 bytes
            520344000 values
Number of Dimensions: 4
Dimensions and sizes:	[time | 365] x [level | 22] x [lat | 180] x [lon | 360]
Coordinates: 
            time: [859067..867803]
            level: [10..1000]
            lat: [-89.5..89.5]
            lon: [   0.. 359]
Number Of Attributes: 6
  standard_name :	lagrangian_tendency_of_air_pressure
  long_name :	Vertical velocity
  units :	Pa s**-1
  _FillValue :	-32767
  missing_value :	-32767
  cell_methods :	time: mean
(0)	short2flt: input variable is already type float: Specific humidity
(0)	short2flt: no conversion performed
(0)	short2flt: input variable is already type float: Vertical velocity
(0)	short2flt: no conversion performed
(0)	short2flt: input variable is already type float: U component of wind
(0)	short2flt: no conversion performed
(0)	short2flt: input variable is already type float: V component of wind
(0)	short2flt: no conversion performed
(0)	short2flt: input variable is already type float: Temperature
(0)	short2flt: no conversion performed
(0)	Reading variables...

Variable: w
Type: float
Total Size: 714816000 bytes
            178704000 values
Number of Dimensions: 4
Dimensions and sizes:	[time | 365] x [level | 17] x [lat | 80] x [lon | 360]
Coordinates: 
            time: [859067..867803]
            level: [1000..100]
            lat: [-39.5..39.5]
            lon: [   0.. 359]
Number Of Attributes: 6
  cell_methods :	time: mean
  missing_value :	-32767
  _FillValue :	-32767
  units :	Pa s**-1
  long_name :	Vertical velocity
  standard_name :	lagrangian_tendency_of_air_pressure

Variable: u
Type: float
Total Size: 714816000 bytes
            178704000 values
Number of Dimensions: 4
Dimensions and sizes:	[time | 365] x [level | 17] x [lat | 80] x [lon | 360]
Coordinates: 
            time: [859067..867803]
            level: [1000..100]
            lat: [-39.5..39.5]
            lon: [   0.. 359]
Number Of Attributes: 6
  cell_methods :	time: mean
  missing_value :	-32767
  _FillValue :	-32767
  units :	m s**-1
  long_name :	U component of wind
  standard_name :	eastward_wind

Variable: v
Type: float
Total Size: 714816000 bytes
            178704000 values
Number of Dimensions: 4
Dimensions and sizes:	[time | 365] x [level | 17] x [lat | 80] x [lon | 360]
Coordinates: 
            time: [859067..867803]
            level: [1000..100]
            lat: [-39.5..39.5]
            lon: [   0.. 359]
Number Of Attributes: 6
  cell_methods :	time: mean
  missing_value :	-32767
  _FillValue :	-32767
  units :	m s**-1
  long_name :	V component of wind
  standard_name :	northward_wind

Variable: q
Type: float
Total Size: 714816000 bytes
            178704000 values
Number of Dimensions: 4
Dimensions and sizes:	[time | 365] x [level | 17] x [lat | 80] x [lon | 360]
Coordinates: 
            time: [859067..867803]
            level: [1000..100]
            lat: [-39.5..39.5]
            lon: [   0.. 359]
Number Of Attributes: 6
  cell_methods :	time: mean
  missing_value :	-32767
  _FillValue :	-32767
  units :	kg kg**-1
  long_name :	Specific humidity
  standard_name :	specific_humidity
(0)	Calculating temperature tendency...

Variable: dT_dt
Type: float
Total Size: 714816000 bytes
            178704000 values
Number of Dimensions: 4
Dimensions and sizes:	[time | 365] x [level | 17] x [lat | 80] x [lon | 360]
Coordinates: 
            time: [859067..867803]
            level: [1000..100]
            lat: [-39.5..39.5]
            lon: [   0.. 359]
Number Of Attributes: 3
  units :	K/s
  long_name :	Local time derivative of temperature
  _FillValue :	-32767
(0)	Local time derivative of temperature (K/s) : min=-0.000287796   max=0.00024377

Variable: p
Type: float
Total Size: 68 bytes
            17 values
Numb1997
 Copyright (C) 1995-2019 - All Rights Reserved
 University Corporation for Atmospheric Research
 NCAR Command Language Version 6.6.2
 The use of this software is governed by a License Agreement.
 See http://www.ncl.ucar.edu/ for more details.
(0)	Script started at: Fri Jul 10 21:30:06 AEST 2026

Variable: coord_model
Type: float
Total Size: 2081376000 bytes
            520344000 values
Number of Dimensions: 4
Dimensions and sizes:	[time | 365] x [level | 22] x [lat | 180] x [lon | 360]
Coordinates: 
            time: [850307..859043]
            level: [10..1000]
            lat: [-89.5..89.5]
            lon: [   0.. 359]
Number Of Attributes: 6
  standard_name :	lagrangian_tendency_of_air_pressure
  long_name :	Vertical velocity
  units :	Pa s**-1
  _FillValue :	-32767
  missing_value :	-32767
  cell_methods :	time: mean
(0)	short2flt: input variable is already type float: Specific humidity
(0)	short2flt: no conversion performed
(0)	short2flt: input variable is already type float: Vertical velocity
(0)	short2flt: no conversion performed
(0)	short2flt: input variable is already type float: U component of wind
(0)	short2flt: no conversion performed
(0)	short2flt: input variable is already type float: V component of wind
(0)	short2flt: no conversion performed
(0)	short2flt: input variable is already type float: Temperature
(0)	short2flt: no conversion performed
(0)	Reading variables...

Variable: w
Type: float
Total Size: 714816000 bytes
            178704000 values
Number of Dimensions: 4
Dimensions and sizes:	[time | 365] x [level | 17] x [lat | 80] x [lon | 360]
Coordinates: 
            time: [850307..859043]
            level: [1000..100]
            lat: [-39.5..39.5]
            lon: [   0.. 359]
Number Of Attributes: 6
  cell_methods :	time: mean
  missing_value :	-32767
  _FillValue :	-32767
  units :	Pa s**-1
  long_name :	Vertical velocity
  standard_name :	lagrangian_tendency_of_air_pressure

Variable: u
Type: float
Total Size: 714816000 bytes
            178704000 values
Number of Dimensions: 4
Dimensions and sizes:	[time | 365] x [level | 17] x [lat | 80] x [lon | 360]
Coordinates: 
            time: [850307..859043]
            level: [1000..100]
            lat: [-39.5..39.5]
            lon: [   0.. 359]
Number Of Attributes: 6
  cell_methods :	time: mean
  missing_value :	-32767
  _FillValue :	-32767
  units :	m s**-1
  long_name :	U component of wind
  standard_name :	eastward_wind

Variable: v
Type: float
Total Size: 714816000 bytes
            178704000 values
Number of Dimensions: 4
Dimensions and sizes:	[time | 365] x [level | 17] x [lat | 80] x [lon | 360]
Coordinates: 
            time: [850307..859043]
            level: [1000..100]
            lat: [-39.5..39.5]
            lon: [   0.. 359]
Number Of Attributes: 6
  cell_methods :	time: mean
  missing_value :	-32767
  _FillValue :	-32767
  units :	m s**-1
  long_name :	V component of wind
  standard_name :	northward_wind

Variable: q
Type: float
Total Size: 714816000 bytes
            178704000 values
Number of Dimensions: 4
Dimensions and sizes:	[time | 365] x [level | 17] x [lat | 80] x [lon | 360]
Coordinates: 
            time: [850307..859043]
            level: [1000..100]
            lat: [-39.5..39.5]
            lon: [   0.. 359]
Number Of Attributes: 6
  cell_methods :	time: mean
  missing_value :	-32767
  _FillValue :	-32767
  units :	kg kg**-1
  long_name :	Specific humidity
  standard_name :	specific_humidity
(0)	Calculating temperature tendency...

Variable: dT_dt
Type: float
Total Size: 714816000 bytes
            178704000 values
Number of Dimensions: 4
Dimensions and sizes:	[time | 365] x [level | 17] x [lat | 80] x [lon | 360]
Coordinates: 
            time: [850307..859043]
            level: [1000..100]
            lat: [-39.5..39.5]
            lon: [   0.. 359]
Number Of Attributes: 3
  units :	K/s
  long_name :	Local time derivative of temperature
  _FillValue :	-32767
(0)	Local time derivative of temperature (K/s) : min=-0.000249603   max=0.000219634

Variable: p
Type: float
Total Size: 68 bytes
            17 values
Num1993
 Copyright (C) 1995-2019 - All Rights Reserved
 University Corporation for Atmospheric Research
 NCAR Command Language Version 6.6.2
 The use of this software is governed by a License Agreement.
 See http://www.ncl.ucar.edu/ for more details.
(0)	Script started at: Fri Jul 10 21:30:06 AEST 2026

Variable: coord_model
Type: float
Total Size: 2081376000 bytes
            520344000 values
Number of Dimensions: 4
Dimensions and sizes:	[time | 365] x [level | 22] x [lat | 180] x [lon | 360]
Coordinates: 
            time: [815243..823979]
            level: [10..1000]
            lat: [-89.5..89.5]
            lon: [   0.. 359]
Number Of Attributes: 6
  standard_name :	lagrangian_tendency_of_air_pressure
  long_name :	Vertical velocity
  units :	Pa s**-1
  _FillValue :	-32767
  missing_value :	-32767
  cell_methods :	time: mean
(0)	short2flt: input variable is already type float: Specific humidity
(0)	short2flt: no conversion performed
(0)	short2flt: input variable is already type float: Vertical velocity
(0)	short2flt: no conversion performed
(0)	short2flt: input variable is already type float: U component of wind
(0)	short2flt: no conversion performed
(0)	short2flt: input variable is already type float: V component of wind
(0)	short2flt: no conversion performed
(0)	short2flt: input variable is already type float: Temperature
(0)	short2flt: no conversion performed
(0)	Reading variables...

Variable: w
Type: float
Total Size: 714816000 bytes
            178704000 values
Number of Dimensions: 4
Dimensions and sizes:	[time | 365] x [level | 17] x [lat | 80] x [lon | 360]
Coordinates: 
            time: [815243..823979]
            level: [1000..100]
            lat: [-39.5..39.5]
            lon: [   0.. 359]
Number Of Attributes: 6
  cell_methods :	time: mean
  missing_value :	-32767
  _FillValue :	-32767
  units :	Pa s**-1
  long_name :	Vertical velocity
  standard_name :	lagrangian_tendency_of_air_pressure

Variable: u
Type: float
Total Size: 714816000 bytes
            178704000 values
Number of Dimensions: 4
Dimensions and sizes:	[time | 365] x [level | 17] x [lat | 80] x [lon | 360]
Coordinates: 
            time: [815243..823979]
            level: [1000..100]
            lat: [-39.5..39.5]
            lon: [   0.. 359]
Number Of Attributes: 6
  cell_methods :	time: mean
  missing_value :	-32767
  _FillValue :	-32767
  units :	m s**-1
  long_name :	U component of wind
  standard_name :	eastward_wind

Variable: v
Type: float
Total Size: 714816000 bytes
            178704000 values
Number of Dimensions: 4
Dimensions and sizes:	[time | 365] x [level | 17] x [lat | 80] x [lon | 360]
Coordinates: 
            time: [815243..823979]
            level: [1000..100]
            lat: [-39.5..39.5]
            lon: [   0.. 359]
Number Of Attributes: 6
  cell_methods :	time: mean
  missing_value :	-32767
  _FillValue :	-32767
  units :	m s**-1
  long_name :	V component of wind
  standard_name :	northward_wind

Variable: q
Type: float
Total Size: 714816000 bytes
            178704000 values
Number of Dimensions: 4
Dimensions and sizes:	[time | 365] x [level | 17] x [lat | 80] x [lon | 360]
Coordinates: 
            time: [815243..823979]
            level: [1000..100]
            lat: [-39.5..39.5]
            lon: [   0.. 359]
Number Of Attributes: 6
  cell_methods :	time: mean
  missing_value :	-32767
  _FillValue :	-32767
  units :	kg kg**-1
  long_name :	Specific humidity
  standard_name :	specific_humidity
(0)	Calculating temperature tendency...

Variable: dT_dt
Type: float
Total Size: 714816000 bytes
            178704000 values
Number of Dimensions: 4
Dimensions and sizes:	[time | 365] x [level | 17] x [lat | 80] x [lon | 360]
Coordinates: 
            time: [815243..823979]
            level: [1000..100]
            lat: [-39.5..39.5]
            lon: [   0.. 359]
Number Of Attributes: 3
  units :	K/s
  long_name :	Local time derivative of temperature
  _FillValue :	-32767
(0)	Local time derivative of temperature (K/s) : min=-0.000275348   max=0.000239437

Variable: p
Type: float
Total Size: 68 bytes
            17 values
Num1987
 Copyright (C) 1995-2019 - All Rights Reserved
 University Corporation for Atmospheric Research
 NCAR Command Language Version 6.6.2
 The use of this software is governed by a License Agreement.
 See http://www.ncl.ucar.edu/ for more details.
(0)	Script started at: Fri Jul 10 21:30:06 AEST 2026

Variable: coord_model
Type: float
Total Size: 2081376000 bytes
            520344000 values
Number of Dimensions: 4
Dimensions and sizes:	[time | 365] x [level | 22] x [lat | 180] x [lon | 360]
Coordinates: 
            time: [762635..771371]
            level: [10..1000]
            lat: [-89.5..89.5]
            lon: [   0.. 359]
Number Of Attributes: 6
  standard_name :	lagrangian_tendency_of_air_pressure
  long_name :	Vertical velocity
  units :	Pa s**-1
  _FillValue :	-32767
  missing_value :	-32767
  cell_methods :	time: mean
(0)	short2flt: input variable is already type float: Specific humidity
(0)	short2flt: no conversion performed
(0)	short2flt: input variable is already type float: Vertical velocity
(0)	short2flt: no conversion performed
(0)	short2flt: input variable is already type float: U component of wind
(0)	short2flt: no conversion performed
(0)	short2flt: input variable is already type float: V component of wind
(0)	short2flt: no conversion performed
(0)	short2flt: input variable is already type float: Temperature
(0)	short2flt: no conversion performed
(0)	Reading variables...

Variable: w
Type: float
Total Size: 714816000 bytes
            178704000 values
Number of Dimensions: 4
Dimensions and sizes:	[time | 365] x [level | 17] x [lat | 80] x [lon | 360]
Coordinates: 
            time: [762635..771371]
            level: [1000..100]
            lat: [-39.5..39.5]
            lon: [   0.. 359]
Number Of Attributes: 6
  cell_methods :	time: mean
  missing_value :	-32767
  _FillValue :	-32767
  units :	Pa s**-1
  long_name :	Vertical velocity
  standard_name :	lagrangian_tendency_of_air_pressure

Variable: u
Type: float
Total Size: 714816000 bytes
            178704000 values
Number of Dimensions: 4
Dimensions and sizes:	[time | 365] x [level | 17] x [lat | 80] x [lon | 360]
Coordinates: 
            time: [762635..771371]
            level: [1000..100]
            lat: [-39.5..39.5]
            lon: [   0.. 359]
Number Of Attributes: 6
  cell_methods :	time: mean
  missing_value :	-32767
  _FillValue :	-32767
  units :	m s**-1
  long_name :	U component of wind
  standard_name :	eastward_wind

Variable: v
Type: float
Total Size: 714816000 bytes
            178704000 values
Number of Dimensions: 4
Dimensions and sizes:	[time | 365] x [level | 17] x [lat | 80] x [lon | 360]
Coordinates: 
            time: [762635..771371]
            level: [1000..100]
            lat: [-39.5..39.5]
            lon: [   0.. 359]
Number Of Attributes: 6
  cell_methods :	time: mean
  missing_value :	-32767
  _FillValue :	-32767
  units :	m s**-1
  long_name :	V component of wind
  standard_name :	northward_wind

Variable: q
Type: float
Total Size: 714816000 bytes
            178704000 values
Number of Dimensions: 4
Dimensions and sizes:	[time | 365] x [level | 17] x [lat | 80] x [lon | 360]
Coordinates: 
            time: [762635..771371]
            level: [1000..100]
            lat: [-39.5..39.5]
            lon: [   0.. 359]
Number Of Attributes: 6
  cell_methods :	time: mean
  missing_value :	-32767
  _FillValue :	-32767
  units :	kg kg**-1
  long_name :	Specific humidity
  standard_name :	specific_humidity
(0)	Calculating temperature tendency...

Variable: dT_dt
Type: float
Total Size: 714816000 bytes
            178704000 values
Number of Dimensions: 4
Dimensions and sizes:	[time | 365] x [level | 17] x [lat | 80] x [lon | 360]
Coordinates: 
            time: [762635..771371]
            level: [1000..100]
            lat: [-39.5..39.5]
            lon: [   0.. 359]
Number Of Attributes: 3
  units :	K/s
  long_name :	Local time derivative of temperature
  _FillValue :	-32767
(0)	Local time derivative of temperature (K/s) : min=-0.0002423   max=0.000228167

Variable: p
Type: float
Total Size: 68 bytes
            17 values
Numbe1989
 Copyright (C) 1995-2019 - All Rights Reserved
 University Corporation for Atmospheric Research
 NCAR Command Language Version 6.6.2
 The use of this software is governed by a License Agreement.
 See http://www.ncl.ucar.edu/ for more details.
(0)	Script started at: Fri Jul 10 21:30:06 AEST 2026

Variable: coord_model
Type: float
Total Size: 2081376000 bytes
            520344000 values
Number of Dimensions: 4
Dimensions and sizes:	[time | 365] x [level | 22] x [lat | 180] x [lon | 360]
Coordinates: 
            time: [780179..788915]
            level: [10..1000]
            lat: [-89.5..89.5]
            lon: [   0.. 359]
Number Of Attributes: 6
  standard_name :	lagrangian_tendency_of_air_pressure
  long_name :	Vertical velocity
  units :	Pa s**-1
  _FillValue :	-32767
  missing_value :	-32767
  cell_methods :	time: mean
(0)	short2flt: input variable is already type float: Specific humidity
(0)	short2flt: no conversion performed
(0)	short2flt: input variable is already type float: Vertical velocity
(0)	short2flt: no conversion performed
(0)	short2flt: input variable is already type float: U component of wind
(0)	short2flt: no conversion performed
(0)	short2flt: input variable is already type float: V component of wind
(0)	short2flt: no conversion performed
(0)	short2flt: input variable is already type float: Temperature
(0)	short2flt: no conversion performed
(0)	Reading variables...

Variable: w
Type: float
Total Size: 714816000 bytes
            178704000 values
Number of Dimensions: 4
Dimensions and sizes:	[time | 365] x [level | 17] x [lat | 80] x [lon | 360]
Coordinates: 
            time: [780179..788915]
            level: [1000..100]
            lat: [-39.5..39.5]
            lon: [   0.. 359]
Number Of Attributes: 6
  cell_methods :	time: mean
  missing_value :	-32767
  _FillValue :	-32767
  units :	Pa s**-1
  long_name :	Vertical velocity
  standard_name :	lagrangian_tendency_of_air_pressure

Variable: u
Type: float
Total Size: 714816000 bytes
            178704000 values
Number of Dimensions: 4
Dimensions and sizes:	[time | 365] x [level | 17] x [lat | 80] x [lon | 360]
Coordinates: 
            time: [780179..788915]
            level: [1000..100]
            lat: [-39.5..39.5]
            lon: [   0.. 359]
Number Of Attributes: 6
  cell_methods :	time: mean
  missing_value :	-32767
  _FillValue :	-32767
  units :	m s**-1
  long_name :	U component of wind
  standard_name :	eastward_wind

Variable: v
Type: float
Total Size: 714816000 bytes
            178704000 values
Number of Dimensions: 4
Dimensions and sizes:	[time | 365] x [level | 17] x [lat | 80] x [lon | 360]
Coordinates: 
            time: [780179..788915]
            level: [1000..100]
            lat: [-39.5..39.5]
            lon: [   0.. 359]
Number Of Attributes: 6
  cell_methods :	time: mean
  missing_value :	-32767
  _FillValue :	-32767
  units :	m s**-1
  long_name :	V component of wind
  standard_name :	northward_wind

Variable: q
Type: float
Total Size: 714816000 bytes
            178704000 values
Number of Dimensions: 4
Dimensions and sizes:	[time | 365] x [level | 17] x [lat | 80] x [lon | 360]
Coordinates: 
            time: [780179..788915]
            level: [1000..100]
            lat: [-39.5..39.5]
            lon: [   0.. 359]
Number Of Attributes: 6
  cell_methods :	time: mean
  missing_value :	-32767
  _FillValue :	-32767
  units :	kg kg**-1
  long_name :	Specific humidity
  standard_name :	specific_humidity
(0)	Calculating temperature tendency...

Variable: dT_dt
Type: float
Total Size: 714816000 bytes
            178704000 values
Number of Dimensions: 4
Dimensions and sizes:	[time | 365] x [level | 17] x [lat | 80] x [lon | 360]
Coordinates: 
            time: [780179..788915]
            level: [1000..100]
            lat: [-39.5..39.5]
            lon: [   0.. 359]
Number Of Attributes: 3
  units :	K/s
  long_name :	Local time derivative of temperature
  _FillValue :	-32767
(0)	Local time derivative of temperature (K/s) : min=-0.000311972   max=0.000245882

Variable: p
Type: float
Total Size: 68 bytes
            17 values
Num1994
 Copyright (C) 1995-2019 - All Rights Reserved
 University Corporation for Atmospheric Research
 NCAR Command Language Version 6.6.2
 The use of this software is governed by a License Agreement.
 See http://www.ncl.ucar.edu/ for more details.
(0)	Script started at: Fri Jul 10 21:30:06 AEST 2026

Variable: coord_model
Type: float
Total Size: 2081376000 bytes
            520344000 values
Number of Dimensions: 4
Dimensions and sizes:	[time | 365] x [level | 22] x [lat | 180] x [lon | 360]
Coordinates: 
            time: [824003..832739]
            level: [10..1000]
            lat: [-89.5..89.5]
            lon: [   0.. 359]
Number Of Attributes: 6
  standard_name :	lagrangian_tendency_of_air_pressure
  long_name :	Vertical velocity
  units :	Pa s**-1
  _FillValue :	-32767
  missing_value :	-32767
  cell_methods :	time: mean
(0)	short2flt: input variable is already type float: Specific humidity
(0)	short2flt: no conversion performed
(0)	short2flt: input variable is already type float: Vertical velocity
(0)	short2flt: no conversion performed
(0)	short2flt: input variable is already type float: U component of wind
(0)	short2flt: no conversion performed
(0)	short2flt: input variable is already type float: V component of wind
(0)	short2flt: no conversion performed
(0)	short2flt: input variable is already type float: Temperature
(0)	short2flt: no conversion performed
(0)	Reading variables...

Variable: w
Type: float
Total Size: 714816000 bytes
            178704000 values
Number of Dimensions: 4
Dimensions and sizes:	[time | 365] x [level | 17] x [lat | 80] x [lon | 360]
Coordinates: 
            time: [824003..832739]
            level: [1000..100]
            lat: [-39.5..39.5]
            lon: [   0.. 359]
Number Of Attributes: 6
  cell_methods :	time: mean
  missing_value :	-32767
  _FillValue :	-32767
  units :	Pa s**-1
  long_name :	Vertical velocity
  standard_name :	lagrangian_tendency_of_air_pressure

Variable: u
Type: float
Total Size: 714816000 bytes
            178704000 values
Number of Dimensions: 4
Dimensions and sizes:	[time | 365] x [level | 17] x [lat | 80] x [lon | 360]
Coordinates: 
            time: [824003..832739]
            level: [1000..100]
            lat: [-39.5..39.5]
            lon: [   0.. 359]
Number Of Attributes: 6
  cell_methods :	time: mean
  missing_value :	-32767
  _FillValue :	-32767
  units :	m s**-1
  long_name :	U component of wind
  standard_name :	eastward_wind

Variable: v
Type: float
Total Size: 714816000 bytes
            178704000 values
Number of Dimensions: 4
Dimensions and sizes:	[time | 365] x [level | 17] x [lat | 80] x [lon | 360]
Coordinates: 
            time: [824003..832739]
            level: [1000..100]
            lat: [-39.5..39.5]
            lon: [   0.. 359]
Number Of Attributes: 6
  cell_methods :	time: mean
  missing_value :	-32767
  _FillValue :	-32767
  units :	m s**-1
  long_name :	V component of wind
  standard_name :	northward_wind

Variable: q
Type: float
Total Size: 714816000 bytes
            178704000 values
Number of Dimensions: 4
Dimensions and sizes:	[time | 365] x [level | 17] x [lat | 80] x [lon | 360]
Coordinates: 
            time: [824003..832739]
            level: [1000..100]
            lat: [-39.5..39.5]
            lon: [   0.. 359]
Number Of Attributes: 6
  cell_methods :	time: mean
  missing_value :	-32767
  _FillValue :	-32767
  units :	kg kg**-1
  long_name :	Specific humidity
  standard_name :	specific_humidity
(0)	Calculating temperature tendency...

Variable: dT_dt
Type: float
Total Size: 714816000 bytes
            178704000 values
Number of Dimensions: 4
Dimensions and sizes:	[time | 365] x [level | 17] x [lat | 80] x [lon | 360]
Coordinates: 
            time: [824003..832739]
            level: [1000..100]
            lat: [-39.5..39.5]
            lon: [   0.. 359]
Number Of Attributes: 3
  units :	K/s
  long_name :	Local time derivative of temperature
  _FillValue :	-32767
(0)	Local time derivative of temperature (K/s) : min=-0.000257822   max=0.000233852

Variable: p
Type: float
Total Size: 68 bytes
            17 values
Num1991
 Copyright (C) 1995-2019 - All Rights Reserved
 University Corporation for Atmospheric Research
 NCAR Command Language Version 6.6.2
 The use of this software is governed by a License Agreement.
 See http://www.ncl.ucar.edu/ for more details.
(0)	Script started at: Fri Jul 10 21:30:06 AEST 2026

Variable: coord_model
Type: float
Total Size: 2081376000 bytes
            520344000 values
Number of Dimensions: 4
Dimensions and sizes:	[time | 365] x [level | 22] x [lat | 180] x [lon | 360]
Coordinates: 
            time: [797699..806435]
            level: [10..1000]
            lat: [-89.5..89.5]
            lon: [   0.. 359]
Number Of Attributes: 6
  standard_name :	lagrangian_tendency_of_air_pressure
  long_name :	Vertical velocity
  units :	Pa s**-1
  _FillValue :	-32767
  missing_value :	-32767
  cell_methods :	time: mean
(0)	short2flt: input variable is already type float: Specific humidity
(0)	short2flt: no conversion performed
(0)	short2flt: input variable is already type float: Vertical velocity
(0)	short2flt: no conversion performed
(0)	short2flt: input variable is already type float: U component of wind
(0)	short2flt: no conversion performed
(0)	short2flt: input variable is already type float: V component of wind
(0)	short2flt: no conversion performed
(0)	short2flt: input variable is already type float: Temperature
(0)	short2flt: no conversion performed
(0)	Reading variables...

Variable: w
Type: float
Total Size: 714816000 bytes
            178704000 values
Number of Dimensions: 4
Dimensions and sizes:	[time | 365] x [level | 17] x [lat | 80] x [lon | 360]
Coordinates: 
            time: [797699..806435]
            level: [1000..100]
            lat: [-39.5..39.5]
            lon: [   0.. 359]
Number Of Attributes: 6
  cell_methods :	time: mean
  missing_value :	-32767
  _FillValue :	-32767
  units :	Pa s**-1
  long_name :	Vertical velocity
  standard_name :	lagrangian_tendency_of_air_pressure

Variable: u
Type: float
Total Size: 714816000 bytes
            178704000 values
Number of Dimensions: 4
Dimensions and sizes:	[time | 365] x [level | 17] x [lat | 80] x [lon | 360]
Coordinates: 
            time: [797699..806435]
            level: [1000..100]
            lat: [-39.5..39.5]
            lon: [   0.. 359]
Number Of Attributes: 6
  cell_methods :	time: mean
  missing_value :	-32767
  _FillValue :	-32767
  units :	m s**-1
  long_name :	U component of wind
  standard_name :	eastward_wind

Variable: v
Type: float
Total Size: 714816000 bytes
            178704000 values
Number of Dimensions: 4
Dimensions and sizes:	[time | 365] x [level | 17] x [lat | 80] x [lon | 360]
Coordinates: 
            time: [797699..806435]
            level: [1000..100]
            lat: [-39.5..39.5]
            lon: [   0.. 359]
Number Of Attributes: 6
  cell_methods :	time: mean
  missing_value :	-32767
  _FillValue :	-32767
  units :	m s**-1
  long_name :	V component of wind
  standard_name :	northward_wind

Variable: q
Type: float
Total Size: 714816000 bytes
            178704000 values
Number of Dimensions: 4
Dimensions and sizes:	[time | 365] x [level | 17] x [lat | 80] x [lon | 360]
Coordinates: 
            time: [797699..806435]
            level: [1000..100]
            lat: [-39.5..39.5]
            lon: [   0.. 359]
Number Of Attributes: 6
  cell_methods :	time: mean
  missing_value :	-32767
  _FillValue :	-32767
  units :	kg kg**-1
  long_name :	Specific humidity
  standard_name :	specific_humidity
(0)	Calculating temperature tendency...

Variable: dT_dt
Type: float
Total Size: 714816000 bytes
            178704000 values
Number of Dimensions: 4
Dimensions and sizes:	[time | 365] x [level | 17] x [lat | 80] x [lon | 360]
Coordinates: 
            time: [797699..806435]
            level: [1000..100]
            lat: [-39.5..39.5]
            lon: [   0.. 359]
Number Of Attributes: 3
  units :	K/s
  long_name :	Local time derivative of temperature
  _FillValue :	-32767
(0)	Local time derivative of temperature (K/s) : min=-0.000252129   max=0.00021668

Variable: p
Type: float
Total Size: 68 bytes
            17 values
Numb1984
 Copyright (C) 1995-2019 - All Rights Reserved
 University Corporation for Atmospheric Research
 NCAR Command Language Version 6.6.2
 The use of this software is governed by a License Agreement.
 See http://www.ncl.ucar.edu/ for more details.
(0)	Script started at: Fri Jul 10 21:30:06 AEST 2026

Variable: coord_model
Type: float
Total Size: 2087078400 bytes
            521769600 values
Number of Dimensions: 4
Dimensions and sizes:	[time | 366] x [level | 22] x [lat | 180] x [lon | 360]
Coordinates: 
            time: [736331..745091]
            level: [10..1000]
            lat: [-89.5..89.5]
            lon: [   0.. 359]
Number Of Attributes: 6
  standard_name :	lagrangian_tendency_of_air_pressure
  long_name :	Vertical velocity
  units :	Pa s**-1
  _FillValue :	-32767
  missing_value :	-32767
  cell_methods :	time: mean
(0)	short2flt: input variable is already type float: Specific humidity
(0)	short2flt: no conversion performed
(0)	short2flt: input variable is already type float: Vertical velocity
(0)	short2flt: no conversion performed
(0)	short2flt: input variable is already type float: U component of wind
(0)	short2flt: no conversion performed
(0)	short2flt: input variable is already type float: V component of wind
(0)	short2flt: no conversion performed
(0)	short2flt: input variable is already type float: Temperature
(0)	short2flt: no conversion performed
(0)	Reading variables...

Variable: w
Type: float
Total Size: 716774400 bytes
            179193600 values
Number of Dimensions: 4
Dimensions and sizes:	[time | 366] x [level | 17] x [lat | 80] x [lon | 360]
Coordinates: 
            time: [736331..745091]
            level: [1000..100]
            lat: [-39.5..39.5]
            lon: [   0.. 359]
Number Of Attributes: 6
  cell_methods :	time: mean
  missing_value :	-32767
  _FillValue :	-32767
  units :	Pa s**-1
  long_name :	Vertical velocity
  standard_name :	lagrangian_tendency_of_air_pressure

Variable: u
Type: float
Total Size: 716774400 bytes
            179193600 values
Number of Dimensions: 4
Dimensions and sizes:	[time | 366] x [level | 17] x [lat | 80] x [lon | 360]
Coordinates: 
            time: [736331..745091]
            level: [1000..100]
            lat: [-39.5..39.5]
            lon: [   0.. 359]
Number Of Attributes: 6
  cell_methods :	time: mean
  missing_value :	-32767
  _FillValue :	-32767
  units :	m s**-1
  long_name :	U component of wind
  standard_name :	eastward_wind

Variable: v
Type: float
Total Size: 716774400 bytes
            179193600 values
Number of Dimensions: 4
Dimensions and sizes:	[time | 366] x [level | 17] x [lat | 80] x [lon | 360]
Coordinates: 
            time: [736331..745091]
            level: [1000..100]
            lat: [-39.5..39.5]
            lon: [   0.. 359]
Number Of Attributes: 6
  cell_methods :	time: mean
  missing_value :	-32767
  _FillValue :	-32767
  units :	m s**-1
  long_name :	V component of wind
  standard_name :	northward_wind

Variable: q
Type: float
Total Size: 716774400 bytes
            179193600 values
Number of Dimensions: 4
Dimensions and sizes:	[time | 366] x [level | 17] x [lat | 80] x [lon | 360]
Coordinates: 
            time: [736331..745091]
            level: [1000..100]
            lat: [-39.5..39.5]
            lon: [   0.. 359]
Number Of Attributes: 6
  cell_methods :	time: mean
  missing_value :	-32767
  _FillValue :	-32767
  units :	kg kg**-1
  long_name :	Specific humidity
  standard_name :	specific_humidity
(0)	Calculating temperature tendency...

Variable: dT_dt
Type: float
Total Size: 716774400 bytes
            179193600 values
Number of Dimensions: 4
Dimensions and sizes:	[time | 366] x [level | 17] x [lat | 80] x [lon | 360]
Coordinates: 
            time: [736331..745091]
            level: [1000..100]
            lat: [-39.5..39.5]
            lon: [   0.. 359]
Number Of Attributes: 3
  units :	K/s
  long_name :	Local time derivative of temperature
  _FillValue :	-32767
(0)	Local time derivative of temperature (K/s) : min=-0.000300283   max=0.000291859

Variable: p
Type: float
Total Size: 68 bytes
            17 values
Num1980
 Copyright (C) 1995-2019 - All Rights Reserved
 University Corporation for Atmospheric Research
 NCAR Command Language Version 6.6.2
 The use of this software is governed by a License Agreement.
 See http://www.ncl.ucar.edu/ for more details.
(0)	Script started at: Fri Jul 10 21:30:06 AEST 2026

Variable: coord_model
Type: float
Total Size: 2087078400 bytes
            521769600 values
Number of Dimensions: 4
Dimensions and sizes:	[time | 366] x [level | 22] x [lat | 180] x [lon | 360]
Coordinates: 
            time: [701267..710027]
            level: [10..1000]
            lat: [-89.5..89.5]
            lon: [   0.. 359]
Number Of Attributes: 6
  standard_name :	lagrangian_tendency_of_air_pressure
  long_name :	Vertical velocity
  units :	Pa s**-1
  _FillValue :	-32767
  missing_value :	-32767
  cell_methods :	time: mean
(0)	short2flt: input variable is already type float: Specific humidity
(0)	short2flt: no conversion performed
(0)	short2flt: input variable is already type float: Vertical velocity
(0)	short2flt: no conversion performed
(0)	short2flt: input variable is already type float: U component of wind
(0)	short2flt: no conversion performed
(0)	short2flt: input variable is already type float: V component of wind
(0)	short2flt: no conversion performed
(0)	short2flt: input variable is already type float: Temperature
(0)	short2flt: no conversion performed
(0)	Reading variables...

Variable: w
Type: float
Total Size: 716774400 bytes
            179193600 values
Number of Dimensions: 4
Dimensions and sizes:	[time | 366] x [level | 17] x [lat | 80] x [lon | 360]
Coordinates: 
            time: [701267..710027]
            level: [1000..100]
            lat: [-39.5..39.5]
            lon: [   0.. 359]
Number Of Attributes: 6
  cell_methods :	time: mean
  missing_value :	-32767
  _FillValue :	-32767
  units :	Pa s**-1
  long_name :	Vertical velocity
  standard_name :	lagrangian_tendency_of_air_pressure

Variable: u
Type: float
Total Size: 716774400 bytes
            179193600 values
Number of Dimensions: 4
Dimensions and sizes:	[time | 366] x [level | 17] x [lat | 80] x [lon | 360]
Coordinates: 
            time: [701267..710027]
            level: [1000..100]
            lat: [-39.5..39.5]
            lon: [   0.. 359]
Number Of Attributes: 6
  cell_methods :	time: mean
  missing_value :	-32767
  _FillValue :	-32767
  units :	m s**-1
  long_name :	U component of wind
  standard_name :	eastward_wind

Variable: v
Type: float
Total Size: 716774400 bytes
            179193600 values
Number of Dimensions: 4
Dimensions and sizes:	[time | 366] x [level | 17] x [lat | 80] x [lon | 360]
Coordinates: 
            time: [701267..710027]
            level: [1000..100]
            lat: [-39.5..39.5]
            lon: [   0.. 359]
Number Of Attributes: 6
  cell_methods :	time: mean
  missing_value :	-32767
  _FillValue :	-32767
  units :	m s**-1
  long_name :	V component of wind
  standard_name :	northward_wind

Variable: q
Type: float
Total Size: 716774400 bytes
            179193600 values
Number of Dimensions: 4
Dimensions and sizes:	[time | 366] x [level | 17] x [lat | 80] x [lon | 360]
Coordinates: 
            time: [701267..710027]
            level: [1000..100]
            lat: [-39.5..39.5]
            lon: [   0.. 359]
Number Of Attributes: 6
  cell_methods :	time: mean
  missing_value :	-32767
  _FillValue :	-32767
  units :	kg kg**-1
  long_name :	Specific humidity
  standard_name :	specific_humidity
(0)	Calculating temperature tendency...

Variable: dT_dt
Type: float
Total Size: 716774400 bytes
            179193600 values
Number of Dimensions: 4
Dimensions and sizes:	[time | 366] x [level | 17] x [lat | 80] x [lon | 360]
Coordinates: 
            time: [701267..710027]
            level: [1000..100]
            lat: [-39.5..39.5]
            lon: [   0.. 359]
Number Of Attributes: 3
  units :	K/s
  long_name :	Local time derivative of temperature
  _FillValue :	-32767
(0)	Local time derivative of temperature (K/s) : min=-0.000300754   max=0.000245882

Variable: p
Type: float
Total Size: 68 bytes
            17 values
Num1982
 Copyright (C) 1995-2019 - All Rights Reserved
 University Corporation for Atmospheric Research
 NCAR Command Language Version 6.6.2
 The use of this software is governed by a License Agreement.
 See http://www.ncl.ucar.edu/ for more details.
(0)	Script started at: Fri Jul 10 21:30:06 AEST 2026

Variable: coord_model
Type: float
Total Size: 2081376000 bytes
            520344000 values
Number of Dimensions: 4
Dimensions and sizes:	[time | 365] x [level | 22] x [lat | 180] x [lon | 360]
Coordinates: 
            time: [718811..727547]
            level: [10..1000]
            lat: [-89.5..89.5]
            lon: [   0.. 359]
Number Of Attributes: 6
  standard_name :	lagrangian_tendency_of_air_pressure
  long_name :	Vertical velocity
  units :	Pa s**-1
  _FillValue :	-32767
  missing_value :	-32767
  cell_methods :	time: mean
(0)	short2flt: input variable is already type float: Specific humidity
(0)	short2flt: no conversion performed
(0)	short2flt: input variable is already type float: Vertical velocity
(0)	short2flt: no conversion performed
(0)	short2flt: input variable is already type float: U component of wind
(0)	short2flt: no conversion performed
(0)	short2flt: input variable is already type float: V component of wind
(0)	short2flt: no conversion performed
(0)	short2flt: input variable is already type float: Temperature
(0)	short2flt: no conversion performed
(0)	Reading variables...

Variable: w
Type: float
Total Size: 714816000 bytes
            178704000 values
Number of Dimensions: 4
Dimensions and sizes:	[time | 365] x [level | 17] x [lat | 80] x [lon | 360]
Coordinates: 
            time: [718811..727547]
            level: [1000..100]
            lat: [-39.5..39.5]
            lon: [   0.. 359]
Number Of Attributes: 6
  cell_methods :	time: mean
  missing_value :	-32767
  _FillValue :	-32767
  units :	Pa s**-1
  long_name :	Vertical velocity
  standard_name :	lagrangian_tendency_of_air_pressure

Variable: u
Type: float
Total Size: 714816000 bytes
            178704000 values
Number of Dimensions: 4
Dimensions and sizes:	[time | 365] x [level | 17] x [lat | 80] x [lon | 360]
Coordinates: 
            time: [718811..727547]
            level: [1000..100]
            lat: [-39.5..39.5]
            lon: [   0.. 359]
Number Of Attributes: 6
  cell_methods :	time: mean
  missing_value :	-32767
  _FillValue :	-32767
  units :	m s**-1
  long_name :	U component of wind
  standard_name :	eastward_wind

Variable: v
Type: float
Total Size: 714816000 bytes
            178704000 values
Number of Dimensions: 4
Dimensions and sizes:	[time | 365] x [level | 17] x [lat | 80] x [lon | 360]
Coordinates: 
            time: [718811..727547]
            level: [1000..100]
            lat: [-39.5..39.5]
            lon: [   0.. 359]
Number Of Attributes: 6
  cell_methods :	time: mean
  missing_value :	-32767
  _FillValue :	-32767
  units :	m s**-1
  long_name :	V component of wind
  standard_name :	northward_wind

Variable: q
Type: float
Total Size: 714816000 bytes
            178704000 values
Number of Dimensions: 4
Dimensions and sizes:	[time | 365] x [level | 17] x [lat | 80] x [lon | 360]
Coordinates: 
            time: [718811..727547]
            level: [1000..100]
            lat: [-39.5..39.5]
            lon: [   0.. 359]
Number Of Attributes: 6
  cell_methods :	time: mean
  missing_value :	-32767
  _FillValue :	-32767
  units :	kg kg**-1
  long_name :	Specific humidity
  standard_name :	specific_humidity
(0)	Calculating temperature tendency...

Variable: dT_dt
Type: float
Total Size: 714816000 bytes
            178704000 values
Number of Dimensions: 4
Dimensions and sizes:	[time | 365] x [level | 17] x [lat | 80] x [lon | 360]
Coordinates: 
            time: [718811..727547]
            level: [1000..100]
            lat: [-39.5..39.5]
            lon: [   0.. 359]
Number Of Attributes: 3
  units :	K/s
  long_name :	Local time derivative of temperature
  _FillValue :	-32767
(0)	Local time derivative of temperature (K/s) : min=-0.000292155   max=0.000224214

Variable: p
Type: float
Total Size: 68 bytes
            17 values
Num1992
 Copyright (C) 1995-2019 - All Rights Reserved
 University Corporation for Atmospheric Research
 NCAR Command Language Version 6.6.2
 The use of this software is governed by a License Agreement.
 See http://www.ncl.ucar.edu/ for more details.
(0)	Script started at: Fri Jul 10 21:30:06 AEST 2026

Variable: coord_model
Type: float
Total Size: 2087078400 bytes
            521769600 values
Number of Dimensions: 4
Dimensions and sizes:	[time | 366] x [level | 22] x [lat | 180] x [lon | 360]
Coordinates: 
            time: [806459..815219]
            level: [10..1000]
            lat: [-89.5..89.5]
            lon: [   0.. 359]
Number Of Attributes: 6
  standard_name :	lagrangian_tendency_of_air_pressure
  long_name :	Vertical velocity
  units :	Pa s**-1
  _FillValue :	-32767
  missing_value :	-32767
  cell_methods :	time: mean
(0)	short2flt: input variable is already type float: Specific humidity
(0)	short2flt: no conversion performed
(0)	short2flt: input variable is already type float: Vertical velocity
(0)	short2flt: no conversion performed
(0)	short2flt: input variable is already type float: U component of wind
(0)	short2flt: no conversion performed
(0)	short2flt: input variable is already type float: V component of wind
(0)	short2flt: no conversion performed
(0)	short2flt: input variable is already type float: Temperature
(0)	short2flt: no conversion performed
(0)	Reading variables...

Variable: w
Type: float
Total Size: 716774400 bytes
            179193600 values
Number of Dimensions: 4
Dimensions and sizes:	[time | 366] x [level | 17] x [lat | 80] x [lon | 360]
Coordinates: 
            time: [806459..815219]
            level: [1000..100]
            lat: [-39.5..39.5]
            lon: [   0.. 359]
Number Of Attributes: 6
  cell_methods :	time: mean
  missing_value :	-32767
  _FillValue :	-32767
  units :	Pa s**-1
  long_name :	Vertical velocity
  standard_name :	lagrangian_tendency_of_air_pressure

Variable: u
Type: float
Total Size: 716774400 bytes
            179193600 values
Number of Dimensions: 4
Dimensions and sizes:	[time | 366] x [level | 17] x [lat | 80] x [lon | 360]
Coordinates: 
            time: [806459..815219]
            level: [1000..100]
            lat: [-39.5..39.5]
            lon: [   0.. 359]
Number Of Attributes: 6
  cell_methods :	time: mean
  missing_value :	-32767
  _FillValue :	-32767
  units :	m s**-1
  long_name :	U component of wind
  standard_name :	eastward_wind

Variable: v
Type: float
Total Size: 716774400 bytes
            179193600 values
Number of Dimensions: 4
Dimensions and sizes:	[time | 366] x [level | 17] x [lat | 80] x [lon | 360]
Coordinates: 
            time: [806459..815219]
            level: [1000..100]
            lat: [-39.5..39.5]
            lon: [   0.. 359]
Number Of Attributes: 6
  cell_methods :	time: mean
  missing_value :	-32767
  _FillValue :	-32767
  units :	m s**-1
  long_name :	V component of wind
  standard_name :	northward_wind

Variable: q
Type: float
Total Size: 716774400 bytes
            179193600 values
Number of Dimensions: 4
Dimensions and sizes:	[time | 366] x [level | 17] x [lat | 80] x [lon | 360]
Coordinates: 
            time: [806459..815219]
            level: [1000..100]
            lat: [-39.5..39.5]
            lon: [   0.. 359]
Number Of Attributes: 6
  cell_methods :	time: mean
  missing_value :	-32767
  _FillValue :	-32767
  units :	kg kg**-1
  long_name :	Specific humidity
  standard_name :	specific_humidity
(0)	Calculating temperature tendency...

Variable: dT_dt
Type: float
Total Size: 716774400 bytes
            179193600 values
Number of Dimensions: 4
Dimensions and sizes:	[time | 366] x [level | 17] x [lat | 80] x [lon | 360]
Coordinates: 
            time: [806459..815219]
            level: [1000..100]
            lat: [-39.5..39.5]
            lon: [   0.. 359]
Number Of Attributes: 3
  units :	K/s
  long_name :	Local time derivative of temperature
  _FillValue :	-32767
(0)	Local time derivative of temperature (K/s) : min=-0.000276009   max=0.000229082

Variable: p
Type: float
Total Size: 68 bytes
            17 values
Num1983
 Copyright (C) 1995-2019 - All Rights Reserved
 University Corporation for Atmospheric Research
 NCAR Command Language Version 6.6.2
 The use of this software is governed by a License Agreement.
 See http://www.ncl.ucar.edu/ for more details.
(0)	Script started at: Fri Jul 10 21:30:06 AEST 2026

Variable: coord_model
Type: float
Total Size: 2081376000 bytes
            520344000 values
Number of Dimensions: 4
Dimensions and sizes:	[time | 365] x [level | 22] x [lat | 180] x [lon | 360]
Coordinates: 
            time: [727571..736307]
            level: [10..1000]
            lat: [-89.5..89.5]
            lon: [   0.. 359]
Number Of Attributes: 6
  standard_name :	lagrangian_tendency_of_air_pressure
  long_name :	Vertical velocity
  units :	Pa s**-1
  _FillValue :	-32767
  missing_value :	-32767
  cell_methods :	time: mean
(0)	short2flt: input variable is already type float: Specific humidity
(0)	short2flt: no conversion performed
(0)	short2flt: input variable is already type float: Vertical velocity
(0)	short2flt: no conversion performed
(0)	short2flt: input variable is already type float: U component of wind
(0)	short2flt: no conversion performed
(0)	short2flt: input variable is already type float: V component of wind
(0)	short2flt: no conversion performed
(0)	short2flt: input variable is already type float: Temperature
(0)	short2flt: no conversion performed
(0)	Reading variables...

Variable: w
Type: float
Total Size: 714816000 bytes
            178704000 values
Number of Dimensions: 4
Dimensions and sizes:	[time | 365] x [level | 17] x [lat | 80] x [lon | 360]
Coordinates: 
            time: [727571..736307]
            level: [1000..100]
            lat: [-39.5..39.5]
            lon: [   0.. 359]
Number Of Attributes: 6
  cell_methods :	time: mean
  missing_value :	-32767
  _FillValue :	-32767
  units :	Pa s**-1
  long_name :	Vertical velocity
  standard_name :	lagrangian_tendency_of_air_pressure

Variable: u
Type: float
Total Size: 714816000 bytes
            178704000 values
Number of Dimensions: 4
Dimensions and sizes:	[time | 365] x [level | 17] x [lat | 80] x [lon | 360]
Coordinates: 
            time: [727571..736307]
            level: [1000..100]
            lat: [-39.5..39.5]
            lon: [   0.. 359]
Number Of Attributes: 6
  cell_methods :	time: mean
  missing_value :	-32767
  _FillValue :	-32767
  units :	m s**-1
  long_name :	U component of wind
  standard_name :	eastward_wind

Variable: v
Type: float
Total Size: 714816000 bytes
            178704000 values
Number of Dimensions: 4
Dimensions and sizes:	[time | 365] x [level | 17] x [lat | 80] x [lon | 360]
Coordinates: 
            time: [727571..736307]
            level: [1000..100]
            lat: [-39.5..39.5]
            lon: [   0.. 359]
Number Of Attributes: 6
  cell_methods :	time: mean
  missing_value :	-32767
  _FillValue :	-32767
  units :	m s**-1
  long_name :	V component of wind
  standard_name :	northward_wind

Variable: q
Type: float
Total Size: 714816000 bytes
            178704000 values
Number of Dimensions: 4
Dimensions and sizes:	[time | 365] x [level | 17] x [lat | 80] x [lon | 360]
Coordinates: 
            time: [727571..736307]
            level: [1000..100]
            lat: [-39.5..39.5]
            lon: [   0.. 359]
Number Of Attributes: 6
  cell_methods :	time: mean
  missing_value :	-32767
  _FillValue :	-32767
  units :	kg kg**-1
  long_name :	Specific humidity
  standard_name :	specific_humidity
(0)	Calculating temperature tendency...

Variable: dT_dt
Type: float
Total Size: 714816000 bytes
            178704000 values
Number of Dimensions: 4
Dimensions and sizes:	[time | 365] x [level | 17] x [lat | 80] x [lon | 360]
Coordinates: 
            time: [727571..736307]
            level: [1000..100]
            lat: [-39.5..39.5]
            lon: [   0.. 359]
Number Of Attributes: 3
  units :	K/s
  long_name :	Local time derivative of temperature
  _FillValue :	-32767
(0)	Local time derivative of temperature (K/s) : min=-0.000315619   max=0.000246639

Variable: p
Type: float
Total Size: 68 bytes
            17 values
Num1999
 Copyright (C) 1995-2019 - All Rights Reserved
 University Corporation for Atmospheric Research
 NCAR Command Language Version 6.6.2
 The use of this software is governed by a License Agreement.
 See http://www.ncl.ucar.edu/ for more details.
(0)	Script started at: Fri Jul 10 21:30:52 AEST 2026

Variable: coord_model
Type: float
Total Size: 2081376000 bytes
            520344000 values
Number of Dimensions: 4
Dimensions and sizes:	[time | 365] x [level | 22] x [lat | 180] x [lon | 360]
Coordinates: 
            time: [867827..876563]
            level: [10..1000]
            lat: [-89.5..89.5]
            lon: [   0.. 359]
Number Of Attributes: 6
  standard_name :	lagrangian_tendency_of_air_pressure
  long_name :	Vertical velocity
  units :	Pa s**-1
  _FillValue :	-32767
  missing_value :	-32767
  cell_methods :	time: mean
(0)	short2flt: input variable is already type float: Specific humidity
(0)	short2flt: no conversion performed
(0)	short2flt: input variable is already type float: Vertical velocity
(0)	short2flt: no conversion performed
(0)	short2flt: input variable is already type float: U component of wind
(0)	short2flt: no conversion performed
(0)	short2flt: input variable is already type float: V component of wind
(0)	short2flt: no conversion performed
(0)	short2flt: input variable is already type float: Temperature
(0)	short2flt: no conversion performed
(0)	Reading variables...

Variable: w
Type: float
Total Size: 714816000 bytes
            178704000 values
Number of Dimensions: 4
Dimensions and sizes:	[time | 365] x [level | 17] x [lat | 80] x [lon | 360]
Coordinates: 
            time: [867827..876563]
            level: [1000..100]
            lat: [-39.5..39.5]
            lon: [   0.. 359]
Number Of Attributes: 6
  cell_methods :	time: mean
  missing_value :	-32767
  _FillValue :	-32767
  units :	Pa s**-1
  long_name :	Vertical velocity
  standard_name :	lagrangian_tendency_of_air_pressure

Variable: u
Type: float
Total Size: 714816000 bytes
            178704000 values
Number of Dimensions: 4
Dimensions and sizes:	[time | 365] x [level | 17] x [lat | 80] x [lon | 360]
Coordinates: 
            time: [867827..876563]
            level: [1000..100]
            lat: [-39.5..39.5]
            lon: [   0.. 359]
Number Of Attributes: 6
  cell_methods :	time: mean
  missing_value :	-32767
  _FillValue :	-32767
  units :	m s**-1
  long_name :	U component of wind
  standard_name :	eastward_wind

Variable: v
Type: float
Total Size: 714816000 bytes
            178704000 values
Number of Dimensions: 4
Dimensions and sizes:	[time | 365] x [level | 17] x [lat | 80] x [lon | 360]
Coordinates: 
            time: [867827..876563]
            level: [1000..100]
            lat: [-39.5..39.5]
            lon: [   0.. 359]
Number Of Attributes: 6
  cell_methods :	time: mean
  missing_value :	-32767
  _FillValue :	-32767
  units :	m s**-1
  long_name :	V component of wind
  standard_name :	northward_wind

Variable: q
Type: float
Total Size: 714816000 bytes
            178704000 values
Number of Dimensions: 4
Dimensions and sizes:	[time | 365] x [level | 17] x [lat | 80] x [lon | 360]
Coordinates: 
            time: [867827..876563]
            level: [1000..100]
            lat: [-39.5..39.5]
            lon: [   0.. 359]
Number Of Attributes: 6
  cell_methods :	time: mean
  missing_value :	-32767
  _FillValue :	-32767
  units :	kg kg**-1
  long_name :	Specific humidity
  standard_name :	specific_humidity
(0)	Calculating temperature tendency...

Variable: dT_dt
Type: float
Total Size: 714816000 bytes
            178704000 values
Number of Dimensions: 4
Dimensions and sizes:	[time | 365] x [level | 17] x [lat | 80] x [lon | 360]
Coordinates: 
            time: [867827..876563]
            level: [1000..100]
            lat: [-39.5..39.5]
            lon: [   0.. 359]
Number Of Attributes: 3
  units :	K/s
  long_name :	Local time derivative of temperature
  _FillValue :	-32767
(0)	Local time derivative of temperature (K/s) : min=-0.000266907   max=0.000254338

Variable: p
Type: float
Total Size: 68 bytes
            17 values
Number of Dimensions: 1
Dimensions and sizes:	[p | 17]
Coordinates: 
            p: [100000..10000]
Number Of Attributes: 1
  units :	Pa
(0)	---

Variable: ss
Type: float
Total Size: 714816000 bytes
            178704000 values
Number of Dimensions: 4
Dimensions and sizes:	[time | 365] x [level | 17] x [lat | 80] x [lon | 360]
Coordinates: 
            time: [867827..876563]
            level: [1000..100]
            lat: [-39.5..39.5]
            lon: [   0.. 359]
Number Of Attributes: 3
  _FillValue :	-32767
  long_name :	static stability
  units :	K/Pa
(0)	static stability (K/Pa) : min=-0.000809142   max=0.00659852
(0)	-----
(0)	Calculating temperature advection...

Variable: adv_T_zonal
Type: double
Total Size: 1429632000 bytes
            178704000 values
Number of Dimensions: 4
Dimensions and sizes:	[time | 365] x [level | 17] x [lat | 80] x [lon | 360]
Coordinates: 
            time: [867827..876563]
            level: [1000..100]
            lat: [-39.5..39.5]
            lon: [   0.. 359]
Number Of Attributes: 3
  units :	K/s
  long_name :	Zonal advection of temperature
  _FillValue :	-32767
(0)	Zonal advection of temperature (K/s) : min=-0.004823232249432711   max=0.002695663117020244

Variable: adv_T_meridional
Type: double
Total Size: 1429632000 bytes
            178704000 values
Number of Dimensions: 4
Dimensions and sizes:	[time | 365] x [level | 17] x [lat | 80] x [lon | 360]
Coordinates: 
            time: [867827..876563]
            level: [1000..100]
            lat: [-39.5..39.5]
            lon: [   0.. 359]
Number Of Attributes: 3
  units :	K/s
  long_name :	Meridional advection of temperature
  _FillValue :	-32767
(0)	Meridional advection of temperature (K/s) : min=-0.00203243295208149   max=0.001379727476282486

Variable: adv_T
Type: double
Total Size: 1429632000 bytes
            178704000 values
Number of Dimensions: 4
Dimensions and sizes:	[time | 365] x [level | 17] x [lat | 80] x [lon | 360]
Coordinates: 
            time: [867827..876563]
            level: [1000..100]
            lat: [-39.5..39.5]
            lon: [   0.. 359]
Number Of Attributes: 3
  units :	K/s
  long_name :	Advection of Horizontal temperature
  _FillValue :	-32767
(0)	Advection of Horizontal temperature (K/s) : min=-0.004707701439633174   max=0.00263240819348546
(0)	Calculating q1...

Variable: q1
Type: double
Total Size: 1429632000 bytes
            178704000 values
Number of Dimensions: 4
Dimensions and sizes:	[time | 365] x [level | 17] x [lat | 80] x [lon | 360]
Coordinates: 
            time: [867827..876563]
            level: [1000..100]
            lat: [-39.5..39.5]
            lon: [   0.. 359]
Number Of Attributes: 3
  units :	K/s
  long_name :	q1: Net Heat Flux
  _FillValue :	-32767
(0)	q1: Net Heat Flux (K/s) : min=-0.009578133103841695   max=0.008751172443216123
(0)	-----

Variable: Q1_cp
Type: double
Total Size: 1429632000 bytes
            178704000 values
Number of Dimensions: 4
Dimensions and sizes:	[time | 365] x [level | 17] x [lat | 80] x [lon | 360]
Coordinates: 
            time: [867827..876563]
            level: [1000..100]
            lat: [-39.5..39.5]
            lon: [   0.. 359]
Number Of Attributes: 3
  units :	m2/s3
  long_name :	Q1: Total Diabatic Heating as the Apparent Heat Source
  _FillValue :	-32767
(0)	Q1: Total Diabatic Heating as the Apparent Heat Source (m2/s3) : min=-9.622575781748205   max=8.791778011543649
(0)	-----
(0)	Writing output files...

Variable: fo_q1
Type: double
Total Size: 235889280 bytes
            29486160 values
Number of Dimensions: 4
Dimensions and sizes:	[time | 365] x [level | 17] x [lat | 33] x [lon | 144]
Coordinates: 
            time: [867827..876563]
            level: [1000..100]
            lat: [ -40..  40]
            lon: [   0..357.5]
Number Of Attributes: 3
  _FillValue :	-32767
  long_name :	q1: Net Heat Flux per day
  units :	K/day

Variable: fo_q1
Type: double
Total Size: 235889280 bytes
            29486160 values
Number of Dimensions: 4
Dimensions and sizes:	[time | 365] x [level | 17] x [lat | 33] x [lon | 144]
Coordinates: 
            time: [867827..876563]
            level: [1000..100]
            lat: [ -40..  40]
            lon: [   0..357.5]
Number Of Attributes: 3
  _FillValue :	-32767
  long_name :	q1: Net Heat Flux per day
  units :	K/day
fatal:["NclAdvancedFile.c":7091]:Type mismatch, can't perform assignment
fatal:["Execute.c":8637]:Execute: Error occurred at or near line 295 in file /home/563/fm6730/localrepo/wave_vertical_heating/scripts/main/ncl_make_q1_obs.ncl

fatal:["NclAdvancedFile.c":7091]:Type mismatch, can't perform assignment
fatal:["Execute.c":8637]:Execute: Error occurred at or near line 296 in file /home/563/fm6730/localrepo/wave_vertical_heating/scripts/main/ncl_make_q1_obs.ncl

(0)	checking...
2000
 Copyright (C) 1995-2019 - All Rights Reserved
 University Corporation for Atmospheric Research
 NCAR Command Language Version 6.6.2
 The use of this software is governed by a License Agreement.
 See http://www.ncl.ucar.edu/ for more details.
(0)	Script started at: Fri Jul 10 21:34:04 AEST 2026

Variable: coord_model
Type: float
Total Size: 2087078400 bytes
            521769600 values
Number of Dimensions: 4
Dimensions and sizes:	[time | 366] x [level | 22] x [lat | 180] x [lon | 360]
Coordinates: 
            time: [876587..885347]
            level: [10..1000]
            lat: [-89.5..89.5]
            lon: [   0.. 359]
Number Of Attributes: 6
  standard_name :	lagrangian_tendency_of_air_pressure
  long_name :	Vertical velocity
  units :	Pa s**-1
  _FillValue :	-32767
  missing_value :	-32767
  cell_methods :	time: mean
(0)	short2flt: input variable is already type float: Specific humidity
(0)	short2flt: no conversion performed
(0)	short2flt: input variable is already type float: Vertical velocity
(0)	short2flt: no conversion performed
(0)	short2flt: input variable is already type float: U component of wind
(0)	short2flt: no conversion performed
(0)	short2flt: input variable is already type float: V component of wind
(0)	short2flt: no conversion performed
(0)	short2flt: input variable is already type float: Temperature
(0)	short2flt: no conversion performed
(0)	Reading variables...

Variable: w
Type: float
Total Size: 716774400 bytes
            179193600 values
Number of Dimensions: 4
Dimensions and sizes:	[time | 366] x [level | 17] x [lat | 80] x [lon | 360]
Coordinates: 
            time: [876587..885347]
            level: [1000..100]
            lat: [-39.5..39.5]
            lon: [   0.. 359]
Number Of Attributes: 6
  cell_methods :	time: mean
  missing_value :	-32767
  _FillValue :	-32767
  units :	Pa s**-1
  long_name :	Vertical velocity
  standard_name :	lagrangian_tendency_of_air_pressure

Variable: u
Type: float
Total Size: 716774400 bytes
            179193600 values
Number of Dimensions: 4
Dimensions and sizes:	[time | 366] x [level | 17] x [lat | 80] x [lon | 360]
Coordinates: 
            time: [876587..885347]
            level: [1000..100]
            lat: [-39.5..39.5]
            lon: [   0.. 359]
Number Of Attributes: 6
  cell_methods :	time: mean
  missing_value :	-32767
  _FillValue :	-32767
  units :	m s**-1
  long_name :	U component of wind
  standard_name :	eastward_wind

Variable: v
Type: float
Total Size: 716774400 bytes
            179193600 values
Number of Dimensions: 4
Dimensions and sizes:	[time | 366] x [level | 17] x [lat | 80] x [lon | 360]
Coordinates: 
            time: [876587..885347]
            level: [1000..100]
            lat: [-39.5..39.5]
            lon: [   0.. 359]
Number Of Attributes: 6
  cell_methods :	time: mean
  missing_value :	-32767
  _FillValue :	-32767
  units :	m s**-1
  long_name :	V component of wind
  standard_name :	northward_wind

Variable: q
Type: float
Total Size: 716774400 bytes
            179193600 values
Number of Dimensions: 4
Dimensions and sizes:	[time | 366] x [level | 17] x [lat | 80] x [lon | 360]
Coordinates: 
            time: [876587..885347]
            level: [1000..100]
            lat: [-39.5..39.5]
            lon: [   0.. 359]
Number Of Attributes: 6
  cell_methods :	time: mean
  missing_value :	-32767
  _FillValue :	-32767
  units :	kg kg**-1
  long_name :	Specific humidity
  standard_name :	specific_humidity
(0)	Calculating temperature tendency...

Variable: dT_dt
Type: float
Total Size: 716774400 bytes
            179193600 values
Number of Dimensions: 4
Dimensions and sizes:	[time | 366] x [level | 17] x [lat | 80] x [lon | 360]
Coordinates: 
            time: [876587..885347]
            level: [1000..100]
            lat: [-39.5..39.5]
            lon: [   0.. 359]
Number Of Attributes: 3
  units :	K/s
  long_name :	Local time derivative of temperature
  _FillValue :	-32767
(0)	Local time derivative of temperature (K/s) : min=-0.000267906   max=0.000225228

Variable: p
Type: float
Total Size: 68 bytes
            17 values
Num2001
 Copyright (C) 1995-2019 - All Rights Reserved
 University Corporation for Atmospheric Research
 NCAR Command Language Version 6.6.2
 The use of this software is governed by a License Agreement.
 See http://www.ncl.ucar.edu/ for more details.
(0)	Script started at: Fri Jul 10 21:34:12 AEST 2026

Variable: coord_model
Type: float
Total Size: 2081376000 bytes
            520344000 values
Number of Dimensions: 4
Dimensions and sizes:	[time | 365] x [level | 22] x [lat | 180] x [lon | 360]
Coordinates: 
            time: [885371..894107]
            level: [10..1000]
            lat: [-89.5..89.5]
            lon: [   0.. 359]
Number Of Attributes: 6
  standard_name :	lagrangian_tendency_of_air_pressure
  long_name :	Vertical velocity
  units :	Pa s**-1
  _FillValue :	-32767
  missing_value :	-32767
  cell_methods :	time: mean
(0)	short2flt: input variable is already type float: Specific humidity
(0)	short2flt: no conversion performed
(0)	short2flt: input variable is already type float: Vertical velocity
(0)	short2flt: no conversion performed
(0)	short2flt: input variable is already type float: U component of wind
(0)	short2flt: no conversion performed
(0)	short2flt: input variable is already type float: V component of wind
(0)	short2flt: no conversion performed
(0)	short2flt: input variable is already type float: Temperature
(0)	short2flt: no conversion performed
(0)	Reading variables...

Variable: w
Type: float
Total Size: 714816000 bytes
            178704000 values
Number of Dimensions: 4
Dimensions and sizes:	[time | 365] x [level | 17] x [lat | 80] x [lon | 360]
Coordinates: 
            time: [885371..894107]
            level: [1000..100]
            lat: [-39.5..39.5]
            lon: [   0.. 359]
Number Of Attributes: 6
  cell_methods :	time: mean
  missing_value :	-32767
  _FillValue :	-32767
  units :	Pa s**-1
  long_name :	Vertical velocity
  standard_name :	lagrangian_tendency_of_air_pressure

Variable: u
Type: float
Total Size: 714816000 bytes
            178704000 values
Number of Dimensions: 4
Dimensions and sizes:	[time | 365] x [level | 17] x [lat | 80] x [lon | 360]
Coordinates: 
            time: [885371..894107]
            level: [1000..100]
            lat: [-39.5..39.5]
            lon: [   0.. 359]
Number Of Attributes: 6
  cell_methods :	time: mean
  missing_value :	-32767
  _FillValue :	-32767
  units :	m s**-1
  long_name :	U component of wind
  standard_name :	eastward_wind

Variable: v
Type: float
Total Size: 714816000 bytes
            178704000 values
Number of Dimensions: 4
Dimensions and sizes:	[time | 365] x [level | 17] x [lat | 80] x [lon | 360]
Coordinates: 
            time: [885371..894107]
            level: [1000..100]
            lat: [-39.5..39.5]
            lon: [   0.. 359]
Number Of Attributes: 6
  cell_methods :	time: mean
  missing_value :	-32767
  _FillValue :	-32767
  units :	m s**-1
  long_name :	V component of wind
  standard_name :	northward_wind

Variable: q
Type: float
Total Size: 714816000 bytes
            178704000 values
Number of Dimensions: 4
Dimensions and sizes:	[time | 365] x [level | 17] x [lat | 80] x [lon | 360]
Coordinates: 
            time: [885371..894107]
            level: [1000..100]
            lat: [-39.5..39.5]
            lon: [   0.. 359]
Number Of Attributes: 6
  cell_methods :	time: mean
  missing_value :	-32767
  _FillValue :	-32767
  units :	kg kg**-1
  long_name :	Specific humidity
  standard_name :	specific_humidity
(0)	Calculating temperature tendency...

Variable: dT_dt
Type: float
Total Size: 714816000 bytes
            178704000 values
Number of Dimensions: 4
Dimensions and sizes:	[time | 365] x [level | 17] x [lat | 80] x [lon | 360]
Coordinates: 
            time: [885371..894107]
            level: [1000..100]
            lat: [-39.5..39.5]
            lon: [   0.. 359]
Number Of Attributes: 3
  units :	K/s
  long_name :	Local time derivative of temperature
  _FillValue :	-32767
(0)	Local time derivative of temperature (K/s) : min=-0.000264114   max=0.000225264

Variable: p
Type: float
Total Size: 68 bytes
            17 values
Num2002
 Copyright (C) 1995-2019 - All Rights Reserved
 University Corporation for Atmospheric Research
 NCAR Command Language Version 6.6.2
 The use of this software is governed by a License Agreement.
 See http://www.ncl.ucar.edu/ for more details.
(0)	Script started at: Fri Jul 10 21:34:18 AEST 2026

Variable: coord_model
Type: float
Total Size: 2081376000 bytes
            520344000 values
Number of Dimensions: 4
Dimensions and sizes:	[time | 365] x [level | 22] x [lat | 180] x [lon | 360]
Coordinates: 
            time: [894131..902867]
            level: [10..1000]
            lat: [-89.5..89.5]
            lon: [   0.. 359]
Number Of Attributes: 6
  standard_name :	lagrangian_tendency_of_air_pressure
  long_name :	Vertical velocity
  units :	Pa s**-1
  _FillValue :	-32767
  missing_value :	-32767
  cell_methods :	time: mean
(0)	short2flt: input variable is already type float: Specific humidity
(0)	short2flt: no conversion performed
(0)	short2flt: input variable is already type float: Vertical velocity
(0)	short2flt: no conversion performed
(0)	short2flt: input variable is already type float: U component of wind
(0)	short2flt: no conversion performed
(0)	short2flt: input variable is already type float: V component of wind
(0)	short2flt: no conversion performed
(0)	short2flt: input variable is already type float: Temperature
(0)	short2flt: no conversion performed
(0)	Reading variables...

Variable: w
Type: float
Total Size: 714816000 bytes
            178704000 values
Number of Dimensions: 4
Dimensions and sizes:	[time | 365] x [level | 17] x [lat | 80] x [lon | 360]
Coordinates: 
            time: [894131..902867]
            level: [1000..100]
            lat: [-39.5..39.5]
            lon: [   0.. 359]
Number Of Attributes: 6
  cell_methods :	time: mean
  missing_value :	-32767
  _FillValue :	-32767
  units :	Pa s**-1
  long_name :	Vertical velocity
  standard_name :	lagrangian_tendency_of_air_pressure

Variable: u
Type: float
Total Size: 714816000 bytes
            178704000 values
Number of Dimensions: 4
Dimensions and sizes:	[time | 365] x [level | 17] x [lat | 80] x [lon | 360]
Coordinates: 
            time: [894131..902867]
            level: [1000..100]
            lat: [-39.5..39.5]
            lon: [   0.. 359]
Number Of Attributes: 6
  cell_methods :	time: mean
  missing_value :	-32767
  _FillValue :	-32767
  units :	m s**-1
  long_name :	U component of wind
  standard_name :	eastward_wind

Variable: v
Type: float
Total Size: 714816000 bytes
            178704000 values
Number of Dimensions: 4
Dimensions and sizes:	[time | 365] x [level | 17] x [lat | 80] x [lon | 360]
Coordinates: 
            time: [894131..902867]
            level: [1000..100]
            lat: [-39.5..39.5]
            lon: [   0.. 359]
Number Of Attributes: 6
  cell_methods :	time: mean
  missing_value :	-32767
  _FillValue :	-32767
  units :	m s**-1
  long_name :	V component of wind
  standard_name :	northward_wind

Variable: q
Type: float
Total Size: 714816000 bytes
            178704000 values
Number of Dimensions: 4
Dimensions and sizes:	[time | 365] x [level | 17] x [lat | 80] x [lon | 360]
Coordinates: 
            time: [894131..902867]
            level: [1000..100]
            lat: [-39.5..39.5]
            lon: [   0.. 359]
Number Of Attributes: 6
  cell_methods :	time: mean
  missing_value :	-32767
  _FillValue :	-32767
  units :	kg kg**-1
  long_name :	Specific humidity
  standard_name :	specific_humidity
(0)	Calculating temperature tendency...

Variable: dT_dt
Type: float
Total Size: 714816000 bytes
            178704000 values
Number of Dimensions: 4
Dimensions and sizes:	[time | 365] x [level | 17] x [lat | 80] x [lon | 360]
Coordinates: 
            time: [894131..902867]
            level: [1000..100]
            lat: [-39.5..39.5]
            lon: [   0.. 359]
Number Of Attributes: 3
  units :	K/s
  long_name :	Local time derivative of temperature
  _FillValue :	-32767
(0)	Local time derivative of temperature (K/s) : min=-0.000251422   max=0.00023246

Variable: p
Type: float
Total Size: 68 bytes
            17 values
Numb2006
 Copyright (C) 1995-2019 - All Rights Reserved
 University Corporation for Atmospheric Research
 NCAR Command Language Version 6.6.2
 The use of this software is governed by a License Agreement.
 See http://www.ncl.ucar.edu/ for more details.
(0)	Script started at: Fri Jul 10 21:34:50 AEST 2026

Variable: coord_model
Type: float
Total Size: 2081376000 bytes
            520344000 values
Number of Dimensions: 4
Dimensions and sizes:	[time | 365] x [level | 22] x [lat | 180] x [lon | 360]
Coordinates: 
            time: [929195..937931]
            level: [10..1000]
            lat: [-89.5..89.5]
            lon: [   0.. 359]
Number Of Attributes: 6
  standard_name :	lagrangian_tendency_of_air_pressure
  long_name :	Vertical velocity
  units :	Pa s**-1
  _FillValue :	-32767
  missing_value :	-32767
  cell_methods :	time: mean
(0)	short2flt: input variable is already type float: Specific humidity
(0)	short2flt: no conversion performed
(0)	short2flt: input variable is already type float: Vertical velocity
(0)	short2flt: no conversion performed
(0)	short2flt: input variable is already type float: U component of wind
(0)	short2flt: no conversion performed
(0)	short2flt: input variable is already type float: V component of wind
(0)	short2flt: no conversion performed
(0)	short2flt: input variable is already type float: Temperature
(0)	short2flt: no conversion performed
(0)	Reading variables...

Variable: w
Type: float
Total Size: 714816000 bytes
            178704000 values
Number of Dimensions: 4
Dimensions and sizes:	[time | 365] x [level | 17] x [lat | 80] x [lon | 360]
Coordinates: 
            time: [929195..937931]
            level: [1000..100]
            lat: [-39.5..39.5]
            lon: [   0.. 359]
Number Of Attributes: 6
  cell_methods :	time: mean
  missing_value :	-32767
  _FillValue :	-32767
  units :	Pa s**-1
  long_name :	Vertical velocity
  standard_name :	lagrangian_tendency_of_air_pressure

Variable: u
Type: float
Total Size: 714816000 bytes
            178704000 values
Number of Dimensions: 4
Dimensions and sizes:	[time | 365] x [level | 17] x [lat | 80] x [lon | 360]
Coordinates: 
            time: [929195..937931]
            level: [1000..100]
            lat: [-39.5..39.5]
            lon: [   0.. 359]
Number Of Attributes: 6
  cell_methods :	time: mean
  missing_value :	-32767
  _FillValue :	-32767
  units :	m s**-1
  long_name :	U component of wind
  standard_name :	eastward_wind

Variable: v
Type: float
Total Size: 714816000 bytes
            178704000 values
Number of Dimensions: 4
Dimensions and sizes:	[time | 365] x [level | 17] x [lat | 80] x [lon | 360]
Coordinates: 
            time: [929195..937931]
            level: [1000..100]
            lat: [-39.5..39.5]
            lon: [   0.. 359]
Number Of Attributes: 6
  cell_methods :	time: mean
  missing_value :	-32767
  _FillValue :	-32767
  units :	m s**-1
  long_name :	V component of wind
  standard_name :	northward_wind

Variable: q
Type: float
Total Size: 714816000 bytes
            178704000 values
Number of Dimensions: 4
Dimensions and sizes:	[time | 365] x [level | 17] x [lat | 80] x [lon | 360]
Coordinates: 
            time: [929195..937931]
            level: [1000..100]
            lat: [-39.5..39.5]
            lon: [   0.. 359]
Number Of Attributes: 6
  cell_methods :	time: mean
  missing_value :	-32767
  _FillValue :	-32767
  units :	kg kg**-1
  long_name :	Specific humidity
  standard_name :	specific_humidity
(0)	Calculating temperature tendency...

Variable: dT_dt
Type: float
Total Size: 714816000 bytes
            178704000 values
Number of Dimensions: 4
Dimensions and sizes:	[time | 365] x [level | 17] x [lat | 80] x [lon | 360]
Coordinates: 
            time: [929195..937931]
            level: [1000..100]
            lat: [-39.5..39.5]
            lon: [   0.. 359]
Number Of Attributes: 3
  units :	K/s
  long_name :	Local time derivative of temperature
  _FillValue :	-32767
(0)	Local time derivative of temperature (K/s) : min=-0.000279701   max=0.000264327

Variable: p
Type: float
Total Size: 68 bytes
            17 values
Num2004
 Copyright (C) 1995-2019 - All Rights Reserved
 University Corporation for Atmospheric Research
 NCAR Command Language Version 6.6.2
 The use of this software is governed by a License Agreement.
 See http://www.ncl.ucar.edu/ for more details.
(0)	Script started at: Fri Jul 10 21:34:39 AEST 2026

Variable: coord_model
Type: float
Total Size: 2087078400 bytes
            521769600 values
Number of Dimensions: 4
Dimensions and sizes:	[time | 366] x [level | 22] x [lat | 180] x [lon | 360]
Coordinates: 
            time: [911651..920411]
            level: [10..1000]
            lat: [-89.5..89.5]
            lon: [   0.. 359]
Number Of Attributes: 6
  standard_name :	lagrangian_tendency_of_air_pressure
  long_name :	Vertical velocity
  units :	Pa s**-1
  _FillValue :	-32767
  missing_value :	-32767
  cell_methods :	time: mean
(0)	short2flt: input variable is already type float: Specific humidity
(0)	short2flt: no conversion performed
(0)	short2flt: input variable is already type float: Vertical velocity
(0)	short2flt: no conversion performed
(0)	short2flt: input variable is already type float: U component of wind
(0)	short2flt: no conversion performed
(0)	short2flt: input variable is already type float: V component of wind
(0)	short2flt: no conversion performed
(0)	short2flt: input variable is already type float: Temperature
(0)	short2flt: no conversion performed
(0)	Reading variables...

Variable: w
Type: float
Total Size: 716774400 bytes
            179193600 values
Number of Dimensions: 4
Dimensions and sizes:	[time | 366] x [level | 17] x [lat | 80] x [lon | 360]
Coordinates: 
            time: [911651..920411]
            level: [1000..100]
            lat: [-39.5..39.5]
            lon: [   0.. 359]
Number Of Attributes: 6
  cell_methods :	time: mean
  missing_value :	-32767
  _FillValue :	-32767
  units :	Pa s**-1
  long_name :	Vertical velocity
  standard_name :	lagrangian_tendency_of_air_pressure

Variable: u
Type: float
Total Size: 716774400 bytes
            179193600 values
Number of Dimensions: 4
Dimensions and sizes:	[time | 366] x [level | 17] x [lat | 80] x [lon | 360]
Coordinates: 
            time: [911651..920411]
            level: [1000..100]
            lat: [-39.5..39.5]
            lon: [   0.. 359]
Number Of Attributes: 6
  cell_methods :	time: mean
  missing_value :	-32767
  _FillValue :	-32767
  units :	m s**-1
  long_name :	U component of wind
  standard_name :	eastward_wind

Variable: v
Type: float
Total Size: 716774400 bytes
            179193600 values
Number of Dimensions: 4
Dimensions and sizes:	[time | 366] x [level | 17] x [lat | 80] x [lon | 360]
Coordinates: 
            time: [911651..920411]
            level: [1000..100]
            lat: [-39.5..39.5]
            lon: [   0.. 359]
Number Of Attributes: 6
  cell_methods :	time: mean
  missing_value :	-32767
  _FillValue :	-32767
  units :	m s**-1
  long_name :	V component of wind
  standard_name :	northward_wind

Variable: q
Type: float
Total Size: 716774400 bytes
            179193600 values
Number of Dimensions: 4
Dimensions and sizes:	[time | 366] x [level | 17] x [lat | 80] x [lon | 360]
Coordinates: 
            time: [911651..920411]
            level: [1000..100]
            lat: [-39.5..39.5]
            lon: [   0.. 359]
Number Of Attributes: 6
  cell_methods :	time: mean
  missing_value :	-32767
  _FillValue :	-32767
  units :	kg kg**-1
  long_name :	Specific humidity
  standard_name :	specific_humidity
(0)	Calculating temperature tendency...

Variable: dT_dt
Type: float
Total Size: 716774400 bytes
            179193600 values
Number of Dimensions: 4
Dimensions and sizes:	[time | 366] x [level | 17] x [lat | 80] x [lon | 360]
Coordinates: 
            time: [911651..920411]
            level: [1000..100]
            lat: [-39.5..39.5]
            lon: [   0.. 359]
Number Of Attributes: 3
  units :	K/s
  long_name :	Local time derivative of temperature
  _FillValue :	-32767
(0)	Local time derivative of temperature (K/s) : min=-0.000237568   max=0.000243591

Variable: p
Type: float
Total Size: 68 bytes
            17 values
Num2007
 Copyright (C) 1995-2019 - All Rights Reserved
 University Corporation for Atmospheric Research
 NCAR Command Language Version 6.6.2
 The use of this software is governed by a License Agreement.
 See http://www.ncl.ucar.edu/ for more details.
(0)	Script started at: Fri Jul 10 21:34:56 AEST 2026

Variable: coord_model
Type: float
Total Size: 2081376000 bytes
            520344000 values
Number of Dimensions: 4
Dimensions and sizes:	[time | 365] x [level | 22] x [lat | 180] x [lon | 360]
Coordinates: 
            time: [937955..946691]
            level: [10..1000]
            lat: [-89.5..89.5]
            lon: [   0.. 359]
Number Of Attributes: 6
  standard_name :	lagrangian_tendency_of_air_pressure
  long_name :	Vertical velocity
  units :	Pa s**-1
  _FillValue :	-32767
  missing_value :	-32767
  cell_methods :	time: mean
(0)	short2flt: input variable is already type float: Specific humidity
(0)	short2flt: no conversion performed
(0)	short2flt: input variable is already type float: Vertical velocity
(0)	short2flt: no conversion performed
(0)	short2flt: input variable is already type float: U component of wind
(0)	short2flt: no conversion performed
(0)	short2flt: input variable is already type float: V component of wind
(0)	short2flt: no conversion performed
(0)	short2flt: input variable is already type float: Temperature
(0)	short2flt: no conversion performed
(0)	Reading variables...

Variable: w
Type: float
Total Size: 714816000 bytes
            178704000 values
Number of Dimensions: 4
Dimensions and sizes:	[time | 365] x [level | 17] x [lat | 80] x [lon | 360]
Coordinates: 
            time: [937955..946691]
            level: [1000..100]
            lat: [-39.5..39.5]
            lon: [   0.. 359]
Number Of Attributes: 6
  cell_methods :	time: mean
  missing_value :	-32767
  _FillValue :	-32767
  units :	Pa s**-1
  long_name :	Vertical velocity
  standard_name :	lagrangian_tendency_of_air_pressure

Variable: u
Type: float
Total Size: 714816000 bytes
            178704000 values
Number of Dimensions: 4
Dimensions and sizes:	[time | 365] x [level | 17] x [lat | 80] x [lon | 360]
Coordinates: 
            time: [937955..946691]
            level: [1000..100]
            lat: [-39.5..39.5]
            lon: [   0.. 359]
Number Of Attributes: 6
  cell_methods :	time: mean
  missing_value :	-32767
  _FillValue :	-32767
  units :	m s**-1
  long_name :	U component of wind
  standard_name :	eastward_wind

Variable: v
Type: float
Total Size: 714816000 bytes
            178704000 values
Number of Dimensions: 4
Dimensions and sizes:	[time | 365] x [level | 17] x [lat | 80] x [lon | 360]
Coordinates: 
            time: [937955..946691]
            level: [1000..100]
            lat: [-39.5..39.5]
            lon: [   0.. 359]
Number Of Attributes: 6
  cell_methods :	time: mean
  missing_value :	-32767
  _FillValue :	-32767
  units :	m s**-1
  long_name :	V component of wind
  standard_name :	northward_wind

Variable: q
Type: float
Total Size: 714816000 bytes
            178704000 values
Number of Dimensions: 4
Dimensions and sizes:	[time | 365] x [level | 17] x [lat | 80] x [lon | 360]
Coordinates: 
            time: [937955..946691]
            level: [1000..100]
            lat: [-39.5..39.5]
            lon: [   0.. 359]
Number Of Attributes: 6
  cell_methods :	time: mean
  missing_value :	-32767
  _FillValue :	-32767
  units :	kg kg**-1
  long_name :	Specific humidity
  standard_name :	specific_humidity
(0)	Calculating temperature tendency...

Variable: dT_dt
Type: float
Total Size: 714816000 bytes
            178704000 values
Number of Dimensions: 4
Dimensions and sizes:	[time | 365] x [level | 17] x [lat | 80] x [lon | 360]
Coordinates: 
            time: [937955..946691]
            level: [1000..100]
            lat: [-39.5..39.5]
            lon: [   0.. 359]
Number Of Attributes: 3
  units :	K/s
  long_name :	Local time derivative of temperature
  _FillValue :	-32767
(0)	Local time derivative of temperature (K/s) : min=-0.000299227   max=0.000243576

Variable: p
Type: float
Total Size: 68 bytes
            17 values
Num2012
 Copyright (C) 1995-2019 - All Rights Reserved
 University Corporation for Atmospheric Research
 NCAR Command Language Version 6.6.2
 The use of this software is governed by a License Agreement.
 See http://www.ncl.ucar.edu/ for more details.
(0)	Script started at: Fri Jul 10 21:35:25 AEST 2026

Variable: coord_model
Type: float
Total Size: 2087078400 bytes
            521769600 values
Number of Dimensions: 4
Dimensions and sizes:	[time | 366] x [level | 22] x [lat | 180] x [lon | 360]
Coordinates: 
            time: [981779..990539]
            level: [10..1000]
            lat: [-89.5..89.5]
            lon: [   0.. 359]
Number Of Attributes: 6
  standard_name :	lagrangian_tendency_of_air_pressure
  long_name :	Vertical velocity
  units :	Pa s**-1
  _FillValue :	-32767
  missing_value :	-32767
  cell_methods :	time: mean
(0)	short2flt: input variable is already type float: Specific humidity
(0)	short2flt: no conversion performed
(0)	short2flt: input variable is already type float: Vertical velocity
(0)	short2flt: no conversion performed
(0)	short2flt: input variable is already type float: U component of wind
(0)	short2flt: no conversion performed
(0)	short2flt: input variable is already type float: V component of wind
(0)	short2flt: no conversion performed
(0)	short2flt: input variable is already type float: Temperature
(0)	short2flt: no conversion performed
(0)	Reading variables...

Variable: w
Type: float
Total Size: 716774400 bytes
            179193600 values
Number of Dimensions: 4
Dimensions and sizes:	[time | 366] x [level | 17] x [lat | 80] x [lon | 360]
Coordinates: 
            time: [981779..990539]
            level: [1000..100]
            lat: [-39.5..39.5]
            lon: [   0.. 359]
Number Of Attributes: 6
  cell_methods :	time: mean
  missing_value :	-32767
  _FillValue :	-32767
  units :	Pa s**-1
  long_name :	Vertical velocity
  standard_name :	lagrangian_tendency_of_air_pressure

Variable: u
Type: float
Total Size: 716774400 bytes
            179193600 values
Number of Dimensions: 4
Dimensions and sizes:	[time | 366] x [level | 17] x [lat | 80] x [lon | 360]
Coordinates: 
            time: [981779..990539]
            level: [1000..100]
            lat: [-39.5..39.5]
            lon: [   0.. 359]
Number Of Attributes: 6
  cell_methods :	time: mean
  missing_value :	-32767
  _FillValue :	-32767
  units :	m s**-1
  long_name :	U component of wind
  standard_name :	eastward_wind

Variable: v
Type: float
Total Size: 716774400 bytes
            179193600 values
Number of Dimensions: 4
Dimensions and sizes:	[time | 366] x [level | 17] x [lat | 80] x [lon | 360]
Coordinates: 
            time: [981779..990539]
            level: [1000..100]
            lat: [-39.5..39.5]
            lon: [   0.. 359]
Number Of Attributes: 6
  cell_methods :	time: mean
  missing_value :	-32767
  _FillValue :	-32767
  units :	m s**-1
  long_name :	V component of wind
  standard_name :	northward_wind

Variable: q
Type: float
Total Size: 716774400 bytes
            179193600 values
Number of Dimensions: 4
Dimensions and sizes:	[time | 366] x [level | 17] x [lat | 80] x [lon | 360]
Coordinates: 
            time: [981779..990539]
            level: [1000..100]
            lat: [-39.5..39.5]
            lon: [   0.. 359]
Number Of Attributes: 6
  cell_methods :	time: mean
  missing_value :	-32767
  _FillValue :	-32767
  units :	kg kg**-1
  long_name :	Specific humidity
  standard_name :	specific_humidity
(0)	Calculating temperature tendency...

Variable: dT_dt
Type: float
Total Size: 716774400 bytes
            179193600 values
Number of Dimensions: 4
Dimensions and sizes:	[time | 366] x [level | 17] x [lat | 80] x [lon | 360]
Coordinates: 
            time: [981779..990539]
            level: [1000..100]
            lat: [-39.5..39.5]
            lon: [   0.. 359]
Number Of Attributes: 3
  units :	K/s
  long_name :	Local time derivative of temperature
  _FillValue :	-32767
(0)	Local time derivative of temperature (K/s) : min=-0.000265175   max=0.000221599

Variable: p
Type: float
Total Size: 68 bytes
            17 values
Num2010
 Copyright (C) 1995-2019 - All Rights Reserved
 University Corporation for Atmospheric Research
 NCAR Command Language Version 6.6.2
 The use of this software is governed by a License Agreement.
 See http://www.ncl.ucar.edu/ for more details.
(0)	Script started at: Fri Jul 10 21:35:13 AEST 2026

Variable: coord_model
Type: float
Total Size: 2081376000 bytes
            520344000 values
Number of Dimensions: 4
Dimensions and sizes:	[time | 365] x [level | 22] x [lat | 180] x [lon | 360]
Coordinates: 
            time: [964259..972995]
            level: [10..1000]
            lat: [-89.5..89.5]
            lon: [   0.. 359]
Number Of Attributes: 6
  standard_name :	lagrangian_tendency_of_air_pressure
  long_name :	Vertical velocity
  units :	Pa s**-1
  _FillValue :	-32767
  missing_value :	-32767
  cell_methods :	time: mean
(0)	short2flt: input variable is already type float: Specific humidity
(0)	short2flt: no conversion performed
(0)	short2flt: input variable is already type float: Vertical velocity
(0)	short2flt: no conversion performed
(0)	short2flt: input variable is already type float: U component of wind
(0)	short2flt: no conversion performed
(0)	short2flt: input variable is already type float: V component of wind
(0)	short2flt: no conversion performed
(0)	short2flt: input variable is already type float: Temperature
(0)	short2flt: no conversion performed
(0)	Reading variables...

Variable: w
Type: float
Total Size: 714816000 bytes
            178704000 values
Number of Dimensions: 4
Dimensions and sizes:	[time | 365] x [level | 17] x [lat | 80] x [lon | 360]
Coordinates: 
            time: [964259..972995]
            level: [1000..100]
            lat: [-39.5..39.5]
            lon: [   0.. 359]
Number Of Attributes: 6
  cell_methods :	time: mean
  missing_value :	-32767
  _FillValue :	-32767
  units :	Pa s**-1
  long_name :	Vertical velocity
  standard_name :	lagrangian_tendency_of_air_pressure

Variable: u
Type: float
Total Size: 714816000 bytes
            178704000 values
Number of Dimensions: 4
Dimensions and sizes:	[time | 365] x [level | 17] x [lat | 80] x [lon | 360]
Coordinates: 
            time: [964259..972995]
            level: [1000..100]
            lat: [-39.5..39.5]
            lon: [   0.. 359]
Number Of Attributes: 6
  cell_methods :	time: mean
  missing_value :	-32767
  _FillValue :	-32767
  units :	m s**-1
  long_name :	U component of wind
  standard_name :	eastward_wind

Variable: v
Type: float
Total Size: 714816000 bytes
            178704000 values
Number of Dimensions: 4
Dimensions and sizes:	[time | 365] x [level | 17] x [lat | 80] x [lon | 360]
Coordinates: 
            time: [964259..972995]
            level: [1000..100]
            lat: [-39.5..39.5]
            lon: [   0.. 359]
Number Of Attributes: 6
  cell_methods :	time: mean
  missing_value :	-32767
  _FillValue :	-32767
  units :	m s**-1
  long_name :	V component of wind
  standard_name :	northward_wind

Variable: q
Type: float
Total Size: 714816000 bytes
            178704000 values
Number of Dimensions: 4
Dimensions and sizes:	[time | 365] x [level | 17] x [lat | 80] x [lon | 360]
Coordinates: 
            time: [964259..972995]
            level: [1000..100]
            lat: [-39.5..39.5]
            lon: [   0.. 359]
Number Of Attributes: 6
  cell_methods :	time: mean
  missing_value :	-32767
  _FillValue :	-32767
  units :	kg kg**-1
  long_name :	Specific humidity
  standard_name :	specific_humidity
(0)	Calculating temperature tendency...

Variable: dT_dt
Type: float
Total Size: 714816000 bytes
            178704000 values
Number of Dimensions: 4
Dimensions and sizes:	[time | 365] x [level | 17] x [lat | 80] x [lon | 360]
Coordinates: 
            time: [964259..972995]
            level: [1000..100]
            lat: [-39.5..39.5]
            lon: [   0.. 359]
Number Of Attributes: 3
  units :	K/s
  long_name :	Local time derivative of temperature
  _FillValue :	-32767
(0)	Local time derivative of temperature (K/s) : min=-0.000261765   max=0.000234408

Variable: p
Type: float
Total Size: 68 bytes
            17 values
Num2008
 Copyright (C) 1995-2019 - All Rights Reserved
 University Corporation for Atmospheric Research
 NCAR Command Language Version 6.6.2
 The use of this software is governed by a License Agreement.
 See http://www.ncl.ucar.edu/ for more details.
(0)	Script started at: Fri Jul 10 21:35:01 AEST 2026

Variable: coord_model
Type: float
Total Size: 2087078400 bytes
            521769600 values
Number of Dimensions: 4
Dimensions and sizes:	[time | 366] x [level | 22] x [lat | 180] x [lon | 360]
Coordinates: 
            time: [946715..955475]
            level: [10..1000]
            lat: [-89.5..89.5]
            lon: [   0.. 359]
Number Of Attributes: 6
  standard_name :	lagrangian_tendency_of_air_pressure
  long_name :	Vertical velocity
  units :	Pa s**-1
  _FillValue :	-32767
  missing_value :	-32767
  cell_methods :	time: mean
(0)	short2flt: input variable is already type float: Specific humidity
(0)	short2flt: no conversion performed
(0)	short2flt: input variable is already type float: Vertical velocity
(0)	short2flt: no conversion performed
(0)	short2flt: input variable is already type float: U component of wind
(0)	short2flt: no conversion performed
(0)	short2flt: input variable is already type float: V component of wind
(0)	short2flt: no conversion performed
(0)	short2flt: input variable is already type float: Temperature
(0)	short2flt: no conversion performed
(0)	Reading variables...

Variable: w
Type: float
Total Size: 716774400 bytes
            179193600 values
Number of Dimensions: 4
Dimensions and sizes:	[time | 366] x [level | 17] x [lat | 80] x [lon | 360]
Coordinates: 
            time: [946715..955475]
            level: [1000..100]
            lat: [-39.5..39.5]
            lon: [   0.. 359]
Number Of Attributes: 6
  cell_methods :	time: mean
  missing_value :	-32767
  _FillValue :	-32767
  units :	Pa s**-1
  long_name :	Vertical velocity
  standard_name :	lagrangian_tendency_of_air_pressure

Variable: u
Type: float
Total Size: 716774400 bytes
            179193600 values
Number of Dimensions: 4
Dimensions and sizes:	[time | 366] x [level | 17] x [lat | 80] x [lon | 360]
Coordinates: 
            time: [946715..955475]
            level: [1000..100]
            lat: [-39.5..39.5]
            lon: [   0.. 359]
Number Of Attributes: 6
  cell_methods :	time: mean
  missing_value :	-32767
  _FillValue :	-32767
  units :	m s**-1
  long_name :	U component of wind
  standard_name :	eastward_wind

Variable: v
Type: float
Total Size: 716774400 bytes
            179193600 values
Number of Dimensions: 4
Dimensions and sizes:	[time | 366] x [level | 17] x [lat | 80] x [lon | 360]
Coordinates: 
            time: [946715..955475]
            level: [1000..100]
            lat: [-39.5..39.5]
            lon: [   0.. 359]
Number Of Attributes: 6
  cell_methods :	time: mean
  missing_value :	-32767
  _FillValue :	-32767
  units :	m s**-1
  long_name :	V component of wind
  standard_name :	northward_wind

Variable: q
Type: float
Total Size: 716774400 bytes
            179193600 values
Number of Dimensions: 4
Dimensions and sizes:	[time | 366] x [level | 17] x [lat | 80] x [lon | 360]
Coordinates: 
            time: [946715..955475]
            level: [1000..100]
            lat: [-39.5..39.5]
            lon: [   0.. 359]
Number Of Attributes: 6
  cell_methods :	time: mean
  missing_value :	-32767
  _FillValue :	-32767
  units :	kg kg**-1
  long_name :	Specific humidity
  standard_name :	specific_humidity
(0)	Calculating temperature tendency...

Variable: dT_dt
Type: float
Total Size: 716774400 bytes
            179193600 values
Number of Dimensions: 4
Dimensions and sizes:	[time | 366] x [level | 17] x [lat | 80] x [lon | 360]
Coordinates: 
            time: [946715..955475]
            level: [1000..100]
            lat: [-39.5..39.5]
            lon: [   0.. 359]
Number Of Attributes: 3
  units :	K/s
  long_name :	Local time derivative of temperature
  _FillValue :	-32767
(0)	Local time derivative of temperature (K/s) : min=-0.000306533   max=0.000216673

Variable: p
Type: float
Total Size: 68 bytes
            17 values
Num2005
 Copyright (C) 1995-2019 - All Rights Reserved
 University Corporation for Atmospheric Research
 NCAR Command Language Version 6.6.2
 The use of this software is governed by a License Agreement.
 See http://www.ncl.ucar.edu/ for more details.
(0)	Script started at: Fri Jul 10 21:34:44 AEST 2026

Variable: coord_model
Type: float
Total Size: 2081376000 bytes
            520344000 values
Number of Dimensions: 4
Dimensions and sizes:	[time | 365] x [level | 22] x [lat | 180] x [lon | 360]
Coordinates: 
            time: [920435..929171]
            level: [10..1000]
            lat: [-89.5..89.5]
            lon: [   0.. 359]
Number Of Attributes: 6
  standard_name :	lagrangian_tendency_of_air_pressure
  long_name :	Vertical velocity
  units :	Pa s**-1
  _FillValue :	-32767
  missing_value :	-32767
  cell_methods :	time: mean
(0)	short2flt: input variable is already type float: Specific humidity
(0)	short2flt: no conversion performed
(0)	short2flt: input variable is already type float: Vertical velocity
(0)	short2flt: no conversion performed
(0)	short2flt: input variable is already type float: U component of wind
(0)	short2flt: no conversion performed
(0)	short2flt: input variable is already type float: V component of wind
(0)	short2flt: no conversion performed
(0)	short2flt: input variable is already type float: Temperature
(0)	short2flt: no conversion performed
(0)	Reading variables...

Variable: w
Type: float
Total Size: 714816000 bytes
            178704000 values
Number of Dimensions: 4
Dimensions and sizes:	[time | 365] x [level | 17] x [lat | 80] x [lon | 360]
Coordinates: 
            time: [920435..929171]
            level: [1000..100]
            lat: [-39.5..39.5]
            lon: [   0.. 359]
Number Of Attributes: 6
  cell_methods :	time: mean
  missing_value :	-32767
  _FillValue :	-32767
  units :	Pa s**-1
  long_name :	Vertical velocity
  standard_name :	lagrangian_tendency_of_air_pressure

Variable: u
Type: float
Total Size: 714816000 bytes
            178704000 values
Number of Dimensions: 4
Dimensions and sizes:	[time | 365] x [level | 17] x [lat | 80] x [lon | 360]
Coordinates: 
            time: [920435..929171]
            level: [1000..100]
            lat: [-39.5..39.5]
            lon: [   0.. 359]
Number Of Attributes: 6
  cell_methods :	time: mean
  missing_value :	-32767
  _FillValue :	-32767
  units :	m s**-1
  long_name :	U component of wind
  standard_name :	eastward_wind

Variable: v
Type: float
Total Size: 714816000 bytes
            178704000 values
Number of Dimensions: 4
Dimensions and sizes:	[time | 365] x [level | 17] x [lat | 80] x [lon | 360]
Coordinates: 
            time: [920435..929171]
            level: [1000..100]
            lat: [-39.5..39.5]
            lon: [   0.. 359]
Number Of Attributes: 6
  cell_methods :	time: mean
  missing_value :	-32767
  _FillValue :	-32767
  units :	m s**-1
  long_name :	V component of wind
  standard_name :	northward_wind

Variable: q
Type: float
Total Size: 714816000 bytes
            178704000 values
Number of Dimensions: 4
Dimensions and sizes:	[time | 365] x [level | 17] x [lat | 80] x [lon | 360]
Coordinates: 
            time: [920435..929171]
            level: [1000..100]
            lat: [-39.5..39.5]
            lon: [   0.. 359]
Number Of Attributes: 6
  cell_methods :	time: mean
  missing_value :	-32767
  _FillValue :	-32767
  units :	kg kg**-1
  long_name :	Specific humidity
  standard_name :	specific_humidity
(0)	Calculating temperature tendency...

Variable: dT_dt
Type: float
Total Size: 714816000 bytes
            178704000 values
Number of Dimensions: 4
Dimensions and sizes:	[time | 365] x [level | 17] x [lat | 80] x [lon | 360]
Coordinates: 
            time: [920435..929171]
            level: [1000..100]
            lat: [-39.5..39.5]
            lon: [   0.. 359]
Number Of Attributes: 3
  units :	K/s
  long_name :	Local time derivative of temperature
  _FillValue :	-32767
(0)	Local time derivative of temperature (K/s) : min=-0.000252326   max=0.000227208

Variable: p
Type: float
Total Size: 68 bytes
            17 values
Number of Dimensions: 1
Dimensions and sizes:	[p | 17]
Coordinates: 
            p: [100000..10000]
Number Of Attributes: 1
  units :	Pa
(0)	---

Variable: ss
Type: float
Total Size: 714816000 bytes
            178704000 values
Number of Dimensions: 4
Dimensions and sizes:	[time | 365] x [level | 17] x [lat | 80] x [lon | 360]
Coordinates: 
            time: [920435..929171]
            level: [1000..100]
            lat: [-39.5..39.5]
            lon: [   0.. 359]
Number Of Attributes: 3
  _FillValue :	-32767
  long_name :	static stability
  units :	K/Pa
(0)	static stability (K/Pa) : min=-0.000757098   max=0.00669866
(0)	-----
(0)	Calculating temperature advection...

Variable: adv_T_zonal
Type: double
Total Size: 1429632000 bytes
            178704000 values
Number of Dimensions: 4
Dimensions and sizes:	[time | 365] x [level | 17] x [lat | 80] x [lon | 360]
Coordinates: 
            time: [920435..929171]
            level: [1000..100]
            lat: [-39.5..39.5]
            lon: [   0.. 359]
Number Of Attributes: 3
  units :	K/s
  long_name :	Zonal advection of temperature
  _FillValue :	-32767
(0)	Zonal advection of temperature (K/s) : min=-0.003579556146350183   max=0.002499354298956919

Variable: adv_T_meridional
Type: double
Total Size: 1429632000 bytes
            178704000 values
Number of Dimensions: 4
Dimensions and sizes:	[time | 365] x [level | 17] x [lat | 80] x [lon | 360]
Coordinates: 
            time: [920435..929171]
            level: [1000..100]
            lat: [-39.5..39.5]
            lon: [   0.. 359]
Number Of Attributes: 3
  units :	K/s
  long_name :	Meridional advection of temperature
  _FillValue :	-32767
(0)	Meridional advection of temperature (K/s) : min=-0.001662192390591696   max=0.001471138911268661

Variable: adv_T
Type: double
Total Size: 1429632000 bytes
            178704000 values
Number of Dimensions: 4
Dimensions and sizes:	[time | 365] x [level | 17] x [lat | 80] x [lon | 360]
Coordinates: 
            time: [920435..929171]
            level: [1000..100]
            lat: [-39.5..39.5]
            lon: [   0.. 359]
Number Of Attributes: 3
  units :	K/s
  long_name :	Advection of Horizontal temperature
  _FillValue :	-32767
(0)	Advection of Horizontal temperature (K/s) : min=-0.003269322469937349   max=0.002422661516766119
(0)	Calculating q1...

Variable: q1
Type: double
Total Size: 1429632000 bytes
            178704000 values
Number of Dimensions: 4
Dimensions and sizes:	[time | 365] x [level | 17] x [lat | 80] x [lon | 360]
Coordinates: 
            time: [920435..929171]
            level: [1000..100]
            lat: [-39.5..39.5]
            lon: [   0.. 359]
Number Of Attributes: 3
  units :	K/s
  long_name :	q1: Net Heat Flux
  _FillValue :	-32767
(0)	q1: Net Heat Flux (K/s) : min=-0.01084845726372573   max=0.008405845389994492
(0)	-----

Variable: Q1_cp
Type: double
Total Size: 1429632000 bytes
            178704000 values
Number of Dimensions: 4
Dimensions and sizes:	[time | 365] x [level | 17] x [lat | 80] x [lon | 360]
Coordinates: 
            time: [920435..929171]
            level: [1000..100]
            lat: [-39.5..39.5]
            lon: [   0.. 359]
Number Of Attributes: 3
  units :	m2/s3
  long_name :	Q1: Total Diabatic Heating as the Apparent Heat Source
  _FillValue :	-32767
(0)	Q1: Total Diabatic Heating as the Apparent Heat Source (m2/s3) : min=-10.89879426434237   max=8.444848635736568
(0)	-----
(0)	Writing output files...

Variable: fo_q1
Type: double
Total Size: 235889280 bytes
            29486160 values
Number of Dimensions: 4
Dimensions and sizes:	[time | 365] x [level | 17] x [lat | 33] x [lon | 144]
Coordinates: 
            time: [920435..929171]
            level: [1000..100]
            lat: [ -40..  40]
            lon: [   0..357.5]
Number Of Attributes: 3
  _FillValue :	-32767
  long_name :	q1: Net Heat Flux per day
  units :	K/day

Variable: fo_q1
Type: double
Total Size: 235889280 bytes
            29486160 values
Number of Dimensions: 4
Dimensions and sizes:	[time | 365] x [level | 17] x [lat | 33] x [lon | 144]
Coordinates: 
            time: [920435..929171]
            level: [1000..100]
            lat: [ -40..  40]
            lon: [   0..357.5]
Number Of Attributes: 3
  _FillValue :	-32767
  long_name :	q1: Net Heat Flux per day
  units :	K/day
fatal:["NclAdvancedFile.c":7091]:Type mismatch, can't perform assignment
fatal:["Execute.c":8637]:Execute: Error occurred at or near line 295 in file /home/563/fm6730/localrepo/wave_vertical_heating/scripts/main/ncl_make_q1_obs.ncl

fatal:["NclAdvancedFile.c":7091]:Type mismatch, can't perform assignment
fatal:["Execute.c":8637]:Execute: Error occurred at or near line 296 in file /home/563/fm6730/localrepo/wave_vertical_heating/scripts/main/ncl_make_q1_obs.ncl

(0)	checking...
2003
 Copyright (C) 1995-2019 - All Rights Reserved
 University Corporation for Atmospheric Research
 NCAR Command Language Version 6.6.2
 The use of this software is governed by a License Agreement.
 See http://www.ncl.ucar.edu/ for more details.
(0)	Script started at: Fri Jul 10 21:34:26 AEST 2026

Variable: coord_model
Type: float
Total Size: 2081376000 bytes
            520344000 values
Number of Dimensions: 4
Dimensions and sizes:	[time | 365] x [level | 22] x [lat | 180] x [lon | 360]
Coordinates: 
            time: [902891..911627]
            level: [10..1000]
            lat: [-89.5..89.5]
            lon: [   0.. 359]
Number Of Attributes: 6
  standard_name :	lagrangian_tendency_of_air_pressure
  long_name :	Vertical velocity
  units :	Pa s**-1
  _FillValue :	-32767
  missing_value :	-32767
  cell_methods :	time: mean
(0)	short2flt: input variable is already type float: Specific humidity
(0)	short2flt: no conversion performed
(0)	short2flt: input variable is already type float: Vertical velocity
(0)	short2flt: no conversion performed
(0)	short2flt: input variable is already type float: U component of wind
(0)	short2flt: no conversion performed
(0)	short2flt: input variable is already type float: V component of wind
(0)	short2flt: no conversion performed
(0)	short2flt: input variable is already type float: Temperature
(0)	short2flt: no conversion performed
(0)	Reading variables...

Variable: w
Type: float
Total Size: 714816000 bytes
            178704000 values
Number of Dimensions: 4
Dimensions and sizes:	[time | 365] x [level | 17] x [lat | 80] x [lon | 360]
Coordinates: 
            time: [902891..911627]
            level: [1000..100]
            lat: [-39.5..39.5]
            lon: [   0.. 359]
Number Of Attributes: 6
  cell_methods :	time: mean
  missing_value :	-32767
  _FillValue :	-32767
  units :	Pa s**-1
  long_name :	Vertical velocity
  standard_name :	lagrangian_tendency_of_air_pressure

Variable: u
Type: float
Total Size: 714816000 bytes
            178704000 values
Number of Dimensions: 4
Dimensions and sizes:	[time | 365] x [level | 17] x [lat | 80] x [lon | 360]
Coordinates: 
            time: [902891..911627]
            level: [1000..100]
            lat: [-39.5..39.5]
            lon: [   0.. 359]
Number Of Attributes: 6
  cell_methods :	time: mean
  missing_value :	-32767
  _FillValue :	-32767
  units :	m s**-1
  long_name :	U component of wind
  standard_name :	eastward_wind

Variable: v
Type: float
Total Size: 714816000 bytes
            178704000 values
Number of Dimensions: 4
Dimensions and sizes:	[time | 365] x [level | 17] x [lat | 80] x [lon | 360]
Coordinates: 
            time: [902891..911627]
            level: [1000..100]
            lat: [-39.5..39.5]
            lon: [   0.. 359]
Number Of Attributes: 6
  cell_methods :	time: mean
  missing_value :	-32767
  _FillValue :	-32767
  units :	m s**-1
  long_name :	V component of wind
  standard_name :	northward_wind

Variable: q
Type: float
Total Size: 714816000 bytes
            178704000 values
Number of Dimensions: 4
Dimensions and sizes:	[time | 365] x [level | 17] x [lat | 80] x [lon | 360]
Coordinates: 
            time: [902891..911627]
            level: [1000..100]
            lat: [-39.5..39.5]
            lon: [   0.. 359]
Number Of Attributes: 6
  cell_methods :	time: mean
  missing_value :	-32767
  _FillValue :	-32767
  units :	kg kg**-1
  long_name :	Specific humidity
  standard_name :	specific_humidity
(0)	Calculating temperature tendency...

Variable: dT_dt
Type: float
Total Size: 714816000 bytes
            178704000 values
Number of Dimensions: 4
Dimensions and sizes:	[time | 365] x [level | 17] x [lat | 80] x [lon | 360]
Coordinates: 
            time: [902891..911627]
            level: [1000..100]
            lat: [-39.5..39.5]
            lon: [   0.. 359]
Number Of Attributes: 3
  units :	K/s
  long_name :	Local time derivative of temperature
  _FillValue :	-32767
(0)	Local time derivative of temperature (K/s) : min=-0.00025517   max=0.000236889

Variable: p
Type: float
Total Size: 68 bytes
            17 values
Number of Dimensions: 1
Dimensions and sizes:	[p | 17]
Coordinates: 
            p: [100000..10000]
Number Of Attributes: 1
  units :	Pa
(0)	---

Variable: ss
Type: float
Total Size: 714816000 bytes
            178704000 values
Number of Dimensions: 4
Dimensions and sizes:	[time | 365] x [level | 17] x [lat | 80] x [lon | 360]
Coordinates: 
            time: [902891..911627]
            level: [1000..100]
            lat: [-39.5..39.5]
            lon: [   0.. 359]
Number Of Attributes: 3
  _FillValue :	-32767
  long_name :	static stability
  units :	K/Pa
(0)	static stability (K/Pa) : min=-0.000968268   max=0.00706343
(0)	-----
(0)	Calculating temperature advection...

Variable: adv_T_zonal
Type: double
Total Size: 1429632000 bytes
            178704000 values
Number of Dimensions: 4
Dimensions and sizes:	[time | 365] x [level | 17] x [lat | 80] x [lon | 360]
Coordinates: 
            time: [902891..911627]
            level: [1000..100]
            lat: [-39.5..39.5]
            lon: [   0.. 359]
Number Of Attributes: 3
  units :	K/s
  long_name :	Zonal advection of temperature
  _FillValue :	-32767
(0)	Zonal advection of temperature (K/s) : min=-0.002894652436815465   max=0.002620256596320144

Variable: adv_T_meridional
Type: double
Total Size: 1429632000 bytes
            178704000 values
Number of Dimensions: 4
Dimensions and sizes:	[time | 365] x [level | 17] x [lat | 80] x [lon | 360]
Coordinates: 
            time: [902891..911627]
            level: [1000..100]
            lat: [-39.5..39.5]
            lon: [   0.. 359]
Number Of Attributes: 3
  units :	K/s
  long_name :	Meridional advection of temperature
  _FillValue :	-32767
(0)	Meridional advection of temperature (K/s) : min=-0.001736107380034054   max=0.001582681649163301

Variable: adv_T
Type: double
Total Size: 1429632000 bytes
            178704000 values
Number of Dimensions: 4
Dimensions and sizes:	[time | 365] x [level | 17] x [lat | 80] x [lon | 360]
Coordinates: 
            time: [902891..911627]
            level: [1000..100]
            lat: [-39.5..39.5]
            lon: [   0.. 359]
Number Of Attributes: 3
  units :	K/s
  long_name :	Advection of Horizontal temperature
  _FillValue :	-32767
(0)	Advection of Horizontal temperature (K/s) : min=-0.003034075965917139   max=0.002616883384241301
(0)	Calculating q1...

Variable: q1
Type: double
Total Size: 1429632000 bytes
            178704000 values
Number of Dimensions: 4
Dimensions and sizes:	[time | 365] x [level | 17] x [lat | 80] x [lon | 360]
Coordinates: 
            time: [902891..911627]
            level: [1000..100]
            lat: [-39.5..39.5]
            lon: [   0.. 359]
Number Of Attributes: 3
  units :	K/s
  long_name :	q1: Net Heat Flux
  _FillValue :	-32767
(0)	q1: Net Heat Flux (K/s) : min=-0.0111948971746736   max=0.00788258938901476
(0)	-----

Variable: Q1_cp
Type: double
Total Size: 1429632000 bytes
            178704000 values
Number of Dimensions: 4
Dimensions and sizes:	[time | 365] x [level | 17] x [lat | 80] x [lon | 360]
Coordinates: 
            time: [902891..911627]
            level: [1000..100]
            lat: [-39.5..39.5]
            lon: [   0.. 359]
Number Of Attributes: 3
  units :	m2/s3
  long_name :	Q1: Total Diabatic Heating as the Apparent Heat Source
  _FillValue :	-32767
(0)	Q1: Total Diabatic Heating as the Apparent Heat Source (m2/s3) : min=-11.24684166155184   max=7.919164719247407
(0)	-----
(0)	Writing output files...

Variable: fo_q1
Type: double
Total Size: 235889280 bytes
            29486160 values
Number of Dimensions: 4
Dimensions and sizes:	[time | 365] x [level | 17] x [lat | 33] x [lon | 144]
Coordinates: 
            time: [902891..911627]
            level: [1000..100]
            lat: [ -40..  40]
            lon: [   0..357.5]
Number Of Attributes: 3
  _FillValue :	-32767
  long_name :	q1: Net Heat Flux per day
  units :	K/day

Variable: fo_q1
Type: double
Total Size: 235889280 bytes
            29486160 values
Number of Dimensions: 4
Dimensions and sizes:	[time | 365] x [level | 17] x [lat | 33] x [lon | 144]
Coordinates: 
            time: [902891..911627]
            level: [1000..100]
            lat: [ -40..  40]
            lon: [   0..357.5]
Number Of Attributes: 3
  _FillValue :	-32767
  long_name :	q1: Net Heat Flux per day
  units :	K/day
fatal:["NclAdvancedFile.c":7091]:Type mismatch, can't perform assignment
fatal:["Execute.c":8637]:Execute: Error occurred at or near line 295 in file /home/563/fm6730/localrepo/wave_vertical_heating/scripts/main/ncl_make_q1_obs.ncl

fatal:["NclAdvancedFile.c":7091]:Type mismatch, can't perform assignment
fatal:["Execute.c":8637]:Execute: Error occurred at or near line 296 in file /home/563/fm6730/localrepo/wave_vertical_heating/scripts/main/ncl_make_q1_obs.ncl

(0)	checking...
2009
 Copyright (C) 1995-2019 - All Rights Reserved
 University Corporation for Atmospheric Research
 NCAR Command Language Version 6.6.2
 The use of this software is governed by a License Agreement.
 See http://www.ncl.ucar.edu/ for more details.
(0)	Script started at: Fri Jul 10 21:35:07 AEST 2026

Variable: coord_model
Type: float
Total Size: 2081376000 bytes
            520344000 values
Number of Dimensions: 4
Dimensions and sizes:	[time | 365] x [level | 22] x [lat | 180] x [lon | 360]
Coordinates: 
            time: [955499..964235]
            level: [10..1000]
            lat: [-89.5..89.5]
            lon: [   0.. 359]
Number Of Attributes: 6
  standard_name :	lagrangian_tendency_of_air_pressure
  long_name :	Vertical velocity
  units :	Pa s**-1
  _FillValue :	-32767
  missing_value :	-32767
  cell_methods :	time: mean
(0)	short2flt: input variable is already type float: Specific humidity
(0)	short2flt: no conversion performed
(0)	short2flt: input variable is already type float: Vertical velocity
(0)	short2flt: no conversion performed
(0)	short2flt: input variable is already type float: U component of wind
(0)	short2flt: no conversion performed
(0)	short2flt: input variable is already type float: V component of wind
(0)	short2flt: no conversion performed
(0)	short2flt: input variable is already type float: Temperature
(0)	short2flt: no conversion performed
(0)	Reading variables...

Variable: w
Type: float
Total Size: 714816000 bytes
            178704000 values
Number of Dimensions: 4
Dimensions and sizes:	[time | 365] x [level | 17] x [lat | 80] x [lon | 360]
Coordinates: 
            time: [955499..964235]
            level: [1000..100]
            lat: [-39.5..39.5]
            lon: [   0.. 359]
Number Of Attributes: 6
  cell_methods :	time: mean
  missing_value :	-32767
  _FillValue :	-32767
  units :	Pa s**-1
  long_name :	Vertical velocity
  standard_name :	lagrangian_tendency_of_air_pressure

Variable: u
Type: float
Total Size: 714816000 bytes
            178704000 values
Number of Dimensions: 4
Dimensions and sizes:	[time | 365] x [level | 17] x [lat | 80] x [lon | 360]
Coordinates: 
            time: [955499..964235]
            level: [1000..100]
            lat: [-39.5..39.5]
            lon: [   0.. 359]
Number Of Attributes: 6
  cell_methods :	time: mean
  missing_value :	-32767
  _FillValue :	-32767
  units :	m s**-1
  long_name :	U component of wind
  standard_name :	eastward_wind

Variable: v
Type: float
Total Size: 714816000 bytes
            178704000 values
Number of Dimensions: 4
Dimensions and sizes:	[time | 365] x [level | 17] x [lat | 80] x [lon | 360]
Coordinates: 
            time: [955499..964235]
            level: [1000..100]
            lat: [-39.5..39.5]
            lon: [   0.. 359]
Number Of Attributes: 6
  cell_methods :	time: mean
  missing_value :	-32767
  _FillValue :	-32767
  units :	m s**-1
  long_name :	V component of wind
  standard_name :	northward_wind

Variable: q
Type: float
Total Size: 714816000 bytes
            178704000 values
Number of Dimensions: 4
Dimensions and sizes:	[time | 365] x [level | 17] x [lat | 80] x [lon | 360]
Coordinates: 
            time: [955499..964235]
            level: [1000..100]
            lat: [-39.5..39.5]
            lon: [   0.. 359]
Number Of Attributes: 6
  cell_methods :	time: mean
  missing_value :	-32767
  _FillValue :	-32767
  units :	kg kg**-1
  long_name :	Specific humidity
  standard_name :	specific_humidity
(0)	Calculating temperature tendency...

Variable: dT_dt
Type: float
Total Size: 714816000 bytes
            178704000 values
Number of Dimensions: 4
Dimensions and sizes:	[time | 365] x [level | 17] x [lat | 80] x [lon | 360]
Coordinates: 
            time: [955499..964235]
            level: [1000..100]
            lat: [-39.5..39.5]
            lon: [   0.. 359]
Number Of Attributes: 3
  units :	K/s
  long_name :	Local time derivative of temperature
  _FillValue :	-32767
(0)	Local time derivative of temperature (K/s) : min=-0.000282332   max=0.000245186

Variable: p
Type: float
Total Size: 68 bytes
            17 values
Number of Dimensions: 1
Dimensions and sizes:	[p | 17]
Coordinates: 
            p: [100000..10000]
Number Of Attributes: 1
  units :	Pa
(0)	---

Variable: ss
Type: float
Total Size: 714816000 bytes
            178704000 values
Number of Dimensions: 4
Dimensions and sizes:	[time | 365] x [level | 17] x [lat | 80] x [lon | 360]
Coordinates: 
            time: [955499..964235]
            level: [1000..100]
            lat: [-39.5..39.5]
            lon: [   0.. 359]
Number Of Attributes: 3
  _FillValue :	-32767
  long_name :	static stability
  units :	K/Pa
(0)	static stability (K/Pa) : min=-0.000777606   max=0.00733779
(0)	-----
(0)	Calculating temperature advection...

Variable: adv_T_zonal
Type: double
Total Size: 1429632000 bytes
            178704000 values
Number of Dimensions: 4
Dimensions and sizes:	[time | 365] x [level | 17] x [lat | 80] x [lon | 360]
Coordinates: 
            time: [955499..964235]
            level: [1000..100]
            lat: [-39.5..39.5]
            lon: [   0.. 359]
Number Of Attributes: 3
  units :	K/s
  long_name :	Zonal advection of temperature
  _FillValue :	-32767
(0)	Zonal advection of temperature (K/s) : min=-0.002816062899662188   max=0.003049212442241288

Variable: adv_T_meridional
Type: double
Total Size: 1429632000 bytes
            178704000 values
Number of Dimensions: 4
Dimensions and sizes:	[time | 365] x [level | 17] x [lat | 80] x [lon | 360]
Coordinates: 
            time: [955499..964235]
            level: [1000..100]
            lat: [-39.5..39.5]
            lon: [   0.. 359]
Number Of Attributes: 3
  units :	K/s
  long_name :	Meridional advection of temperature
  _FillValue :	-32767
(0)	Meridional advection of temperature (K/s) : min=-0.002015759338314296   max=0.001738481881648605

Variable: adv_T
Type: double
Total Size: 1429632000 bytes
            178704000 values
Number of Dimensions: 4
Dimensions and sizes:	[time | 365] x [level | 17] x [lat | 80] x [lon | 360]
Coordinates: 
            time: [955499..964235]
            level: [1000..100]
            lat: [-39.5..39.5]
            lon: [   0.. 359]
Number Of Attributes: 3
  units :	K/s
  long_name :	Advection of Horizontal temperature
  _FillValue :	-32767
(0)	Advection of Horizontal temperature (K/s) : min=-0.003363634513073597   max=0.002876730581972958
(0)	Calculating q1...

Variable: q1
Type: double
Total Size: 1429632000 bytes
            178704000 values
Number of Dimensions: 4
Dimensions and sizes:	[time | 365] x [level | 17] x [lat | 80] x [lon | 360]
Coordinates: 
            time: [955499..964235]
            level: [1000..100]
            lat: [-39.5..39.5]
            lon: [   0.. 359]
Number Of Attributes: 3
  units :	K/s
  long_name :	q1: Net Heat Flux
  _FillValue :	-32767
(0)	q1: Net Heat Flux (K/s) : min=-0.01038558576025789   max=0.008017230084622254
(0)	-----

Variable: Q1_cp
Type: double
Total Size: 1429632000 bytes
            178704000 values
Number of Dimensions: 4
Dimensions and sizes:	[time | 365] x [level | 17] x [lat | 80] x [lon | 360]
Coordinates: 
            time: [955499..964235]
            level: [1000..100]
            lat: [-39.5..39.5]
            lon: [   0.. 359]
Number Of Attributes: 3
  units :	m2/s3
  long_name :	Q1: Total Diabatic Heating as the Apparent Heat Source
  _FillValue :	-32767
(0)	Q1: Total Diabatic Heating as the Apparent Heat Source (m2/s3) : min=-10.43377503031809   max=8.054430149654795
(0)	-----
(0)	Writing output files...

Variable: fo_q1
Type: double
Total Size: 235889280 bytes
            29486160 values
Number of Dimensions: 4
Dimensions and sizes:	[time | 365] x [level | 17] x [lat | 33] x [lon | 144]
Coordinates: 
            time: [955499..964235]
            level: [1000..100]
            lat: [ -40..  40]
            lon: [   0..357.5]
Number Of Attributes: 3
  _FillValue :	-32767
  long_name :	q1: Net Heat Flux per day
  units :	K/day

Variable: fo_q1
Type: double
Total Size: 235889280 bytes
            29486160 values
Number of Dimensions: 4
Dimensions and sizes:	[time | 365] x [level | 17] x [lat | 33] x [lon | 144]
Coordinates: 
            time: [955499..964235]
            level: [1000..100]
            lat: [ -40..  40]
            lon: [   0..357.5]
Number Of Attributes: 3
  _FillValue :	-32767
  long_name :	q1: Net Heat Flux per day
  units :	K/day
fatal:["NclAdvancedFile.c":7091]:Type mismatch, can't perform assignment
fatal:["Execute.c":8637]:Execute: Error occurred at or near line 295 in file /home/563/fm6730/localrepo/wave_vertical_heating/scripts/main/ncl_make_q1_obs.ncl

fatal:["NclAdvancedFile.c":7091]:Type mismatch, can't perform assignment
fatal:["Execute.c":8637]:Execute: Error occurred at or near line 296 in file /home/563/fm6730/localrepo/wave_vertical_heating/scripts/main/ncl_make_q1_obs.ncl

(0)	checking...
2016
 Copyright (C) 1995-2019 - All Rights Reserved
 University Corporation for Atmospheric Research
 NCAR Command Language Version 6.6.2
 The use of this software is governed by a License Agreement.
 See http://www.ncl.ucar.edu/ for more details.
(0)	Script started at: Fri Jul 10 21:35:52 AEST 2026

Variable: coord_model
Type: float
Total Size: 2087078400 bytes
            521769600 values
Number of Dimensions: 4
Dimensions and sizes:	[time | 366] x [level | 22] x [lat | 180] x [lon | 360]
Coordinates: 
            time: [1016843..1025603]
            level: [10..1000]
            lat: [-89.5..89.5]
            lon: [   0.. 359]
Number Of Attributes: 6
  standard_name :	lagrangian_tendency_of_air_pressure
  long_name :	Vertical velocity
  units :	Pa s**-1
  _FillValue :	-32767
  missing_value :	-32767
  cell_methods :	time: mean
(0)	short2flt: input variable is already type float: Specific humidity
(0)	short2flt: no conversion performed
(0)	short2flt: input variable is already type float: Vertical velocity
(0)	short2flt: no conversion performed
(0)	short2flt: input variable is already type float: U component of wind
(0)	short2flt: no conversion performed
(0)	short2flt: input variable is already type float: V component of wind
(0)	short2flt: no conversion performed
(0)	short2flt: input variable is already type float: Temperature
(0)	short2flt: no conversion performed
(0)	Reading variables...

Variable: w
Type: float
Total Size: 716774400 bytes
            179193600 values
Number of Dimensions: 4
Dimensions and sizes:	[time | 366] x [level | 17] x [lat | 80] x [lon | 360]
Coordinates: 
            time: [1016843..1025603]
            level: [1000..100]
            lat: [-39.5..39.5]
            lon: [   0.. 359]
Number Of Attributes: 6
  cell_methods :	time: mean
  missing_value :	-32767
  _FillValue :	-32767
  units :	Pa s**-1
  long_name :	Vertical velocity
  standard_name :	lagrangian_tendency_of_air_pressure

Variable: u
Type: float
Total Size: 716774400 bytes
            179193600 values
Number of Dimensions: 4
Dimensions and sizes:	[time | 366] x [level | 17] x [lat | 80] x [lon | 360]
Coordinates: 
            time: [1016843..1025603]
            level: [1000..100]
            lat: [-39.5..39.5]
            lon: [   0.. 359]
Number Of Attributes: 6
  cell_methods :	time: mean
  missing_value :	-32767
  _FillValue :	-32767
  units :	m s**-1
  long_name :	U component of wind
  standard_name :	eastward_wind

Variable: v
Type: float
Total Size: 716774400 bytes
            179193600 values
Number of Dimensions: 4
Dimensions and sizes:	[time | 366] x [level | 17] x [lat | 80] x [lon | 360]
Coordinates: 
            time: [1016843..1025603]
            level: [1000..100]
            lat: [-39.5..39.5]
            lon: [   0.. 359]
Number Of Attributes: 6
  cell_methods :	time: mean
  missing_value :	-32767
  _FillValue :	-32767
  units :	m s**-1
  long_name :	V component of wind
  standard_name :	northward_wind

Variable: q
Type: float
Total Size: 716774400 bytes
            179193600 values
Number of Dimensions: 4
Dimensions and sizes:	[time | 366] x [level | 17] x [lat | 80] x [lon | 360]
Coordinates: 
            time: [1016843..1025603]
            level: [1000..100]
            lat: [-39.5..39.5]
            lon: [   0.. 359]
Number Of Attributes: 6
  cell_methods :	time: mean
  missing_value :	-32767
  _FillValue :	-32767
  units :	kg kg**-1
  long_name :	Specific humidity
  standard_name :	specific_humidity
(0)	Calculating temperature tendency...

Variable: dT_dt
Type: float
Total Size: 716774400 bytes
            179193600 values
Number of Dimensions: 4
Dimensions and sizes:	[time | 366] x [level | 17] x [lat | 80] x [lon | 360]
Coordinates: 
            time: [1016843..1025603]
            level: [1000..100]
            lat: [-39.5..39.5]
            lon: [   0.. 359]
Number Of Attributes: 3
  units :	K/s
  long_name :	Local time derivative of temperature
  _FillValue :	-32767
(0)	Local time derivative of temperature (K/s) : min=-0.0003796   max=0.000260435

Variable: p
Type: float
Total Size: 68 bytes
            17 values
Number of Dimensions: 1
Dimensions and sizes:	[p | 17]
Coordinates: 
            p: [100000..10000]
Number Of Attributes: 1
  units :	Pa
(0)	---

Variable: ss
Type: float
Total Size: 716774400 bytes
            179193600 values
Number of Dimensions: 4
Dimensions and sizes:	[time | 366] x [level | 17] x [lat | 80] x [lon | 360]
Coordinates: 
            time: [1016843..1025603]
            level: [1000..100]
            lat: [-39.5..39.5]
            lon: [   0.. 359]
Number Of Attributes: 3
  _FillValue :	-32767
  long_name :	static stability
  units :	K/Pa
(0)	static stability (K/Pa) : min=-0.000580151   max=0.00673124
(0)	-----
(0)	Calculating temperature advection...

Variable: adv_T_zonal
Type: double
Total Size: 1433548800 bytes
            179193600 values
Number of Dimensions: 4
Dimensions and sizes:	[time | 366] x [level | 17] x [lat | 80] x [lon | 360]
Coordinates: 
            time: [1016843..1025603]
            level: [1000..100]
            lat: [-39.5..39.5]
            lon: [   0.. 359]
Number Of Attributes: 3
  units :	K/s
  long_name :	Zonal advection of temperature
  _FillValue :	-32767
(0)	Zonal advection of temperature (K/s) : min=-0.002795845223936202   max=0.002779299665925211

Variable: adv_T_meridional
Type: double
Total Size: 1433548800 bytes
            179193600 values
Number of Dimensions: 4
Dimensions and sizes:	[time | 366] x [level | 17] x [lat | 80] x [lon | 360]
Coordinates: 
            time: [1016843..1025603]
            level: [1000..100]
            lat: [-39.5..39.5]
            lon: [   0.. 359]
Number Of Attributes: 3
  units :	K/s
  long_name :	Meridional advection of temperature
  _FillValue :	-32767
(0)	Meridional advection of temperature (K/s) : min=-0.002077189266121411   max=0.001493883979297061

Variable: adv_T
Type: double
Total Size: 1433548800 bytes
            179193600 values
Number of Dimensions: 4
Dimensions and sizes:	[time | 366] x [level | 17] x [lat | 80] x [lon | 360]
Coordinates: 
            time: [1016843..1025603]
            level: [1000..100]
            lat: [-39.5..39.5]
            lon: [   0.. 359]
Number Of Attributes: 3
  units :	K/s
  long_name :	Advection of Horizontal temperature
  _FillValue :	-32767
(0)	Advection of Horizontal temperature (K/s) : min=-0.00278787842774301   max=0.002794257940251937
(0)	Calculating q1...

Variable: q1
Type: double
Total Size: 1433548800 bytes
            179193600 values
Number of Dimensions: 4
Dimensions and sizes:	[time | 366] x [level | 17] x [lat | 80] x [lon | 360]
Coordinates: 
            time: [1016843..1025603]
            level: [1000..100]
            lat: [-39.5..39.5]
            lon: [   0.. 359]
Number Of Attributes: 3
  units :	K/s
  long_name :	q1: Net Heat Flux
  _FillValue :	-32767
(0)	q1: Net Heat Flux (K/s) : min=-0.0098843176543467   max=0.007014112772925086
(0)	-----

Variable: Q1_cp
Type: double
Total Size: 1433548800 bytes
            179193600 values
Number of Dimensions: 4
Dimensions and sizes:	[time | 366] x [level | 17] x [lat | 80] x [lon | 360]
Coordinates: 
            time: [1016843..1025603]
            level: [1000..100]
            lat: [-39.5..39.5]
            lon: [   0.. 359]
Number Of Attributes: 3
  units :	m2/s3
  long_name :	Q1: Total Diabatic Heating as the Apparent Heat Source
  _FillValue :	-32767
(0)	Q1: Total Diabatic Heating as the Apparent Heat Source (m2/s3) : min=-9.930181033052678   max=7.046658358937251
(0)	-----
(0)	Writing output files...

Variable: fo_q1
Type: double
Total Size: 236535552 bytes
            29566944 values
Number of Dimensions: 4
Dimensions and sizes:	[time | 366] x [level | 17] x [lat | 33] x [lon | 144]
Coordinates: 
            time: [1016843..1025603]
            level: [1000..100]
            lat: [ -40..  40]
            lon: [   0..357.5]
Number Of Attributes: 3
  _FillValue :	-32767
  long_name :	q1: Net Heat Flux per day
  units :	K/day

Variable: fo_q1
Type: double
Total Size: 236535552 bytes
            29566944 values
Number of Dimensions: 4
Dimensions and sizes:	[time | 366] x [level | 17] x [lat | 33] x [lon | 144]
Coordinates: 
            time: [1016843..1025603]
            level: [1000..100]
            lat: [ -40..  40]
            lon: [   0..357.5]
Number Of Attributes: 3
  _FillValue :	-32767
  long_name :	q1: Net Heat Flux per day
  units :	K/day
fatal:["NclAdvancedFile.c":7091]:Type mismatch, can't perform assignment
fatal:["Execute.c":8637]:Execute: Error occurred at or near line 295 in file /home/563/fm6730/localrepo/wave_vertical_heating/scripts/main/ncl_make_q1_obs.ncl

fatal:["NclAdvancedFile.c":7091]:Type mismatch, can't perform assignment
fatal:["Execute.c":8637]:Execute: Error occurred at or near line 296 in file /home/563/fm6730/localrepo/wave_vertical_heating/scripts/main/ncl_make_q1_obs.ncl

(0)	checking...
2015
 Copyright (C) 1995-2019 - All Rights Reserved
 University Corporation for Atmospheric Research
 NCAR Command Language Version 6.6.2
 The use of this software is governed by a License Agreement.
 See http://www.ncl.ucar.edu/ for more details.
(0)	Script started at: Fri Jul 10 21:35:44 AEST 2026

Variable: coord_model
Type: float
Total Size: 2081376000 bytes
            520344000 values
Number of Dimensions: 4
Dimensions and sizes:	[time | 365] x [level | 22] x [lat | 180] x [lon | 360]
Coordinates: 
            time: [1008083..1016819]
            level: [10..1000]
            lat: [-89.5..89.5]
            lon: [   0.. 359]
Number Of Attributes: 6
  standard_name :	lagrangian_tendency_of_air_pressure
  long_name :	Vertical velocity
  units :	Pa s**-1
  _FillValue :	-32767
  missing_value :	-32767
  cell_methods :	time: mean
(0)	short2flt: input variable is already type float: Specific humidity
(0)	short2flt: no conversion performed
(0)	short2flt: input variable is already type float: Vertical velocity
(0)	short2flt: no conversion performed
(0)	short2flt: input variable is already type float: U component of wind
(0)	short2flt: no conversion performed
(0)	short2flt: input variable is already type float: V component of wind
(0)	short2flt: no conversion performed
(0)	short2flt: input variable is already type float: Temperature
(0)	short2flt: no conversion performed
(0)	Reading variables...

Variable: w
Type: float
Total Size: 714816000 bytes
            178704000 values
Number of Dimensions: 4
Dimensions and sizes:	[time | 365] x [level | 17] x [lat | 80] x [lon | 360]
Coordinates: 
            time: [1008083..1016819]
            level: [1000..100]
            lat: [-39.5..39.5]
            lon: [   0.. 359]
Number Of Attributes: 6
  cell_methods :	time: mean
  missing_value :	-32767
  _FillValue :	-32767
  units :	Pa s**-1
  long_name :	Vertical velocity
  standard_name :	lagrangian_tendency_of_air_pressure

Variable: u
Type: float
Total Size: 714816000 bytes
            178704000 values
Number of Dimensions: 4
Dimensions and sizes:	[time | 365] x [level | 17] x [lat | 80] x [lon | 360]
Coordinates: 
            time: [1008083..1016819]
            level: [1000..100]
            lat: [-39.5..39.5]
            lon: [   0.. 359]
Number Of Attributes: 6
  cell_methods :	time: mean
  missing_value :	-32767
  _FillValue :	-32767
  units :	m s**-1
  long_name :	U component of wind
  standard_name :	eastward_wind

Variable: v
Type: float
Total Size: 714816000 bytes
            178704000 values
Number of Dimensions: 4
Dimensions and sizes:	[time | 365] x [level | 17] x [lat | 80] x [lon | 360]
Coordinates: 
            time: [1008083..1016819]
            level: [1000..100]
            lat: [-39.5..39.5]
            lon: [   0.. 359]
Number Of Attributes: 6
  cell_methods :	time: mean
  missing_value :	-32767
  _FillValue :	-32767
  units :	m s**-1
  long_name :	V component of wind
  standard_name :	northward_wind

Variable: q
Type: float
Total Size: 714816000 bytes
            178704000 values
Number of Dimensions: 4
Dimensions and sizes:	[time | 365] x [level | 17] x [lat | 80] x [lon | 360]
Coordinates: 
            time: [1008083..1016819]
            level: [1000..100]
            lat: [-39.5..39.5]
            lon: [   0.. 359]
Number Of Attributes: 6
  cell_methods :	time: mean
  missing_value :	-32767
  _FillValue :	-32767
  units :	kg kg**-1
  long_name :	Specific humidity
  standard_name :	specific_humidity
(0)	Calculating temperature tendency...

Variable: dT_dt
Type: float
Total Size: 714816000 bytes
            178704000 values
Number of Dimensions: 4
Dimensions and sizes:	[time | 365] x [level | 17] x [lat | 80] x [lon | 360]
Coordinates: 
            time: [1008083..1016819]
            level: [1000..100]
            lat: [-39.5..39.5]
            lon: [   0.. 359]
Number Of Attributes: 3
  units :	K/s
  long_name :	Local time derivative of temperature
  _FillValue :	-32767
(0)	Local time derivative of temperature (K/s) : min=-0.000264076   max=0.000257545

Variable: p
Type: float
Total Size: 68 bytes
            17 values
Number of Dimensions: 1
Dimensions and sizes:	[p | 17]
Coordinates: 
            p: [100000..10000]
Number Of Attributes: 1
  units :	Pa
(0)	---

Variable: ss
Type: float
Total Size: 714816000 bytes
            178704000 values
Number of Dimensions: 4
Dimensions and sizes:	[time | 365] x [level | 17] x [lat | 80] x [lon | 360]
Coordinates: 
            time: [1008083..1016819]
            level: [1000..100]
            lat: [-39.5..39.5]
            lon: [   0.. 359]
Number Of Attributes: 3
  _FillValue :	-32767
  long_name :	static stability
  units :	K/Pa
(0)	static stability (K/Pa) : min=-0.000785114   max=0.00665536
(0)	-----
(0)	Calculating temperature advection...

Variable: adv_T_zonal
Type: double
Total Size: 1429632000 bytes
            178704000 values
Number of Dimensions: 4
Dimensions and sizes:	[time | 365] x [level | 17] x [lat | 80] x [lon | 360]
Coordinates: 
            time: [1008083..1016819]
            level: [1000..100]
            lat: [-39.5..39.5]
            lon: [   0.. 359]
Number Of Attributes: 3
  units :	K/s
  long_name :	Zonal advection of temperature
  _FillValue :	-32767
(0)	Zonal advection of temperature (K/s) : min=-0.003607866922761323   max=0.002780361712006508

Variable: adv_T_meridional
Type: double
Total Size: 1429632000 bytes
            178704000 values
Number of Dimensions: 4
Dimensions and sizes:	[time | 365] x [level | 17] x [lat | 80] x [lon | 360]
Coordinates: 
            time: [1008083..1016819]
            level: [1000..100]
            lat: [-39.5..39.5]
            lon: [   0.. 359]
Number Of Attributes: 3
  units :	K/s
  long_name :	Meridional advection of temperature
  _FillValue :	-32767
(0)	Meridional advection of temperature (K/s) : min=-0.00186716135776686   max=0.001536863215277481

Variable: adv_T
Type: double
Total Size: 1429632000 bytes
            178704000 values
Number of Dimensions: 4
Dimensions and sizes:	[time | 365] x [level | 17] x [lat | 80] x [lon | 360]
Coordinates: 
            time: [1008083..1016819]
            level: [1000..100]
            lat: [-39.5..39.5]
            lon: [   0.. 359]
Number Of Attributes: 3
  units :	K/s
  long_name :	Advection of Horizontal temperature
  _FillValue :	-32767
(0)	Advection of Horizontal temperature (K/s) : min=-0.003569606960522737   max=0.002740444775194634
(0)	Calculating q1...

Variable: q1
Type: double
Total Size: 1429632000 bytes
            178704000 values
Number of Dimensions: 4
Dimensions and sizes:	[time | 365] x [level | 17] x [lat | 80] x [lon | 360]
Coordinates: 
            time: [1008083..1016819]
            level: [1000..100]
            lat: [-39.5..39.5]
            lon: [   0.. 359]
Number Of Attributes: 3
  units :	K/s
  long_name :	q1: Net Heat Flux
  _FillValue :	-32767
(0)	q1: Net Heat Flux (K/s) : min=-0.01384633906796955   max=0.008153954399694404
(0)	-----

Variable: Q1_cp
Type: double
Total Size: 1429632000 bytes
            178704000 values
Number of Dimensions: 4
Dimensions and sizes:	[time | 365] x [level | 17] x [lat | 80] x [lon | 360]
Coordinates: 
            time: [1008083..1016819]
            level: [1000..100]
            lat: [-39.5..39.5]
            lon: [   0.. 359]
Number Of Attributes: 3
  units :	m2/s3
  long_name :	Q1: Total Diabatic Heating as the Apparent Heat Source
  _FillValue :	-32767
(0)	Q1: Total Diabatic Heating as the Apparent Heat Source (m2/s3) : min=-13.91058628407217   max=8.191788867551677
(0)	-----
(0)	Writing output files...

Variable: fo_q1
Type: double
Total Size: 235889280 bytes
            29486160 values
Number of Dimensions: 4
Dimensions and sizes:	[time | 365] x [level | 17] x [lat | 33] x [lon | 144]
Coordinates: 
            time: [1008083..1016819]
            level: [1000..100]
            lat: [ -40..  40]
            lon: [   0..357.5]
Number Of Attributes: 3
  _FillValue :	-32767
  long_name :	q1: Net Heat Flux per day
  units :	K/day

Variable: fo_q1
Type: double
Total Size: 235889280 bytes
            29486160 values
Number of Dimensions: 4
Dimensions and sizes:	[time | 365] x [level | 17] x [lat | 33] x [lon | 144]
Coordinates: 
            time: [1008083..1016819]
            level: [1000..100]
            lat: [ -40..  40]
            lon: [   0..357.5]
Number Of Attributes: 3
  _FillValue :	-32767
  long_name :	q1: Net Heat Flux per day
  units :	K/day
fatal:["NclAdvancedFile.c":7091]:Type mismatch, can't perform assignment
fatal:["Execute.c":8637]:Execute: Error occurred at or near line 295 in file /home/563/fm6730/localrepo/wave_vertical_heating/scripts/main/ncl_make_q1_obs.ncl

fatal:["NclAdvancedFile.c":7091]:Type mismatch, can't perform assignment
fatal:["Execute.c":8637]:Execute: Error occurred at or near line 296 in file /home/563/fm6730/localrepo/wave_vertical_heating/scripts/main/ncl_make_q1_obs.ncl

(0)	checking...
2011
 Copyright (C) 1995-2019 - All Rights Reserved
 University Corporation for Atmospheric Research
 NCAR Command Language Version 6.6.2
 The use of this software is governed by a License Agreement.
 See http://www.ncl.ucar.edu/ for more details.
(0)	Script started at: Fri Jul 10 21:35:19 AEST 2026

Variable: coord_model
Type: float
Total Size: 2081376000 bytes
            520344000 values
Number of Dimensions: 4
Dimensions and sizes:	[time | 365] x [level | 22] x [lat | 180] x [lon | 360]
Coordinates: 
            time: [973019..981755]
            level: [10..1000]
            lat: [-89.5..89.5]
            lon: [   0.. 359]
Number Of Attributes: 6
  standard_name :	lagrangian_tendency_of_air_pressure
  long_name :	Vertical velocity
  units :	Pa s**-1
  _FillValue :	-32767
  missing_value :	-32767
  cell_methods :	time: mean
(0)	short2flt: input variable is already type float: Specific humidity
(0)	short2flt: no conversion performed
(0)	short2flt: input variable is already type float: Vertical velocity
(0)	short2flt: no conversion performed
(0)	short2flt: input variable is already type float: U component of wind
(0)	short2flt: no conversion performed
(0)	short2flt: input variable is already type float: V component of wind
(0)	short2flt: no conversion performed
(0)	short2flt: input variable is already type float: Temperature
(0)	short2flt: no conversion performed
(0)	Reading variables...

Variable: w
Type: float
Total Size: 714816000 bytes
            178704000 values
Number of Dimensions: 4
Dimensions and sizes:	[time | 365] x [level | 17] x [lat | 80] x [lon | 360]
Coordinates: 
            time: [973019..981755]
            level: [1000..100]
            lat: [-39.5..39.5]
            lon: [   0.. 359]
Number Of Attributes: 6
  cell_methods :	time: mean
  missing_value :	-32767
  _FillValue :	-32767
  units :	Pa s**-1
  long_name :	Vertical velocity
  standard_name :	lagrangian_tendency_of_air_pressure

Variable: u
Type: float
Total Size: 714816000 bytes
            178704000 values
Number of Dimensions: 4
Dimensions and sizes:	[time | 365] x [level | 17] x [lat | 80] x [lon | 360]
Coordinates: 
            time: [973019..981755]
            level: [1000..100]
            lat: [-39.5..39.5]
            lon: [   0.. 359]
Number Of Attributes: 6
  cell_methods :	time: mean
  missing_value :	-32767
  _FillValue :	-32767
  units :	m s**-1
  long_name :	U component of wind
  standard_name :	eastward_wind

Variable: v
Type: float
Total Size: 714816000 bytes
            178704000 values
Number of Dimensions: 4
Dimensions and sizes:	[time | 365] x [level | 17] x [lat | 80] x [lon | 360]
Coordinates: 
            time: [973019..981755]
            level: [1000..100]
            lat: [-39.5..39.5]
            lon: [   0.. 359]
Number Of Attributes: 6
  cell_methods :	time: mean
  missing_value :	-32767
  _FillValue :	-32767
  units :	m s**-1
  long_name :	V component of wind
  standard_name :	northward_wind

Variable: q
Type: float
Total Size: 714816000 bytes
            178704000 values
Number of Dimensions: 4
Dimensions and sizes:	[time | 365] x [level | 17] x [lat | 80] x [lon | 360]
Coordinates: 
            time: [973019..981755]
            level: [1000..100]
            lat: [-39.5..39.5]
            lon: [   0.. 359]
Number Of Attributes: 6
  cell_methods :	time: mean
  missing_value :	-32767
  _FillValue :	-32767
  units :	kg kg**-1
  long_name :	Specific humidity
  standard_name :	specific_humidity
(0)	Calculating temperature tendency...

Variable: dT_dt
Type: float
Total Size: 714816000 bytes
            178704000 values
Number of Dimensions: 4
Dimensions and sizes:	[time | 365] x [level | 17] x [lat | 80] x [lon | 360]
Coordinates: 
            time: [973019..981755]
            level: [1000..100]
            lat: [-39.5..39.5]
            lon: [   0.. 359]
Number Of Attributes: 3
  units :	K/s
  long_name :	Local time derivative of temperature
  _FillValue :	-32767
(0)	Local time derivative of temperature (K/s) : min=-0.000273533   max=0.000231394

Variable: p
Type: float
Total Size: 68 bytes
            17 values
Number of Dimensions: 1
Dimensions and sizes:	[p | 17]
Coordinates: 
            p: [100000..10000]
Number Of Attributes: 1
  units :	Pa
(0)	---

Variable: ss
Type: float
Total Size: 714816000 bytes
            178704000 values
Number of Dimensions: 4
Dimensions and sizes:	[time | 365] x [level | 17] x [lat | 80] x [lon | 360]
Coordinates: 
            time: [973019..981755]
            level: [1000..100]
            lat: [-39.5..39.5]
            lon: [   0.. 359]
Number Of Attributes: 3
  _FillValue :	-32767
  long_name :	static stability
  units :	K/Pa
(0)	static stability (K/Pa) : min=-0.000899978   max=0.0069706
(0)	-----
(0)	Calculating temperature advection...

Variable: adv_T_zonal
Type: double
Total Size: 1429632000 bytes
            178704000 values
Number of Dimensions: 4
Dimensions and sizes:	[time | 365] x [level | 17] x [lat | 80] x [lon | 360]
Coordinates: 
            time: [973019..981755]
            level: [1000..100]
            lat: [-39.5..39.5]
            lon: [   0.. 359]
Number Of Attributes: 3
  units :	K/s
  long_name :	Zonal advection of temperature
  _FillValue :	-32767
(0)	Zonal advection of temperature (K/s) : min=-0.003231359689925578   max=0.002359134456226868

Variable: adv_T_meridional
Type: double
Total Size: 1429632000 bytes
            178704000 values
Number of Dimensions: 4
Dimensions and sizes:	[time | 365] x [level | 17] x [lat | 80] x [lon | 360]
Coordinates: 
            time: [973019..981755]
            level: [1000..100]
            lat: [-39.5..39.5]
            lon: [   0.. 359]
Number Of Attributes: 3
  units :	K/s
  long_name :	Meridional advection of temperature
  _FillValue :	-32767
(0)	Meridional advection of temperature (K/s) : min=-0.00193464050488844   max=0.001570329538287684

Variable: adv_T
Type: double
Total Size: 1429632000 bytes
            178704000 values
Number of Dimensions: 4
Dimensions and sizes:	[time | 365] x [level | 17] x [lat | 80] x [lon | 360]
Coordinates: 
            time: [973019..981755]
            level: [1000..100]
            lat: [-39.5..39.5]
            lon: [   0.. 359]
Number Of Attributes: 3
  units :	K/s
  long_name :	Advection of Horizontal temperature
  _FillValue :	-32767
(0)	Advection of Horizontal temperature (K/s) : min=-0.003848189973636486   max=0.002345175792683554
(0)	Calculating q1...

Variable: q1
Type: double
Total Size: 1429632000 bytes
            178704000 values
Number of Dimensions: 4
Dimensions and sizes:	[time | 365] x [level | 17] x [lat | 80] x [lon | 360]
Coordinates: 
            time: [973019..981755]
            level: [1000..100]
            lat: [-39.5..39.5]
            lon: [   0.. 359]
Number Of Attributes: 3
  units :	K/s
  long_name :	q1: Net Heat Flux
  _FillValue :	-32767
(0)	q1: Net Heat Flux (K/s) : min=-0.01042761941393478   max=0.009742161088487515
(0)	-----

Variable: Q1_cp
Type: double
Total Size: 1429632000 bytes
            178704000 values
Number of Dimensions: 4
Dimensions and sizes:	[time | 365] x [level | 17] x [lat | 80] x [lon | 360]
Coordinates: 
            time: [973019..981755]
            level: [1000..100]
            lat: [-39.5..39.5]
            lon: [   0.. 359]
Number Of Attributes: 3
  units :	m2/s3
  long_name :	Q1: Total Diabatic Heating as the Apparent Heat Source
  _FillValue :	-32767
(0)	Q1: Total Diabatic Heating as the Apparent Heat Source (m2/s3) : min=-10.47600372076377   max=9.787364858645535
(0)	-----
(0)	Writing output files...

Variable: fo_q1
Type: double
Total Size: 235889280 bytes
            29486160 values
Number of Dimensions: 4
Dimensions and sizes:	[time | 365] x [level | 17] x [lat | 33] x [lon | 144]
Coordinates: 
            time: [973019..981755]
            level: [1000..100]
            lat: [ -40..  40]
            lon: [   0..357.5]
Number Of Attributes: 3
  _FillValue :	-32767
  long_name :	q1: Net Heat Flux per day
  units :	K/day

Variable: fo_q1
Type: double
Total Size: 235889280 bytes
            29486160 values
Number of Dimensions: 4
Dimensions and sizes:	[time | 365] x [level | 17] x [lat | 33] x [lon | 144]
Coordinates: 
            time: [973019..981755]
            level: [1000..100]
            lat: [ -40..  40]
            lon: [   0..357.5]
Number Of Attributes: 3
  _FillValue :	-32767
  long_name :	q1: Net Heat Flux per day
  units :	K/day
fatal:["NclAdvancedFile.c":7091]:Type mismatch, can't perform assignment
fatal:["Execute.c":8637]:Execute: Error occurred at or near line 295 in file /home/563/fm6730/localrepo/wave_vertical_heating/scripts/main/ncl_make_q1_obs.ncl

fatal:["NclAdvancedFile.c":7091]:Type mismatch, can't perform assignment
fatal:["Execute.c":8637]:Execute: Error occurred at or near line 296 in file /home/563/fm6730/localrepo/wave_vertical_heating/scripts/main/ncl_make_q1_obs.ncl

(0)	checking...
2013
 Copyright (C) 1995-2019 - All Rights Reserved
 University Corporation for Atmospheric Research
 NCAR Command Language Version 6.6.2
 The use of this software is governed by a License Agreement.
 See http://www.ncl.ucar.edu/ for more details.
(0)	Script started at: Fri Jul 10 21:35:32 AEST 2026

Variable: coord_model
Type: float
Total Size: 2081376000 bytes
            520344000 values
Number of Dimensions: 4
Dimensions and sizes:	[time | 365] x [level | 22] x [lat | 180] x [lon | 360]
Coordinates: 
            time: [990563..999299]
            level: [10..1000]
            lat: [-89.5..89.5]
            lon: [   0.. 359]
Number Of Attributes: 6
  standard_name :	lagrangian_tendency_of_air_pressure
  long_name :	Vertical velocity
  units :	Pa s**-1
  _FillValue :	-32767
  missing_value :	-32767
  cell_methods :	time: mean
(0)	short2flt: input variable is already type float: Specific humidity
(0)	short2flt: no conversion performed
(0)	short2flt: input variable is already type float: Vertical velocity
(0)	short2flt: no conversion performed
(0)	short2flt: input variable is already type float: U component of wind
(0)	short2flt: no conversion performed
(0)	short2flt: input variable is already type float: V component of wind
(0)	short2flt: no conversion performed
(0)	short2flt: input variable is already type float: Temperature
(0)	short2flt: no conversion performed
(0)	Reading variables...

Variable: w
Type: float
Total Size: 714816000 bytes
            178704000 values
Number of Dimensions: 4
Dimensions and sizes:	[time | 365] x [level | 17] x [lat | 80] x [lon | 360]
Coordinates: 
            time: [990563..999299]
            level: [1000..100]
            lat: [-39.5..39.5]
            lon: [   0.. 359]
Number Of Attributes: 6
  cell_methods :	time: mean
  missing_value :	-32767
  _FillValue :	-32767
  units :	Pa s**-1
  long_name :	Vertical velocity
  standard_name :	lagrangian_tendency_of_air_pressure

Variable: u
Type: float
Total Size: 714816000 bytes
            178704000 values
Number of Dimensions: 4
Dimensions and sizes:	[time | 365] x [level | 17] x [lat | 80] x [lon | 360]
Coordinates: 
            time: [990563..999299]
            level: [1000..100]
            lat: [-39.5..39.5]
            lon: [   0.. 359]
Number Of Attributes: 6
  cell_methods :	time: mean
  missing_value :	-32767
  _FillValue :	-32767
  units :	m s**-1
  long_name :	U component of wind
  standard_name :	eastward_wind

Variable: v
Type: float
Total Size: 714816000 bytes
            178704000 values
Number of Dimensions: 4
Dimensions and sizes:	[time | 365] x [level | 17] x [lat | 80] x [lon | 360]
Coordinates: 
            time: [990563..999299]
            level: [1000..100]
            lat: [-39.5..39.5]
            lon: [   0.. 359]
Number Of Attributes: 6
  cell_methods :	time: mean
  missing_value :	-32767
  _FillValue :	-32767
  units :	m s**-1
  long_name :	V component of wind
  standard_name :	northward_wind

Variable: q
Type: float
Total Size: 714816000 bytes
            178704000 values
Number of Dimensions: 4
Dimensions and sizes:	[time | 365] x [level | 17] x [lat | 80] x [lon | 360]
Coordinates: 
            time: [990563..999299]
            level: [1000..100]
            lat: [-39.5..39.5]
            lon: [   0.. 359]
Number Of Attributes: 6
  cell_methods :	time: mean
  missing_value :	-32767
  _FillValue :	-32767
  units :	kg kg**-1
  long_name :	Specific humidity
  standard_name :	specific_humidity
(0)	Calculating temperature tendency...

Variable: dT_dt
Type: float
Total Size: 714816000 bytes
            178704000 values
Number of Dimensions: 4
Dimensions and sizes:	[time | 365] x [level | 17] x [lat | 80] x [lon | 360]
Coordinates: 
            time: [990563..999299]
            level: [1000..100]
            lat: [-39.5..39.5]
            lon: [   0.. 359]
Number Of Attributes: 3
  units :	K/s
  long_name :	Local time derivative of temperature
  _FillValue :	-32767
(0)	Local time derivative of temperature (K/s) : min=-0.000280095   max=0.000247327

Variable: p
Type: float
Total Size: 68 bytes
            17 values
Number of Dimensions: 1
Dimensions and sizes:	[p | 17]
Coordinates: 
            p: [100000..10000]
Number Of Attributes: 1
  units :	Pa
(0)	---

Variable: ss
Type: float
Total Size: 714816000 bytes
            178704000 values
Number of Dimensions: 4
Dimensions and sizes:	[time | 365] x [level | 17] x [lat | 80] x [lon | 360]
Coordinates: 
            time: [990563..999299]
            level: [1000..100]
            lat: [-39.5..39.5]
            lon: [   0.. 359]
Number Of Attributes: 3
  _FillValue :	-32767
  long_name :	static stability
  units :	K/Pa
(0)	static stability (K/Pa) : min=-0.000779578   max=0.00673033
(0)	-----
(0)	Calculating temperature advection...

Variable: adv_T_zonal
Type: double
Total Size: 1429632000 bytes
            178704000 values
Number of Dimensions: 4
Dimensions and sizes:	[time | 365] x [level | 17] x [lat | 80] x [lon | 360]
Coordinates: 
            time: [990563..999299]
            level: [1000..100]
            lat: [-39.5..39.5]
            lon: [   0.. 359]
Number Of Attributes: 3
  units :	K/s
  long_name :	Zonal advection of temperature
  _FillValue :	-32767
(0)	Zonal advection of temperature (K/s) : min=-0.002687293359021902   max=0.002814614336557592

Variable: adv_T_meridional
Type: double
Total Size: 1429632000 bytes
            178704000 values
Number of Dimensions: 4
Dimensions and sizes:	[time | 365] x [level | 17] x [lat | 80] x [lon | 360]
Coordinates: 
            time: [990563..999299]
            level: [1000..100]
            lat: [-39.5..39.5]
            lon: [   0.. 359]
Number Of Attributes: 3
  units :	K/s
  long_name :	Meridional advection of temperature
  _FillValue :	-32767
(0)	Meridional advection of temperature (K/s) : min=-0.00197230382148061   max=0.001774298050097398

Variable: adv_T
Type: double
Total Size: 1429632000 bytes
            178704000 values
Number of Dimensions: 4
Dimensions and sizes:	[time | 365] x [level | 17] x [lat | 80] x [lon | 360]
Coordinates: 
            time: [990563..999299]
            level: [1000..100]
            lat: [-39.5..39.5]
            lon: [   0.. 359]
Number Of Attributes: 3
  units :	K/s
  long_name :	Advection of Horizontal temperature
  _FillValue :	-32767
(0)	Advection of Horizontal temperature (K/s) : min=-0.002759372576219202   max=0.00257733285382553
(0)	Calculating q1...

Variable: q1
Type: double
Total Size: 1429632000 bytes
            178704000 values
Number of Dimensions: 4
Dimensions and sizes:	[time | 365] x [level | 17] x [lat | 80] x [lon | 360]
Coordinates: 
            time: [990563..999299]
            level: [1000..100]
            lat: [-39.5..39.5]
            lon: [   0.. 359]
Number Of Attributes: 3
  units :	K/s
  long_name :	q1: Net Heat Flux
  _FillValue :	-32767
(0)	q1: Net Heat Flux (K/s) : min=-0.0126294866512339   max=0.007883754803862336
(0)	-----

Variable: Q1_cp
Type: double
Total Size: 1429632000 bytes
            178704000 values
Number of Dimensions: 4
Dimensions and sizes:	[time | 365] x [level | 17] x [lat | 80] x [lon | 360]
Coordinates: 
            time: [990563..999299]
            level: [1000..100]
            lat: [-39.5..39.5]
            lon: [   0.. 359]
Number Of Attributes: 3
  units :	m2/s3
  long_name :	Q1: Total Diabatic Heating as the Apparent Heat Source
  _FillValue :	-32767
(0)	Q1: Total Diabatic Heating as the Apparent Heat Source (m2/s3) : min=-12.68808765429787   max=7.920335541636947
(0)	-----
(0)	Writing output files...

Variable: fo_q1
Type: double
Total Size: 235889280 bytes
            29486160 values
Number of Dimensions: 4
Dimensions and sizes:	[time | 365] x [level | 17] x [lat | 33] x [lon | 144]
Coordinates: 
            time: [990563..999299]
            level: [1000..100]
            lat: [ -40..  40]
            lon: [   0..357.5]
Number Of Attributes: 3
  _FillValue :	-32767
  long_name :	q1: Net Heat Flux per day
  units :	K/day

Variable: fo_q1
Type: double
Total Size: 235889280 bytes
            29486160 values
Number of Dimensions: 4
Dimensions and sizes:	[time | 365] x [level | 17] x [lat | 33] x [lon | 144]
Coordinates: 
            time: [990563..999299]
            level: [1000..100]
            lat: [ -40..  40]
            lon: [   0..357.5]
Number Of Attributes: 3
  _FillValue :	-32767
  long_name :	q1: Net Heat Flux per day
  units :	K/day
fatal:["NclAdvancedFile.c":7091]:Type mismatch, can't perform assignment
fatal:["Execute.c":8637]:Execute: Error occurred at or near line 295 in file /home/563/fm6730/localrepo/wave_vertical_heating/scripts/main/ncl_make_q1_obs.ncl

fatal:["NclAdvancedFile.c":7091]:Type mismatch, can't perform assignment
fatal:["Execute.c":8637]:Execute: Error occurred at or near line 296 in file /home/563/fm6730/localrepo/wave_vertical_heating/scripts/main/ncl_make_q1_obs.ncl

(0)	checking...
2014
 Copyright (C) 1995-2019 - All Rights Reserved
 University Corporation for Atmospheric Research
 NCAR Command Language Version 6.6.2
 The use of this software is governed by a License Agreement.
 See http://www.ncl.ucar.edu/ for more details.
(0)	Script started at: Fri Jul 10 21:35:37 AEST 2026

Variable: coord_model
Type: float
Total Size: 2081376000 bytes
            520344000 values
Number of Dimensions: 4
Dimensions and sizes:	[time | 365] x [level | 22] x [lat | 180] x [lon | 360]
Coordinates: 
            time: [999323..1008059]
            level: [10..1000]
            lat: [-89.5..89.5]
            lon: [   0.. 359]
Number Of Attributes: 6
  standard_name :	lagrangian_tendency_of_air_pressure
  long_name :	Vertical velocity
  units :	Pa s**-1
  _FillValue :	-32767
  missing_value :	-32767
  cell_methods :	time: mean
(0)	short2flt: input variable is already type float: Specific humidity
(0)	short2flt: no conversion performed
(0)	short2flt: input variable is already type float: Vertical velocity
(0)	short2flt: no conversion performed
(0)	short2flt: input variable is already type float: U component of wind
(0)	short2flt: no conversion performed
(0)	short2flt: input variable is already type float: V component of wind
(0)	short2flt: no conversion performed
(0)	short2flt: input variable is already type float: Temperature
(0)	short2flt: no conversion performed
(0)	Reading variables...

Variable: w
Type: float
Total Size: 714816000 bytes
            178704000 values
Number of Dimensions: 4
Dimensions and sizes:	[time | 365] x [level | 17] x [lat | 80] x [lon | 360]
Coordinates: 
            time: [999323..1008059]
            level: [1000..100]
            lat: [-39.5..39.5]
            lon: [   0.. 359]
Number Of Attributes: 6
  cell_methods :	time: mean
  missing_value :	-32767
  _FillValue :	-32767
  units :	Pa s**-1
  long_name :	Vertical velocity
  standard_name :	lagrangian_tendency_of_air_pressure

Variable: u
Type: float
Total Size: 714816000 bytes
            178704000 values
Number of Dimensions: 4
Dimensions and sizes:	[time | 365] x [level | 17] x [lat | 80] x [lon | 360]
Coordinates: 
            time: [999323..1008059]
            level: [1000..100]
            lat: [-39.5..39.5]
            lon: [   0.. 359]
Number Of Attributes: 6
  cell_methods :	time: mean
  missing_value :	-32767
  _FillValue :	-32767
  units :	m s**-1
  long_name :	U component of wind
  standard_name :	eastward_wind

Variable: v
Type: float
Total Size: 714816000 bytes
            178704000 values
Number of Dimensions: 4
Dimensions and sizes:	[time | 365] x [level | 17] x [lat | 80] x [lon | 360]
Coordinates: 
            time: [999323..1008059]
            level: [1000..100]
            lat: [-39.5..39.5]
            lon: [   0.. 359]
Number Of Attributes: 6
  cell_methods :	time: mean
  missing_value :	-32767
  _FillValue :	-32767
  units :	m s**-1
  long_name :	V component of wind
  standard_name :	northward_wind

Variable: q
Type: float
Total Size: 714816000 bytes
            178704000 values
Number of Dimensions: 4
Dimensions and sizes:	[time | 365] x [level | 17] x [lat | 80] x [lon | 360]
Coordinates: 
            time: [999323..1008059]
            level: [1000..100]
            lat: [-39.5..39.5]
            lon: [   0.. 359]
Number Of Attributes: 6
  cell_methods :	time: mean
  missing_value :	-32767
  _FillValue :	-32767
  units :	kg kg**-1
  long_name :	Specific humidity
  standard_name :	specific_humidity
(0)	Calculating temperature tendency...

Variable: dT_dt
Type: float
Total Size: 714816000 bytes
            178704000 values
Number of Dimensions: 4
Dimensions and sizes:	[time | 365] x [level | 17] x [lat | 80] x [lon | 360]
Coordinates: 
            time: [999323..1008059]
            level: [1000..100]
            lat: [-39.5..39.5]
            lon: [   0.. 359]
Number Of Attributes: 3
  units :	K/s
  long_name :	Local time derivative of temperature
  _FillValue :	-32767
(0)	Local time derivative of temperature (K/s) : min=-0.000323491   max=0.000242349

Variable: p
Type: float
Total Size: 68 bytes
            17 values
Number of Dimensions: 1
Dimensions and sizes:	[p | 17]
Coordinates: 
            p: [100000..10000]
Number Of Attributes: 1
  units :	Pa
(0)	---

Variable: ss
Type: float
Total Size: 714816000 bytes
            178704000 values
Number of Dimensions: 4
Dimensions and sizes:	[time | 365] x [level | 17] x [lat | 80] x [lon | 360]
Coordinates: 
            time: [999323..1008059]
            level: [1000..100]
            lat: [-39.5..39.5]
            lon: [   0.. 359]
Number Of Attributes: 3
  _FillValue :	-32767
  long_name :	static stability
  units :	K/Pa
(0)	static stability (K/Pa) : min=-0.00078476   max=0.00701597
(0)	-----
(0)	Calculating temperature advection...

Variable: adv_T_zonal
Type: double
Total Size: 1429632000 bytes
            178704000 values
Number of Dimensions: 4
Dimensions and sizes:	[time | 365] x [level | 17] x [lat | 80] x [lon | 360]
Coordinates: 
            time: [999323..1008059]
            level: [1000..100]
            lat: [-39.5..39.5]
            lon: [   0.. 359]
Number Of Attributes: 3
  units :	K/s
  long_name :	Zonal advection of temperature
  _FillValue :	-32767
(0)	Zonal advection of temperature (K/s) : min=-0.003700330538176906   max=0.003178217549088627

Variable: adv_T_meridional
Type: double
Total Size: 1429632000 bytes
            178704000 values
Number of Dimensions: 4
Dimensions and sizes:	[time | 365] x [level | 17] x [lat | 80] x [lon | 360]
Coordinates: 
            time: [999323..1008059]
            level: [1000..100]
            lat: [-39.5..39.5]
            lon: [   0.. 359]
Number Of Attributes: 3
  units :	K/s
  long_name :	Meridional advection of temperature
  _FillValue :	-32767
(0)	Meridional advection of temperature (K/s) : min=-0.001606391292175316   max=0.001526788168898576

Variable: adv_T
Type: double
Total Size: 1429632000 bytes
            178704000 values
Number of Dimensions: 4
Dimensions and sizes:	[time | 365] x [level | 17] x [lat | 80] x [lon | 360]
Coordinates: 
            time: [999323..1008059]
            level: [1000..100]
            lat: [-39.5..39.5]
            lon: [   0.. 359]
Number Of Attributes: 3
  units :	K/s
  long_name :	Advection of Horizontal temperature
  _FillValue :	-32767
(0)	Advection of Horizontal temperature (K/s) : min=-0.003671150084367268   max=0.003149129703373351
(0)	Calculating q1...

Variable: q1
Type: double
Total Size: 1429632000 bytes
            178704000 values
Number of Dimensions: 4
Dimensions and sizes:	[time | 365] x [level | 17] x [lat | 80] x [lon | 360]
Coordinates: 
            time: [999323..1008059]
            level: [1000..100]
            lat: [-39.5..39.5]
            lon: [   0.. 359]
Number Of Attributes: 3
  units :	K/s
  long_name :	q1: Net Heat Flux
  _FillValue :	-32767
(0)	q1: Net Heat Flux (K/s) : min=-0.01567505741947817   max=0.008684051550029076
(0)	-----

Variable: Q1_cp
Type: double
Total Size: 1429632000 bytes
            178704000 values
Number of Dimensions: 4
Dimensions and sizes:	[time | 365] x [level | 17] x [lat | 80] x [lon | 360]
Coordinates: 
            time: [999323..1008059]
            level: [1000..100]
            lat: [-39.5..39.5]
            lon: [   0.. 359]
Number Of Attributes: 3
  units :	m2/s3
  long_name :	Q1: Total Diabatic Heating as the Apparent Heat Source
  _FillValue :	-32767
(0)	Q1: Total Diabatic Heating as the Apparent Heat Source (m2/s3) : min=-15.74778991551965   max=8.724345676428998
(0)	-----
(0)	Writing output files...

Variable: fo_q1
Type: double
Total Size: 235889280 bytes
            29486160 values
Number of Dimensions: 4
Dimensions and sizes:	[time | 365] x [level | 17] x [lat | 33] x [lon | 144]
Coordinates: 
            time: [999323..1008059]
            level: [1000..100]
            lat: [ -40..  40]
            lon: [   0..357.5]
Number Of Attributes: 3
  _FillValue :	-32767
  long_name :	q1: Net Heat Flux per day
  units :	K/day

Variable: fo_q1
Type: double
Total Size: 235889280 bytes
            29486160 values
Number of Dimensions: 4
Dimensions and sizes:	[time | 365] x [level | 17] x [lat | 33] x [lon | 144]
Coordinates: 
            time: [999323..1008059]
            level: [1000..100]
            lat: [ -40..  40]
            lon: [   0..357.5]
Number Of Attributes: 3
  _FillValue :	-32767
  long_name :	q1: Net Heat Flux per day
  units :	K/day
fatal:["NclAdvancedFile.c":7091]:Type mismatch, can't perform assignment
fatal:["Execute.c":8637]:Execute: Error occurred at or near line 295 in file /home/563/fm6730/localrepo/wave_vertical_heating/scripts/main/ncl_make_q1_obs.ncl

fatal:["NclAdvancedFile.c":7091]:Type mismatch, can't perform assignment
fatal:["Execute.c":8637]:Execute: Error occurred at or near line 296 in file /home/563/fm6730/localrepo/wave_vertical_heating/scripts/main/ncl_make_q1_obs.ncl

(0)	checking...
2017
 Copyright (C) 1995-2019 - All Rights Reserved
 University Corporation for Atmospheric Research
 NCAR Command Language Version 6.6.2
 The use of this software is governed by a License Agreement.
 See http://www.ncl.ucar.edu/ for more details.
(0)	Script started at: Fri Jul 10 21:36:03 AEST 2026

Variable: coord_model
Type: float
Total Size: 2081376000 bytes
            520344000 values
Number of Dimensions: 4
Dimensions and sizes:	[time | 365] x [level | 22] x [lat | 180] x [lon | 360]
Coordinates: 
            time: [1025627..1034363]
            level: [10..1000]
            lat: [-89.5..89.5]
            lon: [   0.. 359]
Number Of Attributes: 6
  standard_name :	lagrangian_tendency_of_air_pressure
  long_name :	Vertical velocity
  units :	Pa s**-1
  _FillValue :	-32767
  missing_value :	-32767
  cell_methods :	time: mean
(0)	short2flt: input variable is already type float: Specific humidity
(0)	short2flt: no conversion performed
(0)	short2flt: input variable is already type float: Vertical velocity
(0)	short2flt: no conversion performed
(0)	short2flt: input variable is already type float: U component of wind
(0)	short2flt: no conversion performed
(0)	short2flt: input variable is already type float: V component of wind
(0)	short2flt: no conversion performed
(0)	short2flt: input variable is already type float: Temperature
(0)	short2flt: no conversion performed
(0)	Reading variables...

Variable: w
Type: float
Total Size: 714816000 bytes
            178704000 values
Number of Dimensions: 4
Dimensions and sizes:	[time | 365] x [level | 17] x [lat | 80] x [lon | 360]
Coordinates: 
            time: [1025627..1034363]
            level: [1000..100]
            lat: [-39.5..39.5]
            lon: [   0.. 359]
Number Of Attributes: 6
  cell_methods :	time: mean
  missing_value :	-32767
  _FillValue :	-32767
  units :	Pa s**-1
  long_name :	Vertical velocity
  standard_name :	lagrangian_tendency_of_air_pressure

Variable: u
Type: float
Total Size: 714816000 bytes
            178704000 values
Number of Dimensions: 4
Dimensions and sizes:	[time | 365] x [level | 17] x [lat | 80] x [lon | 360]
Coordinates: 
            time: [1025627..1034363]
            level: [1000..100]
            lat: [-39.5..39.5]
            lon: [   0.. 359]
Number Of Attributes: 6
  cell_methods :	time: mean
  missing_value :	-32767
  _FillValue :	-32767
  units :	m s**-1
  long_name :	U component of wind
  standard_name :	eastward_wind

Variable: v
Type: float
Total Size: 714816000 bytes
            178704000 values
Number of Dimensions: 4
Dimensions and sizes:	[time | 365] x [level | 17] x [lat | 80] x [lon | 360]
Coordinates: 
            time: [1025627..1034363]
            level: [1000..100]
            lat: [-39.5..39.5]
            lon: [   0.. 359]
Number Of Attributes: 6
  cell_methods :	time: mean
  missing_value :	-32767
  _FillValue :	-32767
  units :	m s**-1
  long_name :	V component of wind
  standard_name :	northward_wind

Variable: q
Type: float
Total Size: 714816000 bytes
            178704000 values
Number of Dimensions: 4
Dimensions and sizes:	[time | 365] x [level | 17] x [lat | 80] x [lon | 360]
Coordinates: 
            time: [1025627..1034363]
            level: [1000..100]
            lat: [-39.5..39.5]
            lon: [   0.. 359]
Number Of Attributes: 6
  cell_methods :	time: mean
  missing_value :	-32767
  _FillValue :	-32767
  units :	kg kg**-1
  long_name :	Specific humidity
  standard_name :	specific_humidity
(0)	Calculating temperature tendency...

Variable: dT_dt
Type: float
Total Size: 714816000 bytes
            178704000 values
Number of Dimensions: 4
Dimensions and sizes:	[time | 365] x [level | 17] x [lat | 80] x [lon | 360]
Coordinates: 
            time: [1025627..1034363]
            level: [1000..100]
            lat: [-39.5..39.5]
            lon: [   0.. 359]
Number Of Attributes: 3
  units :	K/s
  long_name :	Local time derivative of temperature
  _FillValue :	-32767
(0)	Local time derivative of temperature (K/s) : min=-0.000286947   max=0.000227687

Variable: p
Type: float
Total Size: 68 bytes
            17 values
Number of Dimensions: 1
Dimensions and sizes:	[p | 17]
Coordinates: 
            p: [100000..10000]
Number Of Attributes: 1
  units :	Pa
(0)	---

Variable: ss
Type: float
Total Size: 714816000 bytes
            178704000 values
Number of Dimensions: 4
Dimensions and sizes:	[time | 365] x [level | 17] x [lat | 80] x [lon | 360]
Coordinates: 
            time: [1025627..1034363]
            level: [1000..100]
            lat: [-39.5..39.5]
            lon: [   0.. 359]
Number Of Attributes: 3
  _FillValue :	-32767
  long_name :	static stability
  units :	K/Pa
(0)	static stability (K/Pa) : min=-0.00062281   max=0.00658525
(0)	-----
(0)	Calculating temperature advection...

Variable: adv_T_zonal
Type: double
Total Size: 1429632000 bytes
            178704000 values
Number of Dimensions: 4
Dimensions and sizes:	[time | 365] x [level | 17] x [lat | 80] x [lon | 360]
Coordinates: 
            time: [1025627..1034363]
            level: [1000..100]
            lat: [-39.5..39.5]
            lon: [   0.. 359]
Number Of Attributes: 3
  units :	K/s
  long_name :	Zonal advection of temperature
  _FillValue :	-32767
(0)	Zonal advection of temperature (K/s) : min=-0.004257383091180934   max=0.00280816448394849

Variable: adv_T_meridional
Type: double
Total Size: 1429632000 bytes
            178704000 values
Number of Dimensions: 4
Dimensions and sizes:	[time | 365] x [level | 17] x [lat | 80] x [lon | 360]
Coordinates: 
            time: [1025627..1034363]
            level: [1000..100]
            lat: [-39.5..39.5]
            lon: [   0.. 359]
Number Of Attributes: 3
  units :	K/s
  long_name :	Meridional advection of temperature
  _FillValue :	-32767
(0)	Meridional advection of temperature (K/s) : min=-0.001495899418165584   max=0.001488528600245637

Variable: adv_T
Type: double
Total Size: 1429632000 bytes
            178704000 values
Number of Dimensions: 4
Dimensions and sizes:	[time | 365] x [level | 17] x [lat | 80] x [lon | 360]
Coordinates: 
            time: [1025627..1034363]
            level: [1000..100]
            lat: [-39.5..39.5]
            lon: [   0.. 359]
Number Of Attributes: 3
  units :	K/s
  long_name :	Advection of Horizontal temperature
  _FillValue :	-32767
(0)	Advection of Horizontal temperature (K/s) : min=-0.004159057726137009   max=0.002819108208178057
(0)	Calculating q1...

Variable: q1
Type: double
Total Size: 1429632000 bytes
            178704000 values
Number of Dimensions: 4
Dimensions and sizes:	[time | 365] x [level | 17] x [lat | 80] x [lon | 360]
Coordinates: 
            time: [1025627..1034363]
            level: [1000..100]
            lat: [-39.5..39.5]
            lon: [   0.. 359]
Number Of Attributes: 3
  units :	K/s
  long_name :	q1: Net Heat Flux
  _FillValue :	-32767
(0)	q1: Net Heat Flux (K/s) : min=-0.01795323319779894   max=0.007569444748633965
(0)	-----

Variable: Q1_cp
Type: double
Total Size: 1429632000 bytes
            178704000 values
Number of Dimensions: 4
Dimensions and sizes:	[time | 365] x [level | 17] x [lat | 80] x [lon | 360]
Coordinates: 
            time: [1025627..1034363]
            level: [1000..100]
            lat: [-39.5..39.5]
            lon: [   0.. 359]
Number Of Attributes: 3
  units :	m2/s3
  long_name :	Q1: Total Diabatic Heating as the Apparent Heat Source
  _FillValue :	-32767
(0)	Q1: Total Diabatic Heating as the Apparent Heat Source (m2/s3) : min=-18.03653646282354   max=7.604567083148165
(0)	-----
(0)	Writing output files...

Variable: fo_q1
Type: double
Total Size: 235889280 bytes
            29486160 values
Number of Dimensions: 4
Dimensions and sizes:	[time | 365] x [level | 17] x [lat | 33] x [lon | 144]
Coordinates: 
            time: [1025627..1034363]
            level: [1000..100]
            lat: [ -40..  40]
            lon: [   0..357.5]
Number Of Attributes: 3
  _FillValue :	-32767
  long_name :	q1: Net Heat Flux per day
  units :	K/day

Variable: fo_q1
Type: double
Total Size: 235889280 bytes
            29486160 values
Number of Dimensions: 4
Dimensions and sizes:	[time | 365] x [level | 17] x [lat | 33] x [lon | 144]
Coordinates: 
            time: [1025627..1034363]
            level: [1000..100]
            lat: [ -40..  40]
            lon: [   0..357.5]
Number Of Attributes: 3
  _FillValue :	-32767
  long_name :	q1: Net Heat Flux per day
  units :	K/day
fatal:["NclAdvancedFile.c":7091]:Type mismatch, can't perform assignment
fatal:["Execute.c":8637]:Execute: Error occurred at or near line 295 in file /home/563/fm6730/localrepo/wave_vertical_heating/scripts/main/ncl_make_q1_obs.ncl

fatal:["NclAdvancedFile.c":7091]:Type mismatch, can't perform assignment
fatal:["Execute.c":8637]:Execute: Error occurred at or near line 296 in file /home/563/fm6730/localrepo/wave_vertical_heating/scripts/main/ncl_make_q1_obs.ncl

(0)	checking...
2018
 Copyright (C) 1995-2019 - All Rights Reserved
 University Corporation for Atmospheric Research
 NCAR Command Language Version 6.6.2
 The use of this software is governed by a License Agreement.
 See http://www.ncl.ucar.edu/ for more details.
(0)	Script started at: Fri Jul 10 21:36:19 AEST 2026

Variable: coord_model
Type: float
Total Size: 2081376000 bytes
            520344000 values
Number of Dimensions: 4
Dimensions and sizes:	[time | 365] x [level | 22] x [lat | 180] x [lon | 360]
Coordinates: 
            time: [1034387..1043123]
            level: [10..1000]
            lat: [-89.5..89.5]
            lon: [   0.. 359]
Number Of Attributes: 6
  standard_name :	lagrangian_tendency_of_air_pressure
  long_name :	Vertical velocity
  units :	Pa s**-1
  _FillValue :	-32767
  missing_value :	-32767
  cell_methods :	time: mean
(0)	short2flt: input variable is already type float: Specific humidity
(0)	short2flt: no conversion performed
(0)	short2flt: input variable is already type float: Vertical velocity
(0)	short2flt: no conversion performed
(0)	short2flt: input variable is already type float: U component of wind
(0)	short2flt: no conversion performed
(0)	short2flt: input variable is already type float: V component of wind
(0)	short2flt: no conversion performed
(0)	short2flt: input variable is already type float: Temperature
(0)	short2flt: no conversion performed
(0)	Reading variables...

Variable: w
Type: float
Total Size: 714816000 bytes
            178704000 values
Number of Dimensions: 4
Dimensions and sizes:	[time | 365] x [level | 17] x [lat | 80] x [lon | 360]
Coordinates: 
            time: [1034387..1043123]
            level: [1000..100]
            lat: [-39.5..39.5]
            lon: [   0.. 359]
Number Of Attributes: 6
  cell_methods :	time: mean
  missing_value :	-32767
  _FillValue :	-32767
  units :	Pa s**-1
  long_name :	Vertical velocity
  standard_name :	lagrangian_tendency_of_air_pressure

Variable: u
Type: float
Total Size: 714816000 bytes
            178704000 values
Number of Dimensions: 4
Dimensions and sizes:	[time | 365] x [level | 17] x [lat | 80] x [lon | 360]
Coordinates: 
            time: [1034387..1043123]
            level: [1000..100]
            lat: [-39.5..39.5]
            lon: [   0.. 359]
Number Of Attributes: 6
  cell_methods :	time: mean
  missing_value :	-32767
  _FillValue :	-32767
  units :	m s**-1
  long_name :	U component of wind
  standard_name :	eastward_wind

Variable: v
Type: float
Total Size: 714816000 bytes
            178704000 values
Number of Dimensions: 4
Dimensions and sizes:	[time | 365] x [level | 17] x [lat | 80] x [lon | 360]
Coordinates: 
            time: [1034387..1043123]
            level: [1000..100]
            lat: [-39.5..39.5]
            lon: [   0.. 359]
Number Of Attributes: 6
  cell_methods :	time: mean
  missing_value :	-32767
  _FillValue :	-32767
  units :	m s**-1
  long_name :	V component of wind
  standard_name :	northward_wind

Variable: q
Type: float
Total Size: 714816000 bytes
            178704000 values
Number of Dimensions: 4
Dimensions and sizes:	[time | 365] x [level | 17] x [lat | 80] x [lon | 360]
Coordinates: 
            time: [1034387..1043123]
            level: [1000..100]
            lat: [-39.5..39.5]
            lon: [   0.. 359]
Number Of Attributes: 6
  cell_methods :	time: mean
  missing_value :	-32767
  _FillValue :	-32767
  units :	kg kg**-1
  long_name :	Specific humidity
  standard_name :	specific_humidity
(0)	Calculating temperature tendency...

Variable: dT_dt
Type: float
Total Size: 714816000 bytes
            178704000 values
Number of Dimensions: 4
Dimensions and sizes:	[time | 365] x [level | 17] x [lat | 80] x [lon | 360]
Coordinates: 
            time: [1034387..1043123]
            level: [1000..100]
            lat: [-39.5..39.5]
            lon: [   0.. 359]
Number Of Attributes: 3
  units :	K/s
  long_name :	Local time derivative of temperature
  _FillValue :	-32767
(0)	Local time derivative of temperature (K/s) : min=-0.000285843   max=0.000227564

Variable: p
Type: float
Total Size: 68 bytes
            17 values
Number of Dimensions: 1
Dimensions and sizes:	[p | 17]
Coordinates: 
            p: [100000..10000]
Number Of Attributes: 1
  units :	Pa
(0)	---

Variable: ss
Type: float
Total Size: 714816000 bytes
            178704000 values
Number of Dimensions: 4
Dimensions and sizes:	[time | 365] x [level | 17] x [lat | 80] x [lon | 360]
Coordinates: 
            time: [1034387..1043123]
            level: [1000..100]
            lat: [-39.5..39.5]
            lon: [   0.. 359]
Number Of Attributes: 3
  _FillValue :	-32767
  long_name :	static stability
  units :	K/Pa
(0)	static stability (K/Pa) : min=-0.000636998   max=0.00850096
(0)	-----
(0)	Calculating temperature advection...

Variable: adv_T_zonal
Type: double
Total Size: 1429632000 bytes
            178704000 values
Number of Dimensions: 4
Dimensions and sizes:	[time | 365] x [level | 17] x [lat | 80] x [lon | 360]
Coordinates: 
            time: [1034387..1043123]
            level: [1000..100]
            lat: [-39.5..39.5]
            lon: [   0.. 359]
Number Of Attributes: 3
  units :	K/s
  long_name :	Zonal advection of temperature
  _FillValue :	-32767
(0)	Zonal advection of temperature (K/s) : min=-0.00308023770963921   max=0.003556411715117927

Variable: adv_T_meridional
Type: double
Total Size: 1429632000 bytes
            178704000 values
Number of Dimensions: 4
Dimensions and sizes:	[time | 365] x [level | 17] x [lat | 80] x [lon | 360]
Coordinates: 
            time: [1034387..1043123]
            level: [1000..100]
            lat: [-39.5..39.5]
            lon: [   0.. 359]
Number Of Attributes: 3
  units :	K/s
  long_name :	Meridional advection of temperature
  _FillValue :	-32767
(0)	Meridional advection of temperature (K/s) : min=-0.001539653338419876   max=0.001559376732331709

Variable: adv_T
Type: double
Total Size: 1429632000 bytes
            178704000 values
Number of Dimensions: 4
Dimensions and sizes:	[time | 365] x [level | 17] x [lat | 80] x [lon | 360]
Coordinates: 
            time: [1034387..1043123]
            level: [1000..100]
            lat: [-39.5..39.5]
            lon: [   0.. 359]
Number Of Attributes: 3
  units :	K/s
  long_name :	Advection of Horizontal temperature
  _FillValue :	-32767
(0)	Advection of Horizontal temperature (K/s) : min=-0.003501757277227457   max=0.003470290528186604
(0)	Calculating q1...

Variable: q1
Type: double
Total Size: 1429632000 bytes
            178704000 values
Number of Dimensions: 4
Dimensions and sizes:	[time | 365] x [level | 17] x [lat | 80] x [lon | 360]
Coordinates: 
            time: [1034387..1043123]
            level: [1000..100]
            lat: [-39.5..39.5]
            lon: [   0.. 359]
Number Of Attributes: 3
  units :	K/s
  long_name :	q1: Net Heat Flux
  _FillValue :	-32767
(0)	q1: Net Heat Flux (K/s) : min=-0.01121933433752858   max=0.008130272603084451
(0)	-----

Variable: Q1_cp
Type: double
Total Size: 1429632000 bytes
            178704000 values
Number of Dimensions: 4
Dimensions and sizes:	[time | 365] x [level | 17] x [lat | 80] x [lon | 360]
Coordinates: 
            time: [1034387..1043123]
            level: [1000..100]
            lat: [-39.5..39.5]
            lon: [   0.. 359]
Number Of Attributes: 3
  units :	m2/s3
  long_name :	Q1: Total Diabatic Heating as the Apparent Heat Source
  _FillValue :	-32767
(0)	Q1: Total Diabatic Heating as the Apparent Heat Source (m2/s3) : min=-11.27139221320043   max=8.167997187058553
(0)	-----
(0)	Writing output files...

Variable: fo_q1
Type: double
Total Size: 235889280 bytes
            29486160 values
Number of Dimensions: 4
Dimensions and sizes:	[time | 365] x [level | 17] x [lat | 33] x [lon | 144]
Coordinates: 
            time: [1034387..1043123]
            level: [1000..100]
            lat: [ -40..  40]
            lon: [   0..357.5]
Number Of Attributes: 3
  _FillValue :	-32767
  long_name :	q1: Net Heat Flux per day
  units :	K/day

Variable: fo_q1
Type: double
Total Size: 235889280 bytes
            29486160 values
Number of Dimensions: 4
Dimensions and sizes:	[time | 365] x [level | 17] x [lat | 33] x [lon | 144]
Coordinates: 
            time: [1034387..1043123]
            level: [1000..100]
            lat: [ -40..  40]
            lon: [   0..357.5]
Number Of Attributes: 3
  _FillValue :	-32767
  long_name :	q1: Net Heat Flux per day
  units :	K/day
fatal:["NclAdvancedFile.c":7091]:Type mismatch, can't perform assignment
fatal:["Execute.c":8637]:Execute: Error occurred at or near line 295 in file /home/563/fm6730/localrepo/wave_vertical_heating/scripts/main/ncl_make_q1_obs.ncl

fatal:["NclAdvancedFile.c":7091]:Type mismatch, can't perform assignment
fatal:["Execute.c":8637]:Execute: Error occurred at or near line 296 in file /home/563/fm6730/localrepo/wave_vertical_heating/scripts/main/ncl_make_q1_obs.ncl

(0)	checking...
2019
 Copyright (C) 1995-2019 - All Rights Reserved
 University Corporation for Atmospheric Research
 NCAR Command Language Version 6.6.2
 The use of this software is governed by a License Agreement.
 See http://www.ncl.ucar.edu/ for more details.
(0)	Script started at: Fri Jul 10 21:36:58 AEST 2026

Variable: coord_model
Type: float
Total Size: 2081376000 bytes
            520344000 values
Number of Dimensions: 4
Dimensions and sizes:	[time | 365] x [level | 22] x [lat | 180] x [lon | 360]
Coordinates: 
            time: [1043147..1051883]
            level: [10..1000]
            lat: [-89.5..89.5]
            lon: [   0.. 359]
Number Of Attributes: 6
  standard_name :	lagrangian_tendency_of_air_pressure
  long_name :	Vertical velocity
  units :	Pa s**-1
  _FillValue :	-32767
  missing_value :	-32767
  cell_methods :	time: mean
(0)	short2flt: input variable is already type float: Specific humidity
(0)	short2flt: no conversion performed
(0)	short2flt: input variable is already type float: Vertical velocity
(0)	short2flt: no conversion performed
(0)	short2flt: input variable is already type float: U component of wind
(0)	short2flt: no conversion performed
(0)	short2flt: input variable is already type float: V component of wind
(0)	short2flt: no conversion performed
(0)	short2flt: input variable is already type float: Temperature
(0)	short2flt: no conversion performed
(0)	Reading variables...

Variable: w
Type: float
Total Size: 714816000 bytes
            178704000 values
Number of Dimensions: 4
Dimensions and sizes:	[time | 365] x [level | 17] x [lat | 80] x [lon | 360]
Coordinates: 
            time: [1043147..1051883]
            level: [1000..100]
            lat: [-39.5..39.5]
            lon: [   0.. 359]
Number Of Attributes: 6
  cell_methods :	time: mean
  missing_value :	-32767
  _FillValue :	-32767
  units :	Pa s**-1
  long_name :	Vertical velocity
  standard_name :	lagrangian_tendency_of_air_pressure

Variable: u
Type: float
Total Size: 714816000 bytes
            178704000 values
Number of Dimensions: 4
Dimensions and sizes:	[time | 365] x [level | 17] x [lat | 80] x [lon | 360]
Coordinates: 
            time: [1043147..1051883]
            level: [1000..100]
            lat: [-39.5..39.5]
            lon: [   0.. 359]
Number Of Attributes: 6
  cell_methods :	time: mean
  missing_value :	-32767
  _FillValue :	-32767
  units :	m s**-1
  long_name :	U component of wind
  standard_name :	eastward_wind

Variable: v
Type: float
Total Size: 714816000 bytes
            178704000 values
Number of Dimensions: 4
Dimensions and sizes:	[time | 365] x [level | 17] x [lat | 80] x [lon | 360]
Coordinates: 
            time: [1043147..1051883]
            level: [1000..100]
            lat: [-39.5..39.5]
            lon: [   0.. 359]
Number Of Attributes: 6
  cell_methods :	time: mean
  missing_value :	-32767
  _FillValue :	-32767
  units :	m s**-1
  long_name :	V component of wind
  standard_name :	northward_wind

Variable: q
Type: float
Total Size: 714816000 bytes
            178704000 values
Number of Dimensions: 4
Dimensions and sizes:	[time | 365] x [level | 17] x [lat | 80] x [lon | 360]
Coordinates: 
            time: [1043147..1051883]
            level: [1000..100]
            lat: [-39.5..39.5]
            lon: [   0.. 359]
Number Of Attributes: 6
  cell_methods :	time: mean
  missing_value :	-32767
  _FillValue :	-32767
  units :	kg kg**-1
  long_name :	Specific humidity
  standard_name :	specific_humidity
(0)	Calculating temperature tendency...

Variable: dT_dt
Type: float
Total Size: 714816000 bytes
            178704000 values
Number of Dimensions: 4
Dimensions and sizes:	[time | 365] x [level | 17] x [lat | 80] x [lon | 360]
Coordinates: 
            time: [1043147..1051883]
            level: [1000..100]
            lat: [-39.5..39.5]
            lon: [   0.. 359]
Number Of Attributes: 3
  units :	K/s
  long_name :	Local time derivative of temperature
  _FillValue :	-32767
(0)	Local time derivative of temperature (K/s) : min=-0.000306387   max=0.000234335

Variable: p
Type: float
Total Size: 68 bytes
            17 values
Number of Dimensions: 1
Dimensions and sizes:	[p | 17]
Coordinates: 
            p: [100000..10000]
Number Of Attributes: 1
  units :	Pa
(0)	---

Variable: ss
Type: float
Total Size: 714816000 bytes
            178704000 values
Number of Dimensions: 4
Dimensions and sizes:	[time | 365] x [level | 17] x [lat | 80] x [lon | 360]
Coordinates: 
            time: [1043147..1051883]
            level: [1000..100]
            lat: [-39.5..39.5]
            lon: [   0.. 359]
Number Of Attributes: 3
  _FillValue :	-32767
  long_name :	static stability
  units :	K/Pa
(0)	static stability (K/Pa) : min=-0.000869888   max=0.00681213
(0)	-----
(0)	Calculating temperature advection...

Variable: adv_T_zonal
Type: double
Total Size: 1429632000 bytes
            178704000 values
Number of Dimensions: 4
Dimensions and sizes:	[time | 365] x [level | 17] x [lat | 80] x [lon | 360]
Coordinates: 
            time: [1043147..1051883]
            level: [1000..100]
            lat: [-39.5..39.5]
            lon: [   0.. 359]
Number Of Attributes: 3
  units :	K/s
  long_name :	Zonal advection of temperature
  _FillValue :	-32767
(0)	Zonal advection of temperature (K/s) : min=-0.003123031089972122   max=0.003033199719728184

Variable: adv_T_meridional
Type: double
Total Size: 1429632000 bytes
            178704000 values
Number of Dimensions: 4
Dimensions and sizes:	[time | 365] x [level | 17] x [lat | 80] x [lon | 360]
Coordinates: 
            time: [1043147..1051883]
            level: [1000..100]
            lat: [-39.5..39.5]
            lon: [   0.. 359]
Number Of Attributes: 3
  units :	K/s
  long_name :	Meridional advection of temperature
  _FillValue :	-32767
(0)	Meridional advection of temperature (K/s) : min=-0.001512320677893273   max=0.001378150163388575

Variable: adv_T
Type: double
Total Size: 1429632000 bytes
            178704000 values
Number of Dimensions: 4
Dimensions and sizes:	[time | 365] x [level | 17] x [lat | 80] x [lon | 360]
Coordinates: 
            time: [1043147..1051883]
            level: [1000..100]
            lat: [-39.5..39.5]
            lon: [   0.. 359]
Number Of Attributes: 3
  units :	K/s
  long_name :	Advection of Horizontal temperature
  _FillValue :	-32767
(0)	Advection of Horizontal temperature (K/s) : min=-0.003285330121510025   max=0.003015582971026084
(0)	Calculating q1...

Variable: q1
Type: double
Total Size: 1429632000 bytes
            178704000 values
Number of Dimensions: 4
Dimensions and sizes:	[time | 365] x [level | 17] x [lat | 80] x [lon | 360]
Coordinates: 
            time: [1043147..1051883]
            level: [1000..100]
            lat: [-39.5..39.5]
            lon: [   0.. 359]
Number Of Attributes: 3
  units :	K/s
  long_name :	q1: Net Heat Flux
  _FillValue :	-32767
(0)	q1: Net Heat Flux (K/s) : min=-0.01311844084242523   max=0.01092331551932943
(0)	-----

Variable: Q1_cp
Type: double
Total Size: 1429632000 bytes
            178704000 values
Number of Dimensions: 4
Dimensions and sizes:	[time | 365] x [level | 17] x [lat | 80] x [lon | 360]
Coordinates: 
            time: [1043147..1051883]
            level: [1000..100]
            lat: [-39.5..39.5]
            lon: [   0.. 359]
Number Of Attributes: 3
  units :	m2/s3
  long_name :	Q1: Total Diabatic Heating as the Apparent Heat Source
  _FillValue :	-32767
(0)	Q1: Total Diabatic Heating as the Apparent Heat Source (m2/s3) : min=-13.17931060009874   max=10.97399986334862
(0)	-----
(0)	Writing output files...

Variable: fo_q1
Type: double
Total Size: 235889280 bytes
            29486160 values
Number of Dimensions: 4
Dimensions and sizes:	[time | 365] x [level | 17] x [lat | 33] x [lon | 144]
Coordinates: 
            time: [1043147..1051883]
            level: [1000..100]
            lat: [ -40..  40]
            lon: [   0..357.5]
Number Of Attributes: 3
  _FillValue :	-32767
  long_name :	q1: Net Heat Flux per day
  units :	K/day

Variable: fo_q1
Type: double
Total Size: 235889280 bytes
            29486160 values
Number of Dimensions: 4
Dimensions and sizes:	[time | 365] x [level | 17] x [lat | 33] x [lon | 144]
Coordinates: 
            time: [1043147..1051883]
            level: [1000..100]
            lat: [ -40..  40]
            lon: [   0..357.5]
Number Of Attributes: 3
  _FillValue :	-32767
  long_name :	q1: Net Heat Flux per day
  units :	K/day
fatal:["NclAdvancedFile.c":7091]:Type mismatch, can't perform assignment
fatal:["Execute.c":8637]:Execute: Error occurred at or near line 295 in file /home/563/fm6730/localrepo/wave_vertical_heating/scripts/main/ncl_make_q1_obs.ncl

fatal:["NclAdvancedFile.c":7091]:Type mismatch, can't perform assignment
fatal:["Execute.c":8637]:Execute: Error occurred at or near line 296 in file /home/563/fm6730/localrepo/wave_vertical_heating/scripts/main/ncl_make_q1_obs.ncl

(0)	checking...
2020
 Copyright (C) 1995-2019 - All Rights Reserved
 University Corporation for Atmospheric Research
 NCAR Command Language Version 6.6.2
 The use of this software is governed by a License Agreement.
 See http://www.ncl.ucar.edu/ for more details.
(0)	Script started at: Fri Jul 10 21:38:22 AEST 2026

Variable: coord_model
Type: float
Total Size: 2087078400 bytes
            521769600 values
Number of Dimensions: 4
Dimensions and sizes:	[time | 366] x [level | 22] x [lat | 180] x [lon | 360]
Coordinates: 
            time: [1051907..1060667]
            level: [10..1000]
            lat: [-89.5..89.5]
            lon: [   0.. 359]
Number Of Attributes: 6
  standard_name :	lagrangian_tendency_of_air_pressure
  long_name :	Vertical velocity
  units :	Pa s**-1
  _FillValue :	-32767
  missing_value :	-32767
  cell_methods :	time: mean
(0)	short2flt: input variable is already type float: Specific humidity
(0)	short2flt: no conversion performed
(0)	short2flt: input variable is already type float: Vertical velocity
(0)	short2flt: no conversion performed
(0)	short2flt: input variable is already type float: U component of wind
(0)	short2flt: no conversion performed
(0)	short2flt: input variable is already type float: V component of wind
(0)	short2flt: no conversion performed
(0)	short2flt: input variable is already type float: Temperature
(0)	short2flt: no conversion performed
(0)	Reading variables...

Variable: w
Type: float
Total Size: 716774400 bytes
            179193600 values
Number of Dimensions: 4
Dimensions and sizes:	[time | 366] x [level | 17] x [lat | 80] x [lon | 360]
Coordinates: 
            time: [1051907..1060667]
            level: [1000..100]
            lat: [-39.5..39.5]
            lon: [   0.. 359]
Number Of Attributes: 6
  cell_methods :	time: mean
  missing_value :	-32767
  _FillValue :	-32767
  units :	Pa s**-1
  long_name :	Vertical velocity
  standard_name :	lagrangian_tendency_of_air_pressure

Variable: u
Type: float
Total Size: 716774400 bytes
            179193600 values
Number of Dimensions: 4
Dimensions and sizes:	[time | 366] x [level | 17] x [lat | 80] x [lon | 360]
Coordinates: 
            time: [1051907..1060667]
            level: [1000..100]
            lat: [-39.5..39.5]
            lon: [   0.. 359]
Number Of Attributes: 6
  cell_methods :	time: mean
  missing_value :	-32767
  _FillValue :	-32767
  units :	m s**-1
  long_name :	U component of wind
  standard_name :	eastward_wind

Variable: v
Type: float
Total Size: 716774400 bytes
            179193600 values
Number of Dimensions: 4
Dimensions and sizes:	[time | 366] x [level | 17] x [lat | 80] x [lon | 360]
Coordinates: 
            time: [1051907..1060667]
            level: [1000..100]
            lat: [-39.5..39.5]
            lon: [   0.. 359]
Number Of Attributes: 6
  cell_methods :	time: mean
  missing_value :	-32767
  _FillValue :	-32767
  units :	m s**-1
  long_name :	V component of wind
  standard_name :	northward_wind

Variable: q
Type: float
Total Size: 716774400 bytes
            179193600 values
Number of Dimensions: 4
Dimensions and sizes:	[time | 366] x [level | 17] x [lat | 80] x [lon | 360]
Coordinates: 
            time: [1051907..1060667]
            level: [1000..100]
            lat: [-39.5..39.5]
            lon: [   0.. 359]
Number Of Attributes: 6
  cell_methods :	time: mean
  missing_value :	-32767
  _FillValue :	-32767
  units :	kg kg**-1
  long_name :	Specific humidity
  standard_name :	specific_humidity
(0)	Calculating temperature tendency...

Variable: dT_dt
Type: float
Total Size: 716774400 bytes
            179193600 values
Number of Dimensions: 4
Dimensions and sizes:	[time | 366] x [level | 17] x [lat | 80] x [lon | 360]
Coordinates: 
            time: [1051907..1060667]
            level: [1000..100]
            lat: [-39.5..39.5]
            lon: [   0.. 359]
Number Of Attributes: 3
  units :	K/s
  long_name :	Local time derivative of temperature
  _FillValue :	-32767
(0)	Local time derivative of temperature (K/s) : min=-0.000280845   max=0.000232155

Variable: p
Type: float
Total Size: 68 bytes
            17 values
Number of Dimensions: 1
Dimensions and sizes:	[p | 17]
Coordinates: 
            p: [100000..10000]
Number Of Attributes: 1
  units :	Pa
(0)	---

Variable: ss
Type: float
Total Size: 716774400 bytes
            179193600 values
Number of Dimensions: 4
Dimensions and sizes:	[time | 366] x [level | 17] x [lat | 80] x [lon | 360]
Coordinates: 
            time: [1051907..1060667]
            level: [1000..100]
            lat: [-39.5..39.5]
            lon: [   0.. 359]
Number Of Attributes: 3
  _FillValue :	-32767
  long_name :	static stability
  units :	K/Pa
(0)	static stability (K/Pa) : min=-0.000617695   max=0.00698933
(0)	-----
(0)	Calculating temperature advection...

Variable: adv_T_zonal
Type: double
Total Size: 1433548800 bytes
            179193600 values
Number of Dimensions: 4
Dimensions and sizes:	[time | 366] x [level | 17] x [lat | 80] x [lon | 360]
Coordinates: 
            time: [1051907..1060667]
            level: [1000..100]
            lat: [-39.5..39.5]
            lon: [   0.. 359]
Number Of Attributes: 3
  units :	K/s
  long_name :	Zonal advection of temperature
  _FillValue :	-32767
(0)	Zonal advection of temperature (K/s) : min=-0.003213659092046504   max=0.002561573264479546

Variable: adv_T_meridional
Type: double
Total Size: 1433548800 bytes
            179193600 values
Number of Dimensions: 4
Dimensions and sizes:	[time | 366] x [level | 17] x [lat | 80] x [lon | 360]
Coordinates: 
            time: [1051907..1060667]
            level: [1000..100]
            lat: [-39.5..39.5]
            lon: [   0.. 359]
Number Of Attributes: 3
  units :	K/s
  long_name :	Meridional advection of temperature
  _FillValue :	-32767
(0)	Meridional advection of temperature (K/s) : min=-0.001560344378676835   max=0.001801156329840813

Variable: adv_T
Type: double
Total Size: 1433548800 bytes
            179193600 values
Number of Dimensions: 4
Dimensions and sizes:	[time | 366] x [level | 17] x [lat | 80] x [lon | 360]
Coordinates: 
            time: [1051907..1060667]
            level: [1000..100]
            lat: [-39.5..39.5]
            lon: [   0.. 359]
Number Of Attributes: 3
  units :	K/s
  long_name :	Advection of Horizontal temperature
  _FillValue :	-32767
(0)	Advection of Horizontal temperature (K/s) : min=-0.003144566572710987   max=0.002911056893059412
(0)	Calculating q1...

Variable: q1
Type: double
Total Size: 1433548800 bytes
            179193600 values
Number of Dimensions: 4
Dimensions and sizes:	[time | 366] x [level | 17] x [lat | 80] x [lon | 360]
Coordinates: 
            time: [1051907..1060667]
            level: [1000..100]
            lat: [-39.5..39.5]
            lon: [   0.. 359]
Number Of Attributes: 3
  units :	K/s
  long_name :	q1: Net Heat Flux
  _FillValue :	-32767
(0)	q1: Net Heat Flux (K/s) : min=-0.01206214824184158   max=0.00798272841927548
(0)	-----

Variable: Q1_cp
Type: double
Total Size: 1433548800 bytes
            179193600 values
Number of Dimensions: 4
Dimensions and sizes:	[time | 366] x [level | 17] x [lat | 80] x [lon | 360]
Coordinates: 
            time: [1051907..1060667]
            level: [1000..100]
            lat: [-39.5..39.5]
            lon: [   0.. 359]
Number Of Attributes: 3
  units :	m2/s3
  long_name :	Q1: Total Diabatic Heating as the Apparent Heat Source
  _FillValue :	-32767
(0)	Q1: Total Diabatic Heating as the Apparent Heat Source (m2/s3) : min=-12.11811678637535   max=8.019768396075417
(0)	-----
(0)	Writing output files...

Variable: fo_q1
Type: double
Total Size: 236535552 bytes
            29566944 values
Number of Dimensions: 4
Dimensions and sizes:	[time | 366] x [level | 17] x [lat | 33] x [lon | 144]
Coordinates: 
            time: [1051907..1060667]
            level: [1000..100]
            lat: [ -40..  40]
            lon: [   0..357.5]
Number Of Attributes: 3
  _FillValue :	-32767
  long_name :	q1: Net Heat Flux per day
  units :	K/day

Variable: fo_q1
Type: double
Total Size: 236535552 bytes
            29566944 values
Number of Dimensions: 4
Dimensions and sizes:	[time | 366] x [level | 17] x [lat | 33] x [lon | 144]
Coordinates: 
            time: [1051907..1060667]
            level: [1000..100]
            lat: [ -40..  40]
            lon: [   0..357.5]
Number Of Attributes: 3
  _FillValue :	-32767
  long_name :	q1: Net Heat Flux per day
  units :	K/day
fatal:["NclAdvancedFile.c":7091]:Type mismatch, can't perform assignment
fatal:["Execute.c":8637]:Execute: Error occurred at or near line 295 in file /home/563/fm6730/localrepo/wave_vertical_heating/scripts/main/ncl_make_q1_obs.ncl

fatal:["NclAdvancedFile.c":7091]:Type mismatch, can't perform assignment
fatal:["Execute.c":8637]:Execute: Error occurred at or near line 296 in file /home/563/fm6730/localrepo/wave_vertical_heating/scripts/main/ncl_make_q1_obs.ncl

(0)	checking...

======================================================================================
                  Resource Usage on 2026-07-10 21:42:53:
   Job Id:             173499703.gadi-pbs
   Project:            v46
   Exit Status:        29
   Service Units:      5.91
   NCPUs Requested:    20                  CPU Time Used: 02:04:22        
   Memory Requested:   200.0GB               Memory Used: 199.99GB        
   Walltime Requested: 15:00:00            Walltime Used: 00:12:46        
   JobFS Requested:    200.0GB                JobFS Used: 0B              
======================================================================================
