20030401 e01
 Copyright (C) 1995-2019 - All Rights Reserved
 University Corporation for Atmospheric Research
 NCAR Command Language Version 6.6.2
 The use of this software is governed by a License Agreement.
 See http://www.ncl.ucar.edu/ for more details.
(0)	Script started at: Mon Aug 24 17:48:19 AEST 2026
(0)	short2flt: input variable is already type float: SPECIFIC HUMIDITY ON P LEV/UV GRID
(0)	short2flt: no conversion performed
(0)	short2flt: input variable is already type float: U COMPNT OF WIND ON P LEV/UV GRID
(0)	short2flt: no conversion performed
(0)	short2flt: input variable is already type float: V COMPNT OF WIND ON P LEV/UV GRID
(0)	short2flt: no conversion performed
(0)	short2flt: input variable is already type float: W COMPNT OF WIND ON P LEV/UV GRID
(0)	short2flt: no conversion performed
(0)	Reading variables...

Variable: q
Type: float
Total Size: 838874880 bytes
            209718720 values
Number of Dimensions: 4
Dimensions and sizes:	[time | 279] x [z1_p_level | 12] x [lat | 145] x [lon | 432]
Coordinates: 
            time: [12144..12422]
            z1_p_level: [1000..100]
            lat: [-40..40]
            lon: [ 0..359.1667]
Number Of Attributes: 9
  standard_name :	specific_humidity
  long_name :	SPECIFIC HUMIDITY ON P LEV/UV GRID
  missing_value :	-1.073742e+09
  stash_section :	30
  units :	1
  lookup_source :	defaults (cdunifpp V0.14pre1)
  stash_model :	1
  stash_item :	205
  _FillValue :	-1.073742e+09

Variable: u
Type: float
Total Size: 838874880 bytes
            209718720 values
Number of Dimensions: 4
Dimensions and sizes:	[time | 279] x [z1_p_level | 12] x [lat | 145] x [lon | 432]
Coordinates: 
            time: [12144..12422]
            z1_p_level: [1000..100]
            lat: [-40..40]
            lon: [ 0..359.1667]
Number Of Attributes: 9
  standard_name :	eastward_wind
  long_name :	U COMPNT OF WIND ON P LEV/UV GRID
  missing_value :	-1.073742e+09
  stash_section :	30
  units :	m s-1
  lookup_source :	defaults (cdunifpp V0.14pre1)
  stash_model :	1
  stash_item :	201
  _FillValue :	-1.073742e+09

Variable: v
Type: float
Total Size: 838874880 bytes
            209718720 values
Number of Dimensions: 4
Dimensions and sizes:	[time | 279] x [z1_p_level | 12] x [lat | 145] x [lon | 432]
Coordinates: 
            time: [12144..12422]
            z1_p_level: [1000..100]
            lat: [-40..40]
            lon: [ 0..359.1667]
Number Of Attributes: 9
  standard_name :	northward_wind
  long_name :	V COMPNT OF WIND ON P LEV/UV GRID
  missing_value :	-1.073742e+09
  stash_section :	30
  units :	m s-1
  lookup_source :	defaults (cdunifpp V0.14pre1)
  stash_model :	1
  stash_item :	202
  _FillValue :	-1.073742e+09
(0)	u contains missing values
(0)	u filled
(0)	v contains missing values
(0)	v filled
(0)	q contains missing values
(0)	q filled
(0)	w contains missing values
(0)	w filled
(0)	Calculating advection of moisture...
(0)	Calculating temporal tendency of moisture...

Variable: dq_dt
Type: float
Total Size: 838874880 bytes
            209718720 values
Number of Dimensions: 4
Dimensions and sizes:	[time | 279] x [z1_p_level | 12] x [lat | 145] x [lon | 432]
Coordinates: 
            time: [12144..12422]
            z1_p_level: [1000..100]
            lat: [-40..40]
            lon: [ 0..359.1667]
Number Of Attributes: 3
  units :	kg/kg s**-1
  long_name :	Temporal tendency of moisture
  _FillValue :	-1.073742e+09
(0)	Temporal tendency of moisture (kg/kg s**-1) : min=-1.79475e-07   max=1.97969e-07
(0)	Calculating convergence of moisture...
(0)	Calculating moisture loss (gain) due to the condensational heating
(0)	Calculating horizontal convergence of moisture flux...

Variable: fo_q
Type: float
Total Size: 63638784 bytes
            15909696 values
Number of Dimensions: 4
Dimensions and sizes:	[time | 279] x [z1_p_level | 12] x [lat | 33] x [lon | 144]
Coordinates: 
            time: [12144..12422]
            z1_p_level: [1000..100]
            lat: [ -40..  40]
            lon: [   0..357.5]
Number Of Attributes: 9
  missing_value :	-1.073742e+09
  _FillValue :	-1.073742e+09
  stash_item :	205
  stash_model :	1
  lookup_source :	defaults (cdunifpp V0.14pre1)
  units :	kg/kg
  stash_section :	30
  long_name :	SPECIFIC HUMIDITY ON P LEV/UV GRID
  standard_name :	specific_humidity

Variable: fo_dq_dt
Type: float
Total Size: 63638784 bytes
            15909696 values
Number of Dimensions: 4
Dimensions and sizes:	[time | 279] x [z1_p_level | 12] x [lat | 33] x [lon | 144]
Coordinates: 
            time: [12144..12422]
            z1_p_level: [1000..100]
            lat: [ -40..  40]
            lon: [   0..357.5]
Number Of Attributes: 3
  _FillValue :	-1.073742e+09
  long_name :	Temporal tendency of moisture
  units :	kg/kg s**-1
(0)	Writing output files...
20030429 e01
 Copyright (C) 1995-2019 - All Rights Reserved
 University Corporation for Atmospheric Research
 NCAR Command Language Version 6.6.2
 The use of this software is governed by a License Agreement.
 See http://www.ncl.ucar.edu/ for more details.
(0)	Script started at: Mon Aug 24 17:48:19 AEST 2026
(0)	short2flt: input variable is already type float: SPECIFIC HUMIDITY ON P LEV/UV GRID
(0)	short2flt: no conversion performed
(0)	short2flt: input variable is already type float: U COMPNT OF WIND ON P LEV/UV GRID
(0)	short2flt: no conversion performed
(0)	short2flt: input variable is already type float: V COMPNT OF WIND ON P LEV/UV GRID
(0)	short2flt: no conversion performed
(0)	short2flt: input variable is already type float: W COMPNT OF WIND ON P LEV/UV GRID
(0)	short2flt: no conversion performed
(0)	Reading variables...

Variable: q
Type: float
Total Size: 838874880 bytes
            209718720 values
Number of Dimensions: 4
Dimensions and sizes:	[time | 279] x [z1_p_level | 12] x [lat | 145] x [lon | 432]
Coordinates: 
            time: [12172..12450]
            z1_p_level: [1000..100]
            lat: [-40..40]
            lon: [ 0..359.1667]
Number Of Attributes: 9
  standard_name :	specific_humidity
  long_name :	SPECIFIC HUMIDITY ON P LEV/UV GRID
  missing_value :	-1.073742e+09
  stash_section :	30
  units :	1
  lookup_source :	defaults (cdunifpp V0.14pre1)
  stash_model :	1
  stash_item :	205
  _FillValue :	-1.073742e+09

Variable: u
Type: float
Total Size: 838874880 bytes
            209718720 values
Number of Dimensions: 4
Dimensions and sizes:	[time | 279] x [z1_p_level | 12] x [lat | 145] x [lon | 432]
Coordinates: 
            time: [12172..12450]
            z1_p_level: [1000..100]
            lat: [-40..40]
            lon: [ 0..359.1667]
Number Of Attributes: 9
  standard_name :	eastward_wind
  long_name :	U COMPNT OF WIND ON P LEV/UV GRID
  missing_value :	-1.073742e+09
  stash_section :	30
  units :	m s-1
  lookup_source :	defaults (cdunifpp V0.14pre1)
  stash_model :	1
  stash_item :	201
  _FillValue :	-1.073742e+09

Variable: v
Type: float
Total Size: 838874880 bytes
            209718720 values
Number of Dimensions: 4
Dimensions and sizes:	[time | 279] x [z1_p_level | 12] x [lat | 145] x [lon | 432]
Coordinates: 
            time: [12172..12450]
            z1_p_level: [1000..100]
            lat: [-40..40]
            lon: [ 0..359.1667]
Number Of Attributes: 9
  standard_name :	northward_wind
  long_name :	V COMPNT OF WIND ON P LEV/UV GRID
  missing_value :	-1.073742e+09
  stash_section :	30
  units :	m s-1
  lookup_source :	defaults (cdunifpp V0.14pre1)
  stash_model :	1
  stash_item :	202
  _FillValue :	-1.073742e+09
(0)	u contains missing values
(0)	u filled
(0)	v contains missing values
(0)	v filled
(0)	q contains missing values
(0)	q filled
(0)	w contains missing values
(0)	w filled
(0)	Calculating advection of moisture...
(0)	Calculating temporal tendency of moisture...

Variable: dq_dt
Type: float
Total Size: 838874880 bytes
            209718720 values
Number of Dimensions: 4
Dimensions and sizes:	[time | 279] x [z1_p_level | 12] x [lat | 145] x [lon | 432]
Coordinates: 
            time: [12172..12450]
            z1_p_level: [1000..100]
            lat: [-40..40]
            lon: [ 0..359.1667]
Number Of Attributes: 3
  units :	kg/kg s**-1
  long_name :	Temporal tendency of moisture
  _FillValue :	-1.073742e+09
(0)	Temporal tendency of moisture (kg/kg s**-1) : min=-1.93745e-07   max=1.80815e-07
(0)	Calculating convergence of moisture...
(0)	Calculating moisture loss (gain) due to the condensational heating
(0)	Calculating horizontal convergence of moisture flux...

Variable: fo_q
Type: float
Total Size: 63638784 bytes
            15909696 values
Number of Dimensions: 4
Dimensions and sizes:	[time | 279] x [z1_p_level | 12] x [lat | 33] x [lon | 144]
Coordinates: 
            time: [12172..12450]
            z1_p_level: [1000..100]
            lat: [ -40..  40]
            lon: [   0..357.5]
Number Of Attributes: 9
  missing_value :	-1.073742e+09
  _FillValue :	-1.073742e+09
  stash_item :	205
  stash_model :	1
  lookup_source :	defaults (cdunifpp V0.14pre1)
  units :	kg/kg
  stash_section :	30
  long_name :	SPECIFIC HUMIDITY ON P LEV/UV GRID
  standard_name :	specific_humidity

Variable: fo_dq_dt
Type: float
Total Size: 63638784 bytes
            15909696 values
Number of Dimensions: 4
Dimensions and sizes:	[time | 279] x [z1_p_level | 12] x [lat | 33] x [lon | 144]
Coordinates: 
            time: [12172..12450]
            z1_p_level: [1000..100]
            lat: [ -40..  40]
            lon: [   0..357.5]
Number Of Attributes: 3
  _FillValue :	-1.073742e+09
  long_name :	Temporal tendency of moisture
  units :	kg/kg s**-1
(0)	Writing output files...
20030530 e01
 Copyright (C) 1995-2019 - All Rights Reserved
 University Corporation for Atmospheric Research
 NCAR Command Language Version 6.6.2
 The use of this software is governed by a License Agreement.
 See http://www.ncl.ucar.edu/ for more details.
(0)	Script started at: Mon Aug 24 17:48:19 AEST 2026
(0)	short2flt: input variable is already type float: SPECIFIC HUMIDITY ON P LEV/UV GRID
(0)	short2flt: no conversion performed
(0)	short2flt: input variable is already type float: U COMPNT OF WIND ON P LEV/UV GRID
(0)	short2flt: no conversion performed
(0)	short2flt: input variable is already type float: V COMPNT OF WIND ON P LEV/UV GRID
(0)	short2flt: no conversion performed
(0)	short2flt: input variable is already type float: W COMPNT OF WIND ON P LEV/UV GRID
(0)	short2flt: no conversion performed
(0)	Reading variables...

Variable: q
Type: float
Total Size: 838874880 bytes
            209718720 values
Number of Dimensions: 4
Dimensions and sizes:	[time | 279] x [z1_p_level | 12] x [lat | 145] x [lon | 432]
Coordinates: 
            time: [12203..12481]
            z1_p_level: [1000..100]
            lat: [-40..40]
            lon: [ 0..359.1667]
Number Of Attributes: 9
  standard_name :	specific_humidity
  long_name :	SPECIFIC HUMIDITY ON P LEV/UV GRID
  missing_value :	-1.073742e+09
  stash_section :	30
  units :	1
  lookup_source :	defaults (cdunifpp V0.14pre1)
  stash_model :	1
  stash_item :	205
  _FillValue :	-1.073742e+09

Variable: u
Type: float
Total Size: 838874880 bytes
            209718720 values
Number of Dimensions: 4
Dimensions and sizes:	[time | 279] x [z1_p_level | 12] x [lat | 145] x [lon | 432]
Coordinates: 
            time: [12203..12481]
            z1_p_level: [1000..100]
            lat: [-40..40]
            lon: [ 0..359.1667]
Number Of Attributes: 9
  standard_name :	eastward_wind
  long_name :	U COMPNT OF WIND ON P LEV/UV GRID
  missing_value :	-1.073742e+09
  stash_section :	30
  units :	m s-1
  lookup_source :	defaults (cdunifpp V0.14pre1)
  stash_model :	1
  stash_item :	201
  _FillValue :	-1.073742e+09

Variable: v
Type: float
Total Size: 838874880 bytes
            209718720 values
Number of Dimensions: 4
Dimensions and sizes:	[time | 279] x [z1_p_level | 12] x [lat | 145] x [lon | 432]
Coordinates: 
            time: [12203..12481]
            z1_p_level: [1000..100]
            lat: [-40..40]
            lon: [ 0..359.1667]
Number Of Attributes: 9
  standard_name :	northward_wind
  long_name :	V COMPNT OF WIND ON P LEV/UV GRID
  missing_value :	-1.073742e+09
  stash_section :	30
  units :	m s-1
  lookup_source :	defaults (cdunifpp V0.14pre1)
  stash_model :	1
  stash_item :	202
  _FillValue :	-1.073742e+09
(0)	u contains missing values
(0)	u filled
(0)	v contains missing values
(0)	v filled
(0)	q contains missing values
(0)	q filled
(0)	w contains missing values
(0)	w filled
(0)	Calculating advection of moisture...
(0)	Calculating temporal tendency of moisture...

Variable: dq_dt
Type: float
Total Size: 838874880 bytes
            209718720 values
Number of Dimensions: 4
Dimensions and sizes:	[time | 279] x [z1_p_level | 12] x [lat | 145] x [lon | 432]
Coordinates: 
            time: [12203..12481]
            z1_p_level: [1000..100]
            lat: [-40..40]
            lon: [ 0..359.1667]
Number Of Attributes: 3
  units :	kg/kg s**-1
  long_name :	Temporal tendency of moisture
  _FillValue :	-1.073742e+09
(0)	Temporal tendency of moisture (kg/kg s**-1) : min=-1.82681e-07   max=1.78932e-07
(0)	Calculating convergence of moisture...
(0)	Calculating moisture loss (gain) due to the condensational heating
(0)	Calculating horizontal convergence of moisture flux...

Variable: fo_q
Type: float
Total Size: 63638784 bytes
            15909696 values
Number of Dimensions: 4
Dimensions and sizes:	[time | 279] x [z1_p_level | 12] x [lat | 33] x [lon | 144]
Coordinates: 
            time: [12203..12481]
            z1_p_level: [1000..100]
            lat: [ -40..  40]
            lon: [   0..357.5]
Number Of Attributes: 9
  missing_value :	-1.073742e+09
  _FillValue :	-1.073742e+09
  stash_item :	205
  stash_model :	1
  lookup_source :	defaults (cdunifpp V0.14pre1)
  units :	kg/kg
  stash_section :	30
  long_name :	SPECIFIC HUMIDITY ON P LEV/UV GRID
  standard_name :	specific_humidity

Variable: fo_dq_dt
Type: float
Total Size: 63638784 bytes
            15909696 values
Number of Dimensions: 4
Dimensions and sizes:	[time | 279] x [z1_p_level | 12] x [lat | 33] x [lon | 144]
Coordinates: 
            time: [12203..12481]
            z1_p_level: [1000..100]
            lat: [ -40..  40]
            lon: [   0..357.5]
Number Of Attributes: 3
  _FillValue :	-1.073742e+09
  long_name :	Temporal tendency of moisture
  units :	kg/kg s**-1
(0)	Writing output files...
20030501 e01
 Copyright (C) 1995-2019 - All Rights Reserved
 University Corporation for Atmospheric Research
 NCAR Command Language Version 6.6.2
 The use of this software is governed by a License Agreement.
 See http://www.ncl.ucar.edu/ for more details.
(0)	Script started at: Mon Aug 24 17:48:19 AEST 2026
(0)	short2flt: input variable is already type float: SPECIFIC HUMIDITY ON P LEV/UV GRID
(0)	short2flt: no conversion performed
(0)	short2flt: input variable is already type float: U COMPNT OF WIND ON P LEV/UV GRID
(0)	short2flt: no conversion performed
(0)	short2flt: input variable is already type float: V COMPNT OF WIND ON P LEV/UV GRID
(0)	short2flt: no conversion performed
(0)	short2flt: input variable is already type float: W COMPNT OF WIND ON P LEV/UV GRID
(0)	short2flt: no conversion performed
(0)	Reading variables...

Variable: q
Type: float
Total Size: 838874880 bytes
            209718720 values
Number of Dimensions: 4
Dimensions and sizes:	[time | 279] x [z1_p_level | 12] x [lat | 145] x [lon | 432]
Coordinates: 
            time: [12174..12452]
            z1_p_level: [1000..100]
            lat: [-40..40]
            lon: [ 0..359.1667]
Number Of Attributes: 9
  standard_name :	specific_humidity
  long_name :	SPECIFIC HUMIDITY ON P LEV/UV GRID
  missing_value :	-1.073742e+09
  stash_section :	30
  units :	1
  lookup_source :	defaults (cdunifpp V0.14pre1)
  stash_model :	1
  stash_item :	205
  _FillValue :	-1.073742e+09

Variable: u
Type: float
Total Size: 838874880 bytes
            209718720 values
Number of Dimensions: 4
Dimensions and sizes:	[time | 279] x [z1_p_level | 12] x [lat | 145] x [lon | 432]
Coordinates: 
            time: [12174..12452]
            z1_p_level: [1000..100]
            lat: [-40..40]
            lon: [ 0..359.1667]
Number Of Attributes: 9
  standard_name :	eastward_wind
  long_name :	U COMPNT OF WIND ON P LEV/UV GRID
  missing_value :	-1.073742e+09
  stash_section :	30
  units :	m s-1
  lookup_source :	defaults (cdunifpp V0.14pre1)
  stash_model :	1
  stash_item :	201
  _FillValue :	-1.073742e+09

Variable: v
Type: float
Total Size: 838874880 bytes
            209718720 values
Number of Dimensions: 4
Dimensions and sizes:	[time | 279] x [z1_p_level | 12] x [lat | 145] x [lon | 432]
Coordinates: 
            time: [12174..12452]
            z1_p_level: [1000..100]
            lat: [-40..40]
            lon: [ 0..359.1667]
Number Of Attributes: 9
  standard_name :	northward_wind
  long_name :	V COMPNT OF WIND ON P LEV/UV GRID
  missing_value :	-1.073742e+09
  stash_section :	30
  units :	m s-1
  lookup_source :	defaults (cdunifpp V0.14pre1)
  stash_model :	1
  stash_item :	202
  _FillValue :	-1.073742e+09
(0)	u contains missing values
(0)	u filled
(0)	v contains missing values
(0)	v filled
(0)	q contains missing values
(0)	q filled
(0)	w contains missing values
(0)	w filled
(0)	Calculating advection of moisture...
(0)	Calculating temporal tendency of moisture...

Variable: dq_dt
Type: float
Total Size: 838874880 bytes
            209718720 values
Number of Dimensions: 4
Dimensions and sizes:	[time | 279] x [z1_p_level | 12] x [lat | 145] x [lon | 432]
Coordinates: 
            time: [12174..12452]
            z1_p_level: [1000..100]
            lat: [-40..40]
            lon: [ 0..359.1667]
Number Of Attributes: 3
  units :	kg/kg s**-1
  long_name :	Temporal tendency of moisture
  _FillValue :	-1.073742e+09
(0)	Temporal tendency of moisture (kg/kg s**-1) : min=-2.17801e-07   max=1.86089e-07
(0)	Calculating convergence of moisture...
(0)	Calculating moisture loss (gain) due to the condensational heating
(0)	Calculating horizontal convergence of moisture flux...

Variable: fo_q
Type: float
Total Size: 63638784 bytes
            15909696 values
Number of Dimensions: 4
Dimensions and sizes:	[time | 279] x [z1_p_level | 12] x [lat | 33] x [lon | 144]
Coordinates: 
            time: [12174..12452]
            z1_p_level: [1000..100]
            lat: [ -40..  40]
            lon: [   0..357.5]
Number Of Attributes: 9
  missing_value :	-1.073742e+09
  _FillValue :	-1.073742e+09
  stash_item :	205
  stash_model :	1
  lookup_source :	defaults (cdunifpp V0.14pre1)
  units :	kg/kg
  stash_section :	30
  long_name :	SPECIFIC HUMIDITY ON P LEV/UV GRID
  standard_name :	specific_humidity

Variable: fo_dq_dt
Type: float
Total Size: 63638784 bytes
            15909696 values
Number of Dimensions: 4
Dimensions and sizes:	[time | 279] x [z1_p_level | 12] x [lat | 33] x [lon | 144]
Coordinates: 
            time: [12174..12452]
            z1_p_level: [1000..100]
            lat: [ -40..  40]
            lon: [   0..357.5]
Number Of Attributes: 3
  _FillValue :	-1.073742e+09
  long_name :	Temporal tendency of moisture
  units :	kg/kg s**-1
(0)	Writing output files...
20030430 e01
 Copyright (C) 1995-2019 - All Rights Reserved
 University Corporation for Atmospheric Research
 NCAR Command Language Version 6.6.2
 The use of this software is governed by a License Agreement.
 See http://www.ncl.ucar.edu/ for more details.
(0)	Script started at: Mon Aug 24 17:48:19 AEST 2026
(0)	short2flt: input variable is already type float: SPECIFIC HUMIDITY ON P LEV/UV GRID
(0)	short2flt: no conversion performed
(0)	short2flt: input variable is already type float: U COMPNT OF WIND ON P LEV/UV GRID
(0)	short2flt: no conversion performed
(0)	short2flt: input variable is already type float: V COMPNT OF WIND ON P LEV/UV GRID
(0)	short2flt: no conversion performed
(0)	short2flt: input variable is already type float: W COMPNT OF WIND ON P LEV/UV GRID
(0)	short2flt: no conversion performed
(0)	Reading variables...

Variable: q
Type: float
Total Size: 838874880 bytes
            209718720 values
Number of Dimensions: 4
Dimensions and sizes:	[time | 279] x [z1_p_level | 12] x [lat | 145] x [lon | 432]
Coordinates: 
            time: [12173..12451]
            z1_p_level: [1000..100]
            lat: [-40..40]
            lon: [ 0..359.1667]
Number Of Attributes: 9
  standard_name :	specific_humidity
  long_name :	SPECIFIC HUMIDITY ON P LEV/UV GRID
  missing_value :	-1.073742e+09
  stash_section :	30
  units :	1
  lookup_source :	defaults (cdunifpp V0.14pre1)
  stash_model :	1
  stash_item :	205
  _FillValue :	-1.073742e+09

Variable: u
Type: float
Total Size: 838874880 bytes
            209718720 values
Number of Dimensions: 4
Dimensions and sizes:	[time | 279] x [z1_p_level | 12] x [lat | 145] x [lon | 432]
Coordinates: 
            time: [12173..12451]
            z1_p_level: [1000..100]
            lat: [-40..40]
            lon: [ 0..359.1667]
Number Of Attributes: 9
  standard_name :	eastward_wind
  long_name :	U COMPNT OF WIND ON P LEV/UV GRID
  missing_value :	-1.073742e+09
  stash_section :	30
  units :	m s-1
  lookup_source :	defaults (cdunifpp V0.14pre1)
  stash_model :	1
  stash_item :	201
  _FillValue :	-1.073742e+09

Variable: v
Type: float
Total Size: 838874880 bytes
            209718720 values
Number of Dimensions: 4
Dimensions and sizes:	[time | 279] x [z1_p_level | 12] x [lat | 145] x [lon | 432]
Coordinates: 
            time: [12173..12451]
            z1_p_level: [1000..100]
            lat: [-40..40]
            lon: [ 0..359.1667]
Number Of Attributes: 9
  standard_name :	northward_wind
  long_name :	V COMPNT OF WIND ON P LEV/UV GRID
  missing_value :	-1.073742e+09
  stash_section :	30
  units :	m s-1
  lookup_source :	defaults (cdunifpp V0.14pre1)
  stash_model :	1
  stash_item :	202
  _FillValue :	-1.073742e+09
(0)	u contains missing values
(0)	u filled
(0)	v contains missing values
(0)	v filled
(0)	q contains missing values
(0)	q filled
(0)	w contains missing values
(0)	w filled
(0)	Calculating advection of moisture...
(0)	Calculating temporal tendency of moisture...

Variable: dq_dt
Type: float
Total Size: 838874880 bytes
            209718720 values
Number of Dimensions: 4
Dimensions and sizes:	[time | 279] x [z1_p_level | 12] x [lat | 145] x [lon | 432]
Coordinates: 
            time: [12173..12451]
            z1_p_level: [1000..100]
            lat: [-40..40]
            lon: [ 0..359.1667]
Number Of Attributes: 3
  units :	kg/kg s**-1
  long_name :	Temporal tendency of moisture
  _FillValue :	-1.073742e+09
(0)	Temporal tendency of moisture (kg/kg s**-1) : min=-1.72852e-07   max=1.81381e-07
(0)	Calculating convergence of moisture...
(0)	Calculating moisture loss (gain) due to the condensational heating
(0)	Calculating horizontal convergence of moisture flux...

Variable: fo_q
Type: float
Total Size: 63638784 bytes
            15909696 values
Number of Dimensions: 4
Dimensions and sizes:	[time | 279] x [z1_p_level | 12] x [lat | 33] x [lon | 144]
Coordinates: 
            time: [12173..12451]
            z1_p_level: [1000..100]
            lat: [ -40..  40]
            lon: [   0..357.5]
Number Of Attributes: 9
  missing_value :	-1.073742e+09
  _FillValue :	-1.073742e+09
  stash_item :	205
  stash_model :	1
  lookup_source :	defaults (cdunifpp V0.14pre1)
  units :	kg/kg
  stash_section :	30
  long_name :	SPECIFIC HUMIDITY ON P LEV/UV GRID
  standard_name :	specific_humidity

Variable: fo_dq_dt
Type: float
Total Size: 63638784 bytes
            15909696 values
Number of Dimensions: 4
Dimensions and sizes:	[time | 279] x [z1_p_level | 12] x [lat | 33] x [lon | 144]
Coordinates: 
            time: [12173..12451]
            z1_p_level: [1000..100]
            lat: [ -40..  40]
            lon: [   0..357.5]
Number Of Attributes: 3
  _FillValue :	-1.073742e+09
  long_name :	Temporal tendency of moisture
  units :	kg/kg s**-1
(0)	Writing output files...
20030601 e01
 Copyright (C) 1995-2019 - All Rights Reserved
 University Corporation for Atmospheric Research
 NCAR Command Language Version 6.6.2
 The use of this software is governed by a License Agreement.
 See http://www.ncl.ucar.edu/ for more details.
(0)	Script started at: Mon Aug 24 18:01:37 AEST 2026
(0)	short2flt: input variable is already type float: SPECIFIC HUMIDITY ON P LEV/UV GRID
(0)	short2flt: no conversion performed
(0)	short2flt: input variable is already type float: U COMPNT OF WIND ON P LEV/UV GRID
(0)	short2flt: no conversion performed
(0)	short2flt: input variable is already type float: V COMPNT OF WIND ON P LEV/UV GRID
(0)	short2flt: no conversion performed
(0)	short2flt: input variable is already type float: W COMPNT OF WIND ON P LEV/UV GRID
(0)	short2flt: no conversion performed
(0)	Reading variables...

Variable: q
Type: float
Total Size: 838874880 bytes
            209718720 values
Number of Dimensions: 4
Dimensions and sizes:	[time | 279] x [z1_p_level | 12] x [lat | 145] x [lon | 432]
Coordinates: 
            time: [12205..12483]
            z1_p_level: [1000..100]
            lat: [-40..40]
            lon: [ 0..359.1667]
Number Of Attributes: 9
  standard_name :	specific_humidity
  long_name :	SPECIFIC HUMIDITY ON P LEV/UV GRID
  missing_value :	-1.073742e+09
  stash_section :	30
  units :	1
  lookup_source :	defaults (cdunifpp V0.14pre1)
  stash_model :	1
  stash_item :	205
  _FillValue :	-1.073742e+09

Variable: u
Type: float
Total Size: 838874880 bytes
            209718720 values
Number of Dimensions: 4
Dimensions and sizes:	[time | 279] x [z1_p_level | 12] x [lat | 145] x [lon | 432]
Coordinates: 
            time: [12205..12483]
            z1_p_level: [1000..100]
            lat: [-40..40]
            lon: [ 0..359.1667]
Number Of Attributes: 9
  standard_name :	eastward_wind
  long_name :	U COMPNT OF WIND ON P LEV/UV GRID
  missing_value :	-1.073742e+09
  stash_section :	30
  units :	m s-1
  lookup_source :	defaults (cdunifpp V0.14pre1)
  stash_model :	1
  stash_item :	201
  _FillValue :	-1.073742e+09

Variable: v
Type: float
Total Size: 838874880 bytes
            209718720 values
Number of Dimensions: 4
Dimensions and sizes:	[time | 279] x [z1_p_level | 12] x [lat | 145] x [lon | 432]
Coordinates: 
            time: [12205..12483]
            z1_p_level: [1000..100]
            lat: [-40..40]
            lon: [ 0..359.1667]
Number Of Attributes: 9
  standard_name :	northward_wind
  long_name :	V COMPNT OF WIND ON P LEV/UV GRID
  missing_value :	-1.073742e+09
  stash_section :	30
  units :	m s-1
  lookup_source :	defaults (cdunifpp V0.14pre1)
  stash_model :	1
  stash_item :	202
  _FillValue :	-1.073742e+09
(0)	u contains missing values
(0)	u filled
(0)	v contains missing values
(0)	v filled
(0)	q contains missing values
(0)	q filled
(0)	w contains missing values
(0)	w filled
(0)	Calculating advection of moisture...
(0)	Calculating temporal tendency of moisture...

Variable: dq_dt
Type: float
Total Size: 838874880 bytes
            209718720 values
Number of Dimensions: 4
Dimensions and sizes:	[time | 279] x [z1_p_level | 12] x [lat | 145] x [lon | 432]
Coordinates: 
            time: [12205..12483]
            z1_p_level: [1000..100]
            lat: [-40..40]
            lon: [ 0..359.1667]
Number Of Attributes: 3
  units :	kg/kg s**-1
  long_name :	Temporal tendency of moisture
  _FillValue :	-1.073742e+09
(0)	Temporal tendency of moisture (kg/kg s**-1) : min=-1.96435e-07   max=1.85053e-07
(0)	Calculating convergence of moisture...
(0)	Calculating moisture loss (gain) due to the condensational heating
(0)	Calculating horizontal convergence of moisture flux...

Variable: fo_q
Type: float
Total Size: 63638784 bytes
            15909696 values
Number of Dimensions: 4
Dimensions and sizes:	[time | 279] x [z1_p_level | 12] x [lat | 33] x [lon | 144]
Coordinates: 
            time: [12205..12483]
            z1_p_level: [1000..100]
            lat: [ -40..  40]
            lon: [   0..357.5]
Number Of Attributes: 9
  missing_value :	-1.073742e+09
  _FillValue :	-1.073742e+09
  stash_item :	205
  stash_model :	1
  lookup_source :	defaults (cdunifpp V0.14pre1)
  units :	kg/kg
  stash_section :	30
  long_name :	SPECIFIC HUMIDITY ON P LEV/UV GRID
  standard_name :	specific_humidity

Variable: fo_dq_dt
Type: float
Total Size: 63638784 bytes
            15909696 values
Number of Dimensions: 4
Dimensions and sizes:	[time | 279] x [z1_p_level | 12] x [lat | 33] x [lon | 144]
Coordinates: 
            time: [12205..12483]
            z1_p_level: [1000..100]
            lat: [ -40..  40]
            lon: [   0..357.5]
Number Of Attributes: 3
  _FillValue :	-1.073742e+09
  long_name :	Temporal tendency of moisture
  units :	kg/kg s**-1
(0)	Writing output files...
20030630 e01
 Copyright (C) 1995-2019 - All Rights Reserved
 University Corporation for Atmospheric Research
 NCAR Command Language Version 6.6.2
 The use of this software is governed by a License Agreement.
 See http://www.ncl.ucar.edu/ for more details.
(0)	Script started at: Mon Aug 24 18:01:46 AEST 2026
(0)	short2flt: input variable is already type float: SPECIFIC HUMIDITY ON P LEV/UV GRID
(0)	short2flt: no conversion performed
(0)	short2flt: input variable is already type float: U COMPNT OF WIND ON P LEV/UV GRID
(0)	short2flt: no conversion performed
(0)	short2flt: input variable is already type float: V COMPNT OF WIND ON P LEV/UV GRID
(0)	short2flt: no conversion performed
(0)	short2flt: input variable is already type float: W COMPNT OF WIND ON P LEV/UV GRID
(0)	short2flt: no conversion performed
(0)	Reading variables...

Variable: q
Type: float
Total Size: 838874880 bytes
            209718720 values
Number of Dimensions: 4
Dimensions and sizes:	[time | 279] x [z1_p_level | 12] x [lat | 145] x [lon | 432]
Coordinates: 
            time: [12234..12512]
            z1_p_level: [1000..100]
            lat: [-40..40]
            lon: [ 0..359.1667]
Number Of Attributes: 9
  standard_name :	specific_humidity
  long_name :	SPECIFIC HUMIDITY ON P LEV/UV GRID
  missing_value :	-1.073742e+09
  stash_section :	30
  units :	1
  lookup_source :	defaults (cdunifpp V0.14pre1)
  stash_model :	1
  stash_item :	205
  _FillValue :	-1.073742e+09

Variable: u
Type: float
Total Size: 838874880 bytes
            209718720 values
Number of Dimensions: 4
Dimensions and sizes:	[time | 279] x [z1_p_level | 12] x [lat | 145] x [lon | 432]
Coordinates: 
            time: [12234..12512]
            z1_p_level: [1000..100]
            lat: [-40..40]
            lon: [ 0..359.1667]
Number Of Attributes: 9
  standard_name :	eastward_wind
  long_name :	U COMPNT OF WIND ON P LEV/UV GRID
  missing_value :	-1.073742e+09
  stash_section :	30
  units :	m s-1
  lookup_source :	defaults (cdunifpp V0.14pre1)
  stash_model :	1
  stash_item :	201
  _FillValue :	-1.073742e+09

Variable: v
Type: float
Total Size: 838874880 bytes
            209718720 values
Number of Dimensions: 4
Dimensions and sizes:	[time | 279] x [z1_p_level | 12] x [lat | 145] x [lon | 432]
Coordinates: 
            time: [12234..12512]
            z1_p_level: [1000..100]
            lat: [-40..40]
            lon: [ 0..359.1667]
Number Of Attributes: 9
  standard_name :	northward_wind
  long_name :	V COMPNT OF WIND ON P LEV/UV GRID
  missing_value :	-1.073742e+09
  stash_section :	30
  units :	m s-1
  lookup_source :	defaults (cdunifpp V0.14pre1)
  stash_model :	1
  stash_item :	202
  _FillValue :	-1.073742e+09
(0)	u contains missing values
(0)	u filled
(0)	v contains missing values
(0)	v filled
(0)	q contains missing values
(0)	q filled
(0)	w contains missing values
(0)	w filled
(0)	Calculating advection of moisture...
(0)	Calculating temporal tendency of moisture...

Variable: dq_dt
Type: float
Total Size: 838874880 bytes
            209718720 values
Number of Dimensions: 4
Dimensions and sizes:	[time | 279] x [z1_p_level | 12] x [lat | 145] x [lon | 432]
Coordinates: 
            time: [12234..12512]
            z1_p_level: [1000..100]
            lat: [-40..40]
            lon: [ 0..359.1667]
Number Of Attributes: 3
  units :	kg/kg s**-1
  long_name :	Temporal tendency of moisture
  _FillValue :	-1.073742e+09
(0)	Temporal tendency of moisture (kg/kg s**-1) : min=-1.74935e-07   max=1.9653e-07
(0)	Calculating convergence of moisture...
(0)	Calculating moisture loss (gain) due to the condensational heating
(0)	Calculating horizontal convergence of moisture flux...

Variable: fo_q
Type: float
Total Size: 63638784 bytes
            15909696 values
Number of Dimensions: 4
Dimensions and sizes:	[time | 279] x [z1_p_level | 12] x [lat | 33] x [lon | 144]
Coordinates: 
            time: [12234..12512]
            z1_p_level: [1000..100]
            lat: [ -40..  40]
            lon: [   0..357.5]
Number Of Attributes: 9
  missing_value :	-1.073742e+09
  _FillValue :	-1.073742e+09
  stash_item :	205
  stash_model :	1
  lookup_source :	defaults (cdunifpp V0.14pre1)
  units :	kg/kg
  stash_section :	30
  long_name :	SPECIFIC HUMIDITY ON P LEV/UV GRID
  standard_name :	specific_humidity

Variable: fo_dq_dt
Type: float
Total Size: 63638784 bytes
            15909696 values
Number of Dimensions: 4
Dimensions and sizes:	[time | 279] x [z1_p_level | 12] x [lat | 33] x [lon | 144]
Coordinates: 
            time: [12234..12512]
            z1_p_level: [1000..100]
            lat: [ -40..  40]
            lon: [   0..357.5]
Number Of Attributes: 3
  _FillValue :	-1.073742e+09
  long_name :	Temporal tendency of moisture
  units :	kg/kg s**-1
(0)	Writing output files...
20030531 e01
 Copyright (C) 1995-2019 - All Rights Reserved
 University Corporation for Atmospheric Research
 NCAR Command Language Version 6.6.2
 The use of this software is governed by a License Agreement.
 See http://www.ncl.ucar.edu/ for more details.
(0)	Script started at: Mon Aug 24 18:01:37 AEST 2026
(0)	short2flt: input variable is already type float: SPECIFIC HUMIDITY ON P LEV/UV GRID
(0)	short2flt: no conversion performed
(0)	short2flt: input variable is already type float: U COMPNT OF WIND ON P LEV/UV GRID
(0)	short2flt: no conversion performed
(0)	short2flt: input variable is already type float: V COMPNT OF WIND ON P LEV/UV GRID
(0)	short2flt: no conversion performed
(0)	short2flt: input variable is already type float: W COMPNT OF WIND ON P LEV/UV GRID
(0)	short2flt: no conversion performed
(0)	Reading variables...

Variable: q
Type: float
Total Size: 838874880 bytes
            209718720 values
Number of Dimensions: 4
Dimensions and sizes:	[time | 279] x [z1_p_level | 12] x [lat | 145] x [lon | 432]
Coordinates: 
            time: [12204..12482]
            z1_p_level: [1000..100]
            lat: [-40..40]
            lon: [ 0..359.1667]
Number Of Attributes: 9
  standard_name :	specific_humidity
  long_name :	SPECIFIC HUMIDITY ON P LEV/UV GRID
  missing_value :	-1.073742e+09
  stash_section :	30
  units :	1
  lookup_source :	defaults (cdunifpp V0.14pre1)
  stash_model :	1
  stash_item :	205
  _FillValue :	-1.073742e+09

Variable: u
Type: float
Total Size: 838874880 bytes
            209718720 values
Number of Dimensions: 4
Dimensions and sizes:	[time | 279] x [z1_p_level | 12] x [lat | 145] x [lon | 432]
Coordinates: 
            time: [12204..12482]
            z1_p_level: [1000..100]
            lat: [-40..40]
            lon: [ 0..359.1667]
Number Of Attributes: 9
  standard_name :	eastward_wind
  long_name :	U COMPNT OF WIND ON P LEV/UV GRID
  missing_value :	-1.073742e+09
  stash_section :	30
  units :	m s-1
  lookup_source :	defaults (cdunifpp V0.14pre1)
  stash_model :	1
  stash_item :	201
  _FillValue :	-1.073742e+09

Variable: v
Type: float
Total Size: 838874880 bytes
            209718720 values
Number of Dimensions: 4
Dimensions and sizes:	[time | 279] x [z1_p_level | 12] x [lat | 145] x [lon | 432]
Coordinates: 
            time: [12204..12482]
            z1_p_level: [1000..100]
            lat: [-40..40]
            lon: [ 0..359.1667]
Number Of Attributes: 9
  standard_name :	northward_wind
  long_name :	V COMPNT OF WIND ON P LEV/UV GRID
  missing_value :	-1.073742e+09
  stash_section :	30
  units :	m s-1
  lookup_source :	defaults (cdunifpp V0.14pre1)
  stash_model :	1
  stash_item :	202
  _FillValue :	-1.073742e+09
(0)	u contains missing values
(0)	u filled
(0)	v contains missing values
(0)	v filled
(0)	q contains missing values
(0)	q filled
(0)	w contains missing values
(0)	w filled
(0)	Calculating advection of moisture...
(0)	Calculating temporal tendency of moisture...

Variable: dq_dt
Type: float
Total Size: 838874880 bytes
            209718720 values
Number of Dimensions: 4
Dimensions and sizes:	[time | 279] x [z1_p_level | 12] x [lat | 145] x [lon | 432]
Coordinates: 
            time: [12204..12482]
            z1_p_level: [1000..100]
            lat: [-40..40]
            lon: [ 0..359.1667]
Number Of Attributes: 3
  units :	kg/kg s**-1
  long_name :	Temporal tendency of moisture
  _FillValue :	-1.073742e+09
(0)	Temporal tendency of moisture (kg/kg s**-1) : min=-1.84451e-07   max=1.69142e-07
(0)	Calculating convergence of moisture...
(0)	Calculating moisture loss (gain) due to the condensational heating
(0)	Calculating horizontal convergence of moisture flux...

Variable: fo_q
Type: float
Total Size: 63638784 bytes
            15909696 values
Number of Dimensions: 4
Dimensions and sizes:	[time | 279] x [z1_p_level | 12] x [lat | 33] x [lon | 144]
Coordinates: 
            time: [12204..12482]
            z1_p_level: [1000..100]
            lat: [ -40..  40]
            lon: [   0..357.5]
Number Of Attributes: 9
  missing_value :	-1.073742e+09
  _FillValue :	-1.073742e+09
  stash_item :	205
  stash_model :	1
  lookup_source :	defaults (cdunifpp V0.14pre1)
  units :	kg/kg
  stash_section :	30
  long_name :	SPECIFIC HUMIDITY ON P LEV/UV GRID
  standard_name :	specific_humidity

Variable: fo_dq_dt
Type: float
Total Size: 63638784 bytes
            15909696 values
Number of Dimensions: 4
Dimensions and sizes:	[time | 279] x [z1_p_level | 12] x [lat | 33] x [lon | 144]
Coordinates: 
            time: [12204..12482]
            z1_p_level: [1000..100]
            lat: [ -40..  40]
            lon: [   0..357.5]
Number Of Attributes: 3
  _FillValue :	-1.073742e+09
  long_name :	Temporal tendency of moisture
  units :	kg/kg s**-1
(0)	Writing output files...
20030629 e01
 Copyright (C) 1995-2019 - All Rights Reserved
 University Corporation for Atmospheric Research
 NCAR Command Language Version 6.6.2
 The use of this software is governed by a License Agreement.
 See http://www.ncl.ucar.edu/ for more details.
(0)	Script started at: Mon Aug 24 18:01:45 AEST 2026
(0)	short2flt: input variable is already type float: SPECIFIC HUMIDITY ON P LEV/UV GRID
(0)	short2flt: no conversion performed
(0)	short2flt: input variable is already type float: U COMPNT OF WIND ON P LEV/UV GRID
(0)	short2flt: no conversion performed
(0)	short2flt: input variable is already type float: V COMPNT OF WIND ON P LEV/UV GRID
(0)	short2flt: no conversion performed
(0)	short2flt: input variable is already type float: W COMPNT OF WIND ON P LEV/UV GRID
(0)	short2flt: no conversion performed
(0)	Reading variables...

Variable: q
Type: float
Total Size: 838874880 bytes
            209718720 values
Number of Dimensions: 4
Dimensions and sizes:	[time | 279] x [z1_p_level | 12] x [lat | 145] x [lon | 432]
Coordinates: 
            time: [12233..12511]
            z1_p_level: [1000..100]
            lat: [-40..40]
            lon: [ 0..359.1667]
Number Of Attributes: 9
  standard_name :	specific_humidity
  long_name :	SPECIFIC HUMIDITY ON P LEV/UV GRID
  missing_value :	-1.073742e+09
  stash_section :	30
  units :	1
  lookup_source :	defaults (cdunifpp V0.14pre1)
  stash_model :	1
  stash_item :	205
  _FillValue :	-1.073742e+09

Variable: u
Type: float
Total Size: 838874880 bytes
            209718720 values
Number of Dimensions: 4
Dimensions and sizes:	[time | 279] x [z1_p_level | 12] x [lat | 145] x [lon | 432]
Coordinates: 
            time: [12233..12511]
            z1_p_level: [1000..100]
            lat: [-40..40]
            lon: [ 0..359.1667]
Number Of Attributes: 9
  standard_name :	eastward_wind
  long_name :	U COMPNT OF WIND ON P LEV/UV GRID
  missing_value :	-1.073742e+09
  stash_section :	30
  units :	m s-1
  lookup_source :	defaults (cdunifpp V0.14pre1)
  stash_model :	1
  stash_item :	201
  _FillValue :	-1.073742e+09

Variable: v
Type: float
Total Size: 838874880 bytes
            209718720 values
Number of Dimensions: 4
Dimensions and sizes:	[time | 279] x [z1_p_level | 12] x [lat | 145] x [lon | 432]
Coordinates: 
            time: [12233..12511]
            z1_p_level: [1000..100]
            lat: [-40..40]
            lon: [ 0..359.1667]
Number Of Attributes: 9
  standard_name :	northward_wind
  long_name :	V COMPNT OF WIND ON P LEV/UV GRID
  missing_value :	-1.073742e+09
  stash_section :	30
  units :	m s-1
  lookup_source :	defaults (cdunifpp V0.14pre1)
  stash_model :	1
  stash_item :	202
  _FillValue :	-1.073742e+09
(0)	u contains missing values
(0)	u filled
(0)	v contains missing values
(0)	v filled
(0)	q contains missing values
(0)	q filled
(0)	w contains missing values
(0)	w filled
(0)	Calculating advection of moisture...
(0)	Calculating temporal tendency of moisture...

Variable: dq_dt
Type: float
Total Size: 838874880 bytes
            209718720 values
Number of Dimensions: 4
Dimensions and sizes:	[time | 279] x [z1_p_level | 12] x [lat | 145] x [lon | 432]
Coordinates: 
            time: [12233..12511]
            z1_p_level: [1000..100]
            lat: [-40..40]
            lon: [ 0..359.1667]
Number Of Attributes: 3
  units :	kg/kg s**-1
  long_name :	Temporal tendency of moisture
  _FillValue :	-1.073742e+09
(0)	Temporal tendency of moisture (kg/kg s**-1) : min=-1.81265e-07   max=1.78354e-07
(0)	Calculating convergence of moisture...
(0)	Calculating moisture loss (gain) due to the condensational heating
(0)	Calculating horizontal convergence of moisture flux...

Variable: fo_q
Type: float
Total Size: 63638784 bytes
            15909696 values
Number of Dimensions: 4
Dimensions and sizes:	[time | 279] x [z1_p_level | 12] x [lat | 33] x [lon | 144]
Coordinates: 
            time: [12233..12511]
            z1_p_level: [1000..100]
            lat: [ -40..  40]
            lon: [   0..357.5]
Number Of Attributes: 9
  missing_value :	-1.073742e+09
  _FillValue :	-1.073742e+09
  stash_item :	205
  stash_model :	1
  lookup_source :	defaults (cdunifpp V0.14pre1)
  units :	kg/kg
  stash_section :	30
  long_name :	SPECIFIC HUMIDITY ON P LEV/UV GRID
  standard_name :	specific_humidity

Variable: fo_dq_dt
Type: float
Total Size: 63638784 bytes
            15909696 values
Number of Dimensions: 4
Dimensions and sizes:	[time | 279] x [z1_p_level | 12] x [lat | 33] x [lon | 144]
Coordinates: 
            time: [12233..12511]
            z1_p_level: [1000..100]
            lat: [ -40..  40]
            lon: [   0..357.5]
Number Of Attributes: 3
  _FillValue :	-1.073742e+09
  long_name :	Temporal tendency of moisture
  units :	kg/kg s**-1
(0)	Writing output files...
20030701 e01
 Copyright (C) 1995-2019 - All Rights Reserved
 University Corporation for Atmospheric Research
 NCAR Command Language Version 6.6.2
 The use of this software is governed by a License Agreement.
 See http://www.ncl.ucar.edu/ for more details.
(0)	Script started at: Mon Aug 24 18:01:50 AEST 2026
(0)	short2flt: input variable is already type float: SPECIFIC HUMIDITY ON P LEV/UV GRID
(0)	short2flt: no conversion performed
(0)	short2flt: input variable is already type float: U COMPNT OF WIND ON P LEV/UV GRID
(0)	short2flt: no conversion performed
(0)	short2flt: input variable is already type float: V COMPNT OF WIND ON P LEV/UV GRID
(0)	short2flt: no conversion performed
(0)	short2flt: input variable is already type float: W COMPNT OF WIND ON P LEV/UV GRID
(0)	short2flt: no conversion performed
(0)	Reading variables...

Variable: q
Type: float
Total Size: 838874880 bytes
            209718720 values
Number of Dimensions: 4
Dimensions and sizes:	[time | 279] x [z1_p_level | 12] x [lat | 145] x [lon | 432]
Coordinates: 
            time: [12235..12513]
            z1_p_level: [1000..100]
            lat: [-40..40]
            lon: [ 0..359.1667]
Number Of Attributes: 9
  standard_name :	specific_humidity
  long_name :	SPECIFIC HUMIDITY ON P LEV/UV GRID
  missing_value :	-1.073742e+09
  stash_section :	30
  units :	1
  lookup_source :	defaults (cdunifpp V0.14pre1)
  stash_model :	1
  stash_item :	205
  _FillValue :	-1.073742e+09

Variable: u
Type: float
Total Size: 838874880 bytes
            209718720 values
Number of Dimensions: 4
Dimensions and sizes:	[time | 279] x [z1_p_level | 12] x [lat | 145] x [lon | 432]
Coordinates: 
            time: [12235..12513]
            z1_p_level: [1000..100]
            lat: [-40..40]
            lon: [ 0..359.1667]
Number Of Attributes: 9
  standard_name :	eastward_wind
  long_name :	U COMPNT OF WIND ON P LEV/UV GRID
  missing_value :	-1.073742e+09
  stash_section :	30
  units :	m s-1
  lookup_source :	defaults (cdunifpp V0.14pre1)
  stash_model :	1
  stash_item :	201
  _FillValue :	-1.073742e+09

Variable: v
Type: float
Total Size: 838874880 bytes
            209718720 values
Number of Dimensions: 4
Dimensions and sizes:	[time | 279] x [z1_p_level | 12] x [lat | 145] x [lon | 432]
Coordinates: 
            time: [12235..12513]
            z1_p_level: [1000..100]
            lat: [-40..40]
            lon: [ 0..359.1667]
Number Of Attributes: 9
  standard_name :	northward_wind
  long_name :	V COMPNT OF WIND ON P LEV/UV GRID
  missing_value :	-1.073742e+09
  stash_section :	30
  units :	m s-1
  lookup_source :	defaults (cdunifpp V0.14pre1)
  stash_model :	1
  stash_item :	202
  _FillValue :	-1.073742e+09
(0)	u contains missing values
(0)	u filled
(0)	v contains missing values
(0)	v filled
(0)	q contains missing values
(0)	q filled
(0)	w contains missing values
(0)	w filled
(0)	Calculating advection of moisture...
(0)	Calculating temporal tendency of moisture...

Variable: dq_dt
Type: float
Total Size: 838874880 bytes
            209718720 values
Number of Dimensions: 4
Dimensions and sizes:	[time | 279] x [z1_p_level | 12] x [lat | 145] x [lon | 432]
Coordinates: 
            time: [12235..12513]
            z1_p_level: [1000..100]
            lat: [-40..40]
            lon: [ 0..359.1667]
Number Of Attributes: 3
  units :	kg/kg s**-1
  long_name :	Temporal tendency of moisture
  _FillValue :	-1.073742e+09
(0)	Temporal tendency of moisture (kg/kg s**-1) : min=-2.1274e-07   max=1.90997e-07
(0)	Calculating convergence of moisture...
(0)	Calculating moisture loss (gain) due to the condensational heating
(0)	Calculating horizontal convergence of moisture flux...

Variable: fo_q
Type: float
Total Size: 63638784 bytes
            15909696 values
Number of Dimensions: 4
Dimensions and sizes:	[time | 279] x [z1_p_level | 12] x [lat | 33] x [lon | 144]
Coordinates: 
            time: [12235..12513]
            z1_p_level: [1000..100]
            lat: [ -40..  40]
            lon: [   0..357.5]
Number Of Attributes: 9
  missing_value :	-1.073742e+09
  _FillValue :	-1.073742e+09
  stash_item :	205
  stash_model :	1
  lookup_source :	defaults (cdunifpp V0.14pre1)
  units :	kg/kg
  stash_section :	30
  long_name :	SPECIFIC HUMIDITY ON P LEV/UV GRID
  standard_name :	specific_humidity

Variable: fo_dq_dt
Type: float
Total Size: 63638784 bytes
            15909696 values
Number of Dimensions: 4
Dimensions and sizes:	[time | 279] x [z1_p_level | 12] x [lat | 33] x [lon | 144]
Coordinates: 
            time: [12235..12513]
            z1_p_level: [1000..100]
            lat: [ -40..  40]
            lon: [   0..357.5]
Number Of Attributes: 3
  _FillValue :	-1.073742e+09
  long_name :	Temporal tendency of moisture
  units :	kg/kg s**-1
(0)	Writing output files...
20030730 e01
 Copyright (C) 1995-2019 - All Rights Reserved
 University Corporation for Atmospheric Research
 NCAR Command Language Version 6.6.2
 The use of this software is governed by a License Agreement.
 See http://www.ncl.ucar.edu/ for more details.
(0)	Script started at: Mon Aug 24 18:15:12 AEST 2026
(0)	short2flt: input variable is already type float: SPECIFIC HUMIDITY ON P LEV/UV GRID
(0)	short2flt: no conversion performed
(0)	short2flt: input variable is already type float: U COMPNT OF WIND ON P LEV/UV GRID
(0)	short2flt: no conversion performed
(0)	short2flt: input variable is already type float: V COMPNT OF WIND ON P LEV/UV GRID
(0)	short2flt: no conversion performed
(0)	short2flt: input variable is already type float: W COMPNT OF WIND ON P LEV/UV GRID
(0)	short2flt: no conversion performed
(0)	Reading variables...

Variable: q
Type: float
Total Size: 838874880 bytes
            209718720 values
Number of Dimensions: 4
Dimensions and sizes:	[time | 279] x [z1_p_level | 12] x [lat | 145] x [lon | 432]
Coordinates: 
            time: [12264..12542]
            z1_p_level: [1000..100]
            lat: [-40..40]
            lon: [ 0..359.1667]
Number Of Attributes: 9
  standard_name :	specific_humidity
  long_name :	SPECIFIC HUMIDITY ON P LEV/UV GRID
  missing_value :	-1.073742e+09
  stash_section :	30
  units :	1
  lookup_source :	defaults (cdunifpp V0.14pre1)
  stash_model :	1
  stash_item :	205
  _FillValue :	-1.073742e+09

Variable: u
Type: float
Total Size: 838874880 bytes
            209718720 values
Number of Dimensions: 4
Dimensions and sizes:	[time | 279] x [z1_p_level | 12] x [lat | 145] x [lon | 432]
Coordinates: 
            time: [12264..12542]
            z1_p_level: [1000..100]
            lat: [-40..40]
            lon: [ 0..359.1667]
Number Of Attributes: 9
  standard_name :	eastward_wind
  long_name :	U COMPNT OF WIND ON P LEV/UV GRID
  missing_value :	-1.073742e+09
  stash_section :	30
  units :	m s-1
  lookup_source :	defaults (cdunifpp V0.14pre1)
  stash_model :	1
  stash_item :	201
  _FillValue :	-1.073742e+09

Variable: v
Type: float
Total Size: 838874880 bytes
            209718720 values
Number of Dimensions: 4
Dimensions and sizes:	[time | 279] x [z1_p_level | 12] x [lat | 145] x [lon | 432]
Coordinates: 
            time: [12264..12542]
            z1_p_level: [1000..100]
            lat: [-40..40]
            lon: [ 0..359.1667]
Number Of Attributes: 9
  standard_name :	northward_wind
  long_name :	V COMPNT OF WIND ON P LEV/UV GRID
  missing_value :	-1.073742e+09
  stash_section :	30
  units :	m s-1
  lookup_source :	defaults (cdunifpp V0.14pre1)
  stash_model :	1
  stash_item :	202
  _FillValue :	-1.073742e+09
(0)	u contains missing values
(0)	u filled
(0)	v contains missing values
(0)	v filled
(0)	q contains missing values
(0)	q filled
(0)	w contains missing values
(0)	w filled
(0)	Calculating advection of moisture...
(0)	Calculating temporal tendency of moisture...

Variable: dq_dt
Type: float
Total Size: 838874880 bytes
            209718720 values
Number of Dimensions: 4
Dimensions and sizes:	[time | 279] x [z1_p_level | 12] x [lat | 145] x [lon | 432]
Coordinates: 
            time: [12264..12542]
            z1_p_level: [1000..100]
            lat: [-40..40]
            lon: [ 0..359.1667]
Number Of Attributes: 3
  units :	kg/kg s**-1
  long_name :	Temporal tendency of moisture
  _FillValue :	-1.073742e+09
(0)	Temporal tendency of moisture (kg/kg s**-1) : min=-1.85553e-07   max=1.74412e-07
(0)	Calculating convergence of moisture...
(0)	Calculating moisture loss (gain) due to the condensational heating
(0)	Calculating horizontal convergence of moisture flux...

Variable: fo_q
Type: float
Total Size: 63638784 bytes
            15909696 values
Number of Dimensions: 4
Dimensions and sizes:	[time | 279] x [z1_p_level | 12] x [lat | 33] x [lon | 144]
Coordinates: 
            time: [12264..12542]
            z1_p_level: [1000..100]
            lat: [ -40..  40]
            lon: [   0..357.5]
Number Of Attributes: 9
  missing_value :	-1.073742e+09
  _FillValue :	-1.073742e+09
  stash_item :	205
  stash_model :	1
  lookup_source :	defaults (cdunifpp V0.14pre1)
  units :	kg/kg
  stash_section :	30
  long_name :	SPECIFIC HUMIDITY ON P LEV/UV GRID
  standard_name :	specific_humidity

Variable: fo_dq_dt
Type: float
Total Size: 63638784 bytes
            15909696 values
Number of Dimensions: 4
Dimensions and sizes:	[time | 279] x [z1_p_level | 12] x [lat | 33] x [lon | 144]
Coordinates: 
            time: [12264..12542]
            z1_p_level: [1000..100]
            lat: [ -40..  40]
            lon: [   0..357.5]
Number Of Attributes: 3
  _FillValue :	-1.073742e+09
  long_name :	Temporal tendency of moisture
  units :	kg/kg s**-1
(0)	Writing output files...
20030801 e01
 Copyright (C) 1995-2019 - All Rights Reserved
 University Corporation for Atmospheric Research
 NCAR Command Language Version 6.6.2
 The use of this software is governed by a License Agreement.
 See http://www.ncl.ucar.edu/ for more details.
(0)	Script started at: Mon Aug 24 18:15:12 AEST 2026
(0)	short2flt: input variable is already type float: SPECIFIC HUMIDITY ON P LEV/UV GRID
(0)	short2flt: no conversion performed
(0)	short2flt: input variable is already type float: U COMPNT OF WIND ON P LEV/UV GRID
(0)	short2flt: no conversion performed
(0)	short2flt: input variable is already type float: V COMPNT OF WIND ON P LEV/UV GRID
(0)	short2flt: no conversion performed
(0)	short2flt: input variable is already type float: W COMPNT OF WIND ON P LEV/UV GRID
(0)	short2flt: no conversion performed
(0)	Reading variables...

Variable: q
Type: float
Total Size: 838874880 bytes
            209718720 values
Number of Dimensions: 4
Dimensions and sizes:	[time | 279] x [z1_p_level | 12] x [lat | 145] x [lon | 432]
Coordinates: 
            time: [12266..12544]
            z1_p_level: [1000..100]
            lat: [-40..40]
            lon: [ 0..359.1667]
Number Of Attributes: 9
  standard_name :	specific_humidity
  long_name :	SPECIFIC HUMIDITY ON P LEV/UV GRID
  missing_value :	-1.073742e+09
  stash_section :	30
  units :	1
  lookup_source :	defaults (cdunifpp V0.14pre1)
  stash_model :	1
  stash_item :	205
  _FillValue :	-1.073742e+09

Variable: u
Type: float
Total Size: 838874880 bytes
            209718720 values
Number of Dimensions: 4
Dimensions and sizes:	[time | 279] x [z1_p_level | 12] x [lat | 145] x [lon | 432]
Coordinates: 
            time: [12266..12544]
            z1_p_level: [1000..100]
            lat: [-40..40]
            lon: [ 0..359.1667]
Number Of Attributes: 9
  standard_name :	eastward_wind
  long_name :	U COMPNT OF WIND ON P LEV/UV GRID
  missing_value :	-1.073742e+09
  stash_section :	30
  units :	m s-1
  lookup_source :	defaults (cdunifpp V0.14pre1)
  stash_model :	1
  stash_item :	201
  _FillValue :	-1.073742e+09

Variable: v
Type: float
Total Size: 838874880 bytes
            209718720 values
Number of Dimensions: 4
Dimensions and sizes:	[time | 279] x [z1_p_level | 12] x [lat | 145] x [lon | 432]
Coordinates: 
            time: [12266..12544]
            z1_p_level: [1000..100]
            lat: [-40..40]
            lon: [ 0..359.1667]
Number Of Attributes: 9
  standard_name :	northward_wind
  long_name :	V COMPNT OF WIND ON P LEV/UV GRID
  missing_value :	-1.073742e+09
  stash_section :	30
  units :	m s-1
  lookup_source :	defaults (cdunifpp V0.14pre1)
  stash_model :	1
  stash_item :	202
  _FillValue :	-1.073742e+09
(0)	u contains missing values
(0)	u filled
(0)	v contains missing values
(0)	v filled
(0)	q contains missing values
(0)	q filled
(0)	w contains missing values
(0)	w filled
(0)	Calculating advection of moisture...
(0)	Calculating temporal tendency of moisture...

Variable: dq_dt
Type: float
Total Size: 838874880 bytes
            209718720 values
Number of Dimensions: 4
Dimensions and sizes:	[time | 279] x [z1_p_level | 12] x [lat | 145] x [lon | 432]
Coordinates: 
            time: [12266..12544]
            z1_p_level: [1000..100]
            lat: [-40..40]
            lon: [ 0..359.1667]
Number Of Attributes: 3
  units :	kg/kg s**-1
  long_name :	Temporal tendency of moisture
  _FillValue :	-1.073742e+09
(0)	Temporal tendency of moisture (kg/kg s**-1) : min=-1.90756e-07   max=1.77141e-07
(0)	Calculating convergence of moisture...
(0)	Calculating moisture loss (gain) due to the condensational heating
(0)	Calculating horizontal convergence of moisture flux...

Variable: fo_q
Type: float
Total Size: 63638784 bytes
            15909696 values
Number of Dimensions: 4
Dimensions and sizes:	[time | 279] x [z1_p_level | 12] x [lat | 33] x [lon | 144]
Coordinates: 
            time: [12266..12544]
            z1_p_level: [1000..100]
            lat: [ -40..  40]
            lon: [   0..357.5]
Number Of Attributes: 9
  missing_value :	-1.073742e+09
  _FillValue :	-1.073742e+09
  stash_item :	205
  stash_model :	1
  lookup_source :	defaults (cdunifpp V0.14pre1)
  units :	kg/kg
  stash_section :	30
  long_name :	SPECIFIC HUMIDITY ON P LEV/UV GRID
  standard_name :	specific_humidity

Variable: fo_dq_dt
Type: float
Total Size: 63638784 bytes
            15909696 values
Number of Dimensions: 4
Dimensions and sizes:	[time | 279] x [z1_p_level | 12] x [lat | 33] x [lon | 144]
Coordinates: 
            time: [12266..12544]
            z1_p_level: [1000..100]
            lat: [ -40..  40]
            lon: [   0..357.5]
Number Of Attributes: 3
  _FillValue :	-1.073742e+09
  long_name :	Temporal tendency of moisture
  units :	kg/kg s**-1
(0)	Writing output files...
20030830 e01
 Copyright (C) 1995-2019 - All Rights Reserved
 University Corporation for Atmospheric Research
 NCAR Command Language Version 6.6.2
 The use of this software is governed by a License Agreement.
 See http://www.ncl.ucar.edu/ for more details.
(0)	Script started at: Mon Aug 24 18:15:15 AEST 2026
(0)	short2flt: input variable is already type float: SPECIFIC HUMIDITY ON P LEV/UV GRID
(0)	short2flt: no conversion performed
(0)	short2flt: input variable is already type float: U COMPNT OF WIND ON P LEV/UV GRID
(0)	short2flt: no conversion performed
(0)	short2flt: input variable is already type float: V COMPNT OF WIND ON P LEV/UV GRID
(0)	short2flt: no conversion performed
(0)	short2flt: input variable is already type float: W COMPNT OF WIND ON P LEV/UV GRID
(0)	short2flt: no conversion performed
(0)	Reading variables...

Variable: q
Type: float
Total Size: 838874880 bytes
            209718720 values
Number of Dimensions: 4
Dimensions and sizes:	[time | 279] x [z1_p_level | 12] x [lat | 145] x [lon | 432]
Coordinates: 
            time: [12295..12573]
            z1_p_level: [1000..100]
            lat: [-40..40]
            lon: [ 0..359.1667]
Number Of Attributes: 9
  standard_name :	specific_humidity
  long_name :	SPECIFIC HUMIDITY ON P LEV/UV GRID
  missing_value :	-1.073742e+09
  stash_section :	30
  units :	1
  lookup_source :	defaults (cdunifpp V0.14pre1)
  stash_model :	1
  stash_item :	205
  _FillValue :	-1.073742e+09

Variable: u
Type: float
Total Size: 838874880 bytes
            209718720 values
Number of Dimensions: 4
Dimensions and sizes:	[time | 279] x [z1_p_level | 12] x [lat | 145] x [lon | 432]
Coordinates: 
            time: [12295..12573]
            z1_p_level: [1000..100]
            lat: [-40..40]
            lon: [ 0..359.1667]
Number Of Attributes: 9
  standard_name :	eastward_wind
  long_name :	U COMPNT OF WIND ON P LEV/UV GRID
  missing_value :	-1.073742e+09
  stash_section :	30
  units :	m s-1
  lookup_source :	defaults (cdunifpp V0.14pre1)
  stash_model :	1
  stash_item :	201
  _FillValue :	-1.073742e+09

Variable: v
Type: float
Total Size: 838874880 bytes
            209718720 values
Number of Dimensions: 4
Dimensions and sizes:	[time | 279] x [z1_p_level | 12] x [lat | 145] x [lon | 432]
Coordinates: 
            time: [12295..12573]
            z1_p_level: [1000..100]
            lat: [-40..40]
            lon: [ 0..359.1667]
Number Of Attributes: 9
  standard_name :	northward_wind
  long_name :	V COMPNT OF WIND ON P LEV/UV GRID
  missing_value :	-1.073742e+09
  stash_section :	30
  units :	m s-1
  lookup_source :	defaults (cdunifpp V0.14pre1)
  stash_model :	1
  stash_item :	202
  _FillValue :	-1.073742e+09
(0)	u contains missing values
(0)	u filled
(0)	v contains missing values
(0)	v filled
(0)	q contains missing values
(0)	q filled
(0)	w contains missing values
(0)	w filled
(0)	Calculating advection of moisture...
(0)	Calculating temporal tendency of moisture...

Variable: dq_dt
Type: float
Total Size: 838874880 bytes
            209718720 values
Number of Dimensions: 4
Dimensions and sizes:	[time | 279] x [z1_p_level | 12] x [lat | 145] x [lon | 432]
Coordinates: 
            time: [12295..12573]
            z1_p_level: [1000..100]
            lat: [-40..40]
            lon: [ 0..359.1667]
Number Of Attributes: 3
  units :	kg/kg s**-1
  long_name :	Temporal tendency of moisture
  _FillValue :	-1.073742e+09
(0)	Temporal tendency of moisture (kg/kg s**-1) : min=-1.81648e-07   max=1.79029e-07
(0)	Calculating convergence of moisture...
(0)	Calculating moisture loss (gain) due to the condensational heating
(0)	Calculating horizontal convergence of moisture flux...

Variable: fo_q
Type: float
Total Size: 63638784 bytes
            15909696 values
Number of Dimensions: 4
Dimensions and sizes:	[time | 279] x [z1_p_level | 12] x [lat | 33] x [lon | 144]
Coordinates: 
            time: [12295..12573]
            z1_p_level: [1000..100]
            lat: [ -40..  40]
            lon: [   0..357.5]
Number Of Attributes: 9
  missing_value :	-1.073742e+09
  _FillValue :	-1.073742e+09
  stash_item :	205
  stash_model :	1
  lookup_source :	defaults (cdunifpp V0.14pre1)
  units :	kg/kg
  stash_section :	30
  long_name :	SPECIFIC HUMIDITY ON P LEV/UV GRID
  standard_name :	specific_humidity

Variable: fo_dq_dt
Type: float
Total Size: 63638784 bytes
            15909696 values
Number of Dimensions: 4
Dimensions and sizes:	[time | 279] x [z1_p_level | 12] x [lat | 33] x [lon | 144]
Coordinates: 
            time: [12295..12573]
            z1_p_level: [1000..100]
            lat: [ -40..  40]
            lon: [   0..357.5]
Number Of Attributes: 3
  _FillValue :	-1.073742e+09
  long_name :	Temporal tendency of moisture
  units :	kg/kg s**-1
(0)	Writing output files...
20030731 e01
 Copyright (C) 1995-2019 - All Rights Reserved
 University Corporation for Atmospheric Research
 NCAR Command Language Version 6.6.2
 The use of this software is governed by a License Agreement.
 See http://www.ncl.ucar.edu/ for more details.
(0)	Script started at: Mon Aug 24 18:15:12 AEST 2026
(0)	short2flt: input variable is already type float: SPECIFIC HUMIDITY ON P LEV/UV GRID
(0)	short2flt: no conversion performed
(0)	short2flt: input variable is already type float: U COMPNT OF WIND ON P LEV/UV GRID
(0)	short2flt: no conversion performed
(0)	short2flt: input variable is already type float: V COMPNT OF WIND ON P LEV/UV GRID
(0)	short2flt: no conversion performed
(0)	short2flt: input variable is already type float: W COMPNT OF WIND ON P LEV/UV GRID
(0)	short2flt: no conversion performed
(0)	Reading variables...

Variable: q
Type: float
Total Size: 838874880 bytes
            209718720 values
Number of Dimensions: 4
Dimensions and sizes:	[time | 279] x [z1_p_level | 12] x [lat | 145] x [lon | 432]
Coordinates: 
            time: [12265..12543]
            z1_p_level: [1000..100]
            lat: [-40..40]
            lon: [ 0..359.1667]
Number Of Attributes: 9
  standard_name :	specific_humidity
  long_name :	SPECIFIC HUMIDITY ON P LEV/UV GRID
  missing_value :	-1.073742e+09
  stash_section :	30
  units :	1
  lookup_source :	defaults (cdunifpp V0.14pre1)
  stash_model :	1
  stash_item :	205
  _FillValue :	-1.073742e+09

Variable: u
Type: float
Total Size: 838874880 bytes
            209718720 values
Number of Dimensions: 4
Dimensions and sizes:	[time | 279] x [z1_p_level | 12] x [lat | 145] x [lon | 432]
Coordinates: 
            time: [12265..12543]
            z1_p_level: [1000..100]
            lat: [-40..40]
            lon: [ 0..359.1667]
Number Of Attributes: 9
  standard_name :	eastward_wind
  long_name :	U COMPNT OF WIND ON P LEV/UV GRID
  missing_value :	-1.073742e+09
  stash_section :	30
  units :	m s-1
  lookup_source :	defaults (cdunifpp V0.14pre1)
  stash_model :	1
  stash_item :	201
  _FillValue :	-1.073742e+09

Variable: v
Type: float
Total Size: 838874880 bytes
            209718720 values
Number of Dimensions: 4
Dimensions and sizes:	[time | 279] x [z1_p_level | 12] x [lat | 145] x [lon | 432]
Coordinates: 
            time: [12265..12543]
            z1_p_level: [1000..100]
            lat: [-40..40]
            lon: [ 0..359.1667]
Number Of Attributes: 9
  standard_name :	northward_wind
  long_name :	V COMPNT OF WIND ON P LEV/UV GRID
  missing_value :	-1.073742e+09
  stash_section :	30
  units :	m s-1
  lookup_source :	defaults (cdunifpp V0.14pre1)
  stash_model :	1
  stash_item :	202
  _FillValue :	-1.073742e+09
(0)	u contains missing values
(0)	u filled
(0)	v contains missing values
(0)	v filled
(0)	q contains missing values
(0)	q filled
(0)	w contains missing values
(0)	w filled
(0)	Calculating advection of moisture...
(0)	Calculating temporal tendency of moisture...

Variable: dq_dt
Type: float
Total Size: 838874880 bytes
            209718720 values
Number of Dimensions: 4
Dimensions and sizes:	[time | 279] x [z1_p_level | 12] x [lat | 145] x [lon | 432]
Coordinates: 
            time: [12265..12543]
            z1_p_level: [1000..100]
            lat: [-40..40]
            lon: [ 0..359.1667]
Number Of Attributes: 3
  units :	kg/kg s**-1
  long_name :	Temporal tendency of moisture
  _FillValue :	-1.073742e+09
(0)	Temporal tendency of moisture (kg/kg s**-1) : min=-1.85184e-07   max=1.83275e-07
(0)	Calculating convergence of moisture...
(0)	Calculating moisture loss (gain) due to the condensational heating
(0)	Calculating horizontal convergence of moisture flux...

Variable: fo_q
Type: float
Total Size: 63638784 bytes
            15909696 values
Number of Dimensions: 4
Dimensions and sizes:	[time | 279] x [z1_p_level | 12] x [lat | 33] x [lon | 144]
Coordinates: 
            time: [12265..12543]
            z1_p_level: [1000..100]
            lat: [ -40..  40]
            lon: [   0..357.5]
Number Of Attributes: 9
  missing_value :	-1.073742e+09
  _FillValue :	-1.073742e+09
  stash_item :	205
  stash_model :	1
  lookup_source :	defaults (cdunifpp V0.14pre1)
  units :	kg/kg
  stash_section :	30
  long_name :	SPECIFIC HUMIDITY ON P LEV/UV GRID
  standard_name :	specific_humidity

Variable: fo_dq_dt
Type: float
Total Size: 63638784 bytes
            15909696 values
Number of Dimensions: 4
Dimensions and sizes:	[time | 279] x [z1_p_level | 12] x [lat | 33] x [lon | 144]
Coordinates: 
            time: [12265..12543]
            z1_p_level: [1000..100]
            lat: [ -40..  40]
            lon: [   0..357.5]
Number Of Attributes: 3
  _FillValue :	-1.073742e+09
  long_name :	Temporal tendency of moisture
  units :	kg/kg s**-1
(0)	Writing output files...
20030831 e01
 Copyright (C) 1995-2019 - All Rights Reserved
 University Corporation for Atmospheric Research
 NCAR Command Language Version 6.6.2
 The use of this software is governed by a License Agreement.
 See http://www.ncl.ucar.edu/ for more details.
(0)	Script started at: Mon Aug 24 18:15:16 AEST 2026
(0)	short2flt: input variable is already type float: SPECIFIC HUMIDITY ON P LEV/UV GRID
(0)	short2flt: no conversion performed
(0)	short2flt: input variable is already type float: U COMPNT OF WIND ON P LEV/UV GRID
(0)	short2flt: no conversion performed
(0)	short2flt: input variable is already type float: V COMPNT OF WIND ON P LEV/UV GRID
(0)	short2flt: no conversion performed
(0)	short2flt: input variable is already type float: W COMPNT OF WIND ON P LEV/UV GRID
(0)	short2flt: no conversion performed
(0)	Reading variables...

Variable: q
Type: float
Total Size: 838874880 bytes
            209718720 values
Number of Dimensions: 4
Dimensions and sizes:	[time | 279] x [z1_p_level | 12] x [lat | 145] x [lon | 432]
Coordinates: 
            time: [12296..12574]
            z1_p_level: [1000..100]
            lat: [-40..40]
            lon: [ 0..359.1667]
Number Of Attributes: 9
  standard_name :	specific_humidity
  long_name :	SPECIFIC HUMIDITY ON P LEV/UV GRID
  missing_value :	-1.073742e+09
  stash_section :	30
  units :	1
  lookup_source :	defaults (cdunifpp V0.14pre1)
  stash_model :	1
  stash_item :	205
  _FillValue :	-1.073742e+09

Variable: u
Type: float
Total Size: 838874880 bytes
            209718720 values
Number of Dimensions: 4
Dimensions and sizes:	[time | 279] x [z1_p_level | 12] x [lat | 145] x [lon | 432]
Coordinates: 
            time: [12296..12574]
            z1_p_level: [1000..100]
            lat: [-40..40]
            lon: [ 0..359.1667]
Number Of Attributes: 9
  standard_name :	eastward_wind
  long_name :	U COMPNT OF WIND ON P LEV/UV GRID
  missing_value :	-1.073742e+09
  stash_section :	30
  units :	m s-1
  lookup_source :	defaults (cdunifpp V0.14pre1)
  stash_model :	1
  stash_item :	201
  _FillValue :	-1.073742e+09

Variable: v
Type: float
Total Size: 838874880 bytes
            209718720 values
Number of Dimensions: 4
Dimensions and sizes:	[time | 279] x [z1_p_level | 12] x [lat | 145] x [lon | 432]
Coordinates: 
            time: [12296..12574]
            z1_p_level: [1000..100]
            lat: [-40..40]
            lon: [ 0..359.1667]
Number Of Attributes: 9
  standard_name :	northward_wind
  long_name :	V COMPNT OF WIND ON P LEV/UV GRID
  missing_value :	-1.073742e+09
  stash_section :	30
  units :	m s-1
  lookup_source :	defaults (cdunifpp V0.14pre1)
  stash_model :	1
  stash_item :	202
  _FillValue :	-1.073742e+09
(0)	u contains missing values
(0)	u filled
(0)	v contains missing values
(0)	v filled
(0)	q contains missing values
(0)	q filled
(0)	w contains missing values
(0)	w filled
(0)	Calculating advection of moisture...
(0)	Calculating temporal tendency of moisture...

Variable: dq_dt
Type: float
Total Size: 838874880 bytes
            209718720 values
Number of Dimensions: 4
Dimensions and sizes:	[time | 279] x [z1_p_level | 12] x [lat | 145] x [lon | 432]
Coordinates: 
            time: [12296..12574]
            z1_p_level: [1000..100]
            lat: [-40..40]
            lon: [ 0..359.1667]
Number Of Attributes: 3
  units :	kg/kg s**-1
  long_name :	Temporal tendency of moisture
  _FillValue :	-1.073742e+09
(0)	Temporal tendency of moisture (kg/kg s**-1) : min=-1.90785e-07   max=1.66617e-07
(0)	Calculating convergence of moisture...
(0)	Calculating moisture loss (gain) due to the condensational heating
(0)	Calculating horizontal convergence of moisture flux...

Variable: fo_q
Type: float
Total Size: 63638784 bytes
            15909696 values
Number of Dimensions: 4
Dimensions and sizes:	[time | 279] x [z1_p_level | 12] x [lat | 33] x [lon | 144]
Coordinates: 
            time: [12296..12574]
            z1_p_level: [1000..100]
            lat: [ -40..  40]
            lon: [   0..357.5]
Number Of Attributes: 9
  missing_value :	-1.073742e+09
  _FillValue :	-1.073742e+09
  stash_item :	205
  stash_model :	1
  lookup_source :	defaults (cdunifpp V0.14pre1)
  units :	kg/kg
  stash_section :	30
  long_name :	SPECIFIC HUMIDITY ON P LEV/UV GRID
  standard_name :	specific_humidity

Variable: fo_dq_dt
Type: float
Total Size: 63638784 bytes
            15909696 values
Number of Dimensions: 4
Dimensions and sizes:	[time | 279] x [z1_p_level | 12] x [lat | 33] x [lon | 144]
Coordinates: 
            time: [12296..12574]
            z1_p_level: [1000..100]
            lat: [ -40..  40]
            lon: [   0..357.5]
Number Of Attributes: 3
  _FillValue :	-1.073742e+09
  long_name :	Temporal tendency of moisture
  units :	kg/kg s**-1
(0)	Writing output files...
20030929 e01
 Copyright (C) 1995-2019 - All Rights Reserved
 University Corporation for Atmospheric Research
 NCAR Command Language Version 6.6.2
 The use of this software is governed by a License Agreement.
 See http://www.ncl.ucar.edu/ for more details.
(0)	Script started at: Mon Aug 24 18:28:36 AEST 2026
(0)	short2flt: input variable is already type float: SPECIFIC HUMIDITY ON P LEV/UV GRID
(0)	short2flt: no conversion performed
(0)	short2flt: input variable is already type float: U COMPNT OF WIND ON P LEV/UV GRID
(0)	short2flt: no conversion performed
(0)	short2flt: input variable is already type float: V COMPNT OF WIND ON P LEV/UV GRID
(0)	short2flt: no conversion performed
(0)	short2flt: input variable is already type float: W COMPNT OF WIND ON P LEV/UV GRID
(0)	short2flt: no conversion performed
(0)	Reading variables...

Variable: q
Type: float
Total Size: 838874880 bytes
            209718720 values
Number of Dimensions: 4
Dimensions and sizes:	[time | 279] x [z1_p_level | 12] x [lat | 145] x [lon | 432]
Coordinates: 
            time: [12325..12603]
            z1_p_level: [1000..100]
            lat: [-40..40]
            lon: [ 0..359.1667]
Number Of Attributes: 9
  standard_name :	specific_humidity
  long_name :	SPECIFIC HUMIDITY ON P LEV/UV GRID
  missing_value :	-1.073742e+09
  stash_section :	30
  units :	1
  lookup_source :	defaults (cdunifpp V0.14pre1)
  stash_model :	1
  stash_item :	205
  _FillValue :	-1.073742e+09

Variable: u
Type: float
Total Size: 838874880 bytes
            209718720 values
Number of Dimensions: 4
Dimensions and sizes:	[time | 279] x [z1_p_level | 12] x [lat | 145] x [lon | 432]
Coordinates: 
            time: [12325..12603]
            z1_p_level: [1000..100]
            lat: [-40..40]
            lon: [ 0..359.1667]
Number Of Attributes: 9
  standard_name :	eastward_wind
  long_name :	U COMPNT OF WIND ON P LEV/UV GRID
  missing_value :	-1.073742e+09
  stash_section :	30
  units :	m s-1
  lookup_source :	defaults (cdunifpp V0.14pre1)
  stash_model :	1
  stash_item :	201
  _FillValue :	-1.073742e+09

Variable: v
Type: float
Total Size: 838874880 bytes
            209718720 values
Number of Dimensions: 4
Dimensions and sizes:	[time | 279] x [z1_p_level | 12] x [lat | 145] x [lon | 432]
Coordinates: 
            time: [12325..12603]
            z1_p_level: [1000..100]
            lat: [-40..40]
            lon: [ 0..359.1667]
Number Of Attributes: 9
  standard_name :	northward_wind
  long_name :	V COMPNT OF WIND ON P LEV/UV GRID
  missing_value :	-1.073742e+09
  stash_section :	30
  units :	m s-1
  lookup_source :	defaults (cdunifpp V0.14pre1)
  stash_model :	1
  stash_item :	202
  _FillValue :	-1.073742e+09
(0)	u contains missing values
(0)	u filled
(0)	v contains missing values
(0)	v filled
(0)	q contains missing values
(0)	q filled
(0)	w contains missing values
(0)	w filled
(0)	Calculating advection of moisture...
(0)	Calculating temporal tendency of moisture...

Variable: dq_dt
Type: float
Total Size: 838874880 bytes
            209718720 values
Number of Dimensions: 4
Dimensions and sizes:	[time | 279] x [z1_p_level | 12] x [lat | 145] x [lon | 432]
Coordinates: 
            time: [12325..12603]
            z1_p_level: [1000..100]
            lat: [-40..40]
            lon: [ 0..359.1667]
Number Of Attributes: 3
  units :	kg/kg s**-1
  long_name :	Temporal tendency of moisture
  _FillValue :	-1.073742e+09
(0)	Temporal tendency of moisture (kg/kg s**-1) : min=-1.92329e-07   max=1.89256e-07
(0)	Calculating convergence of moisture...
(0)	Calculating moisture loss (gain) due to the condensational heating
(0)	Calculating horizontal convergence of moisture flux...

Variable: fo_q
Type: float
Total Size: 63638784 bytes
            15909696 values
Number of Dimensions: 4
Dimensions and sizes:	[time | 279] x [z1_p_level | 12] x [lat | 33] x [lon | 144]
Coordinates: 
            time: [12325..12603]
            z1_p_level: [1000..100]
            lat: [ -40..  40]
            lon: [   0..357.5]
Number Of Attributes: 9
  missing_value :	-1.073742e+09
  _FillValue :	-1.073742e+09
  stash_item :	205
  stash_model :	1
  lookup_source :	defaults (cdunifpp V0.14pre1)
  units :	kg/kg
  stash_section :	30
  long_name :	SPECIFIC HUMIDITY ON P LEV/UV GRID
  standard_name :	specific_humidity

Variable: fo_dq_dt
Type: float
Total Size: 63638784 bytes
            15909696 values
Number of Dimensions: 4
Dimensions and sizes:	[time | 279] x [z1_p_level | 12] x [lat | 33] x [lon | 144]
Coordinates: 
            time: [12325..12603]
            z1_p_level: [1000..100]
            lat: [ -40..  40]
            lon: [   0..357.5]
Number Of Attributes: 3
  _FillValue :	-1.073742e+09
  long_name :	Temporal tendency of moisture
  units :	kg/kg s**-1
(0)	Writing output files...
20031001 e01
 Copyright (C) 1995-2019 - All Rights Reserved
 University Corporation for Atmospheric Research
 NCAR Command Language Version 6.6.2
 The use of this software is governed by a License Agreement.
 See http://www.ncl.ucar.edu/ for more details.
(0)	Script started at: Mon Aug 24 18:28:46 AEST 2026
(0)	short2flt: input variable is already type float: SPECIFIC HUMIDITY ON P LEV/UV GRID
(0)	short2flt: no conversion performed
(0)	short2flt: input variable is already type float: U COMPNT OF WIND ON P LEV/UV GRID
(0)	short2flt: no conversion performed
(0)	short2flt: input variable is already type float: V COMPNT OF WIND ON P LEV/UV GRID
(0)	short2flt: no conversion performed
(0)	short2flt: input variable is already type float: W COMPNT OF WIND ON P LEV/UV GRID
(0)	short2flt: no conversion performed
(0)	Reading variables...

Variable: q
Type: float
Total Size: 838874880 bytes
            209718720 values
Number of Dimensions: 4
Dimensions and sizes:	[time | 279] x [z1_p_level | 12] x [lat | 145] x [lon | 432]
Coordinates: 
            time: [12327..12605]
            z1_p_level: [1000..100]
            lat: [-40..40]
            lon: [ 0..359.1667]
Number Of Attributes: 9
  standard_name :	specific_humidity
  long_name :	SPECIFIC HUMIDITY ON P LEV/UV GRID
  missing_value :	-1.073742e+09
  stash_section :	30
  units :	1
  lookup_source :	defaults (cdunifpp V0.14pre1)
  stash_model :	1
  stash_item :	205
  _FillValue :	-1.073742e+09

Variable: u
Type: float
Total Size: 838874880 bytes
            209718720 values
Number of Dimensions: 4
Dimensions and sizes:	[time | 279] x [z1_p_level | 12] x [lat | 145] x [lon | 432]
Coordinates: 
            time: [12327..12605]
            z1_p_level: [1000..100]
            lat: [-40..40]
            lon: [ 0..359.1667]
Number Of Attributes: 9
  standard_name :	eastward_wind
  long_name :	U COMPNT OF WIND ON P LEV/UV GRID
  missing_value :	-1.073742e+09
  stash_section :	30
  units :	m s-1
  lookup_source :	defaults (cdunifpp V0.14pre1)
  stash_model :	1
  stash_item :	201
  _FillValue :	-1.073742e+09

Variable: v
Type: float
Total Size: 838874880 bytes
            209718720 values
Number of Dimensions: 4
Dimensions and sizes:	[time | 279] x [z1_p_level | 12] x [lat | 145] x [lon | 432]
Coordinates: 
            time: [12327..12605]
            z1_p_level: [1000..100]
            lat: [-40..40]
            lon: [ 0..359.1667]
Number Of Attributes: 9
  standard_name :	northward_wind
  long_name :	V COMPNT OF WIND ON P LEV/UV GRID
  missing_value :	-1.073742e+09
  stash_section :	30
  units :	m s-1
  lookup_source :	defaults (cdunifpp V0.14pre1)
  stash_model :	1
  stash_item :	202
  _FillValue :	-1.073742e+09
(0)	u contains missing values
(0)	u filled
(0)	v contains missing values
(0)	v filled
(0)	q contains missing values
(0)	q filled
(0)	w contains missing values
(0)	w filled
(0)	Calculating advection of moisture...
(0)	Calculating temporal tendency of moisture...

Variable: dq_dt
Type: float
Total Size: 838874880 bytes
            209718720 values
Number of Dimensions: 4
Dimensions and sizes:	[time | 279] x [z1_p_level | 12] x [lat | 145] x [lon | 432]
Coordinates: 
            time: [12327..12605]
            z1_p_level: [1000..100]
            lat: [-40..40]
            lon: [ 0..359.1667]
Number Of Attributes: 3
  units :	kg/kg s**-1
  long_name :	Temporal tendency of moisture
  _FillValue :	-1.073742e+09
(0)	Temporal tendency of moisture (kg/kg s**-1) : min=-1.77527e-07   max=1.67369e-07
(0)	Calculating convergence of moisture...
(0)	Calculating moisture loss (gain) due to the condensational heating
(0)	Calculating horizontal convergence of moisture flux...

Variable: fo_q
Type: float
Total Size: 63638784 bytes
            15909696 values
Number of Dimensions: 4
Dimensions and sizes:	[time | 279] x [z1_p_level | 12] x [lat | 33] x [lon | 144]
Coordinates: 
            time: [12327..12605]
            z1_p_level: [1000..100]
            lat: [ -40..  40]
            lon: [   0..357.5]
Number Of Attributes: 9
  missing_value :	-1.073742e+09
  _FillValue :	-1.073742e+09
  stash_item :	205
  stash_model :	1
  lookup_source :	defaults (cdunifpp V0.14pre1)
  units :	kg/kg
  stash_section :	30
  long_name :	SPECIFIC HUMIDITY ON P LEV/UV GRID
  standard_name :	specific_humidity

Variable: fo_dq_dt
Type: float
Total Size: 63638784 bytes
            15909696 values
Number of Dimensions: 4
Dimensions and sizes:	[time | 279] x [z1_p_level | 12] x [lat | 33] x [lon | 144]
Coordinates: 
            time: [12327..12605]
            z1_p_level: [1000..100]
            lat: [ -40..  40]
            lon: [   0..357.5]
Number Of Attributes: 3
  _FillValue :	-1.073742e+09
  long_name :	Temporal tendency of moisture
  units :	kg/kg s**-1
(0)	Writing output files...
20031030 e01
 Copyright (C) 1995-2019 - All Rights Reserved
 University Corporation for Atmospheric Research
 NCAR Command Language Version 6.6.2
 The use of this software is governed by a License Agreement.
 See http://www.ncl.ucar.edu/ for more details.
(0)	Script started at: Mon Aug 24 18:28:55 AEST 2026
(0)	short2flt: input variable is already type float: SPECIFIC HUMIDITY ON P LEV/UV GRID
(0)	short2flt: no conversion performed
(0)	short2flt: input variable is already type float: U COMPNT OF WIND ON P LEV/UV GRID
(0)	short2flt: no conversion performed
(0)	short2flt: input variable is already type float: V COMPNT OF WIND ON P LEV/UV GRID
(0)	short2flt: no conversion performed
(0)	short2flt: input variable is already type float: W COMPNT OF WIND ON P LEV/UV GRID
(0)	short2flt: no conversion performed
(0)	Reading variables...

Variable: q
Type: float
Total Size: 838874880 bytes
            209718720 values
Number of Dimensions: 4
Dimensions and sizes:	[time | 279] x [z1_p_level | 12] x [lat | 145] x [lon | 432]
Coordinates: 
            time: [12356..12634]
            z1_p_level: [1000..100]
            lat: [-40..40]
            lon: [ 0..359.1667]
Number Of Attributes: 9
  standard_name :	specific_humidity
  long_name :	SPECIFIC HUMIDITY ON P LEV/UV GRID
  missing_value :	-1.073742e+09
  stash_section :	30
  units :	1
  lookup_source :	defaults (cdunifpp V0.14pre1)
  stash_model :	1
  stash_item :	205
  _FillValue :	-1.073742e+09

Variable: u
Type: float
Total Size: 838874880 bytes
            209718720 values
Number of Dimensions: 4
Dimensions and sizes:	[time | 279] x [z1_p_level | 12] x [lat | 145] x [lon | 432]
Coordinates: 
            time: [12356..12634]
            z1_p_level: [1000..100]
            lat: [-40..40]
            lon: [ 0..359.1667]
Number Of Attributes: 9
  standard_name :	eastward_wind
  long_name :	U COMPNT OF WIND ON P LEV/UV GRID
  missing_value :	-1.073742e+09
  stash_section :	30
  units :	m s-1
  lookup_source :	defaults (cdunifpp V0.14pre1)
  stash_model :	1
  stash_item :	201
  _FillValue :	-1.073742e+09

Variable: v
Type: float
Total Size: 838874880 bytes
            209718720 values
Number of Dimensions: 4
Dimensions and sizes:	[time | 279] x [z1_p_level | 12] x [lat | 145] x [lon | 432]
Coordinates: 
            time: [12356..12634]
            z1_p_level: [1000..100]
            lat: [-40..40]
            lon: [ 0..359.1667]
Number Of Attributes: 9
  standard_name :	northward_wind
  long_name :	V COMPNT OF WIND ON P LEV/UV GRID
  missing_value :	-1.073742e+09
  stash_section :	30
  units :	m s-1
  lookup_source :	defaults (cdunifpp V0.14pre1)
  stash_model :	1
  stash_item :	202
  _FillValue :	-1.073742e+09
(0)	u contains missing values
(0)	u filled
(0)	v contains missing values
(0)	v filled
(0)	q contains missing values
(0)	q filled
(0)	w contains missing values
(0)	w filled
(0)	Calculating advection of moisture...
(0)	Calculating temporal tendency of moisture...

Variable: dq_dt
Type: float
Total Size: 838874880 bytes
            209718720 values
Number of Dimensions: 4
Dimensions and sizes:	[time | 279] x [z1_p_level | 12] x [lat | 145] x [lon | 432]
Coordinates: 
            time: [12356..12634]
            z1_p_level: [1000..100]
            lat: [-40..40]
            lon: [ 0..359.1667]
Number Of Attributes: 3
  units :	kg/kg s**-1
  long_name :	Temporal tendency of moisture
  _FillValue :	-1.073742e+09
(0)	Temporal tendency of moisture (kg/kg s**-1) : min=-1.85488e-07   max=1.85131e-07
(0)	Calculating convergence of moisture...
(0)	Calculating moisture loss (gain) due to the condensational heating
(0)	Calculating horizontal convergence of moisture flux...

Variable: fo_q
Type: float
Total Size: 63638784 bytes
            15909696 values
Number of Dimensions: 4
Dimensions and sizes:	[time | 279] x [z1_p_level | 12] x [lat | 33] x [lon | 144]
Coordinates: 
            time: [12356..12634]
            z1_p_level: [1000..100]
            lat: [ -40..  40]
            lon: [   0..357.5]
Number Of Attributes: 9
  missing_value :	-1.073742e+09
  _FillValue :	-1.073742e+09
  stash_item :	205
  stash_model :	1
  lookup_source :	defaults (cdunifpp V0.14pre1)
  units :	kg/kg
  stash_section :	30
  long_name :	SPECIFIC HUMIDITY ON P LEV/UV GRID
  standard_name :	specific_humidity

Variable: fo_dq_dt
Type: float
Total Size: 63638784 bytes
            15909696 values
Number of Dimensions: 4
Dimensions and sizes:	[time | 279] x [z1_p_level | 12] x [lat | 33] x [lon | 144]
Coordinates: 
            time: [12356..12634]
            z1_p_level: [1000..100]
            lat: [ -40..  40]
            lon: [   0..357.5]
Number Of Attributes: 3
  _FillValue :	-1.073742e+09
  long_name :	Temporal tendency of moisture
  units :	kg/kg s**-1
(0)	Writing output files...
20030930 e01
 Copyright (C) 1995-2019 - All Rights Reserved
 University Corporation for Atmospheric Research
 NCAR Command Language Version 6.6.2
 The use of this software is governed by a License Agreement.
 See http://www.ncl.ucar.edu/ for more details.
(0)	Script started at: Mon Aug 24 18:28:43 AEST 2026
(0)	short2flt: input variable is already type float: SPECIFIC HUMIDITY ON P LEV/UV GRID
(0)	short2flt: no conversion performed
(0)	short2flt: input variable is already type float: U COMPNT OF WIND ON P LEV/UV GRID
(0)	short2flt: no conversion performed
(0)	short2flt: input variable is already type float: V COMPNT OF WIND ON P LEV/UV GRID
(0)	short2flt: no conversion performed
(0)	short2flt: input variable is already type float: W COMPNT OF WIND ON P LEV/UV GRID
(0)	short2flt: no conversion performed
(0)	Reading variables...

Variable: q
Type: float
Total Size: 838874880 bytes
            209718720 values
Number of Dimensions: 4
Dimensions and sizes:	[time | 279] x [z1_p_level | 12] x [lat | 145] x [lon | 432]
Coordinates: 
            time: [12326..12604]
            z1_p_level: [1000..100]
            lat: [-40..40]
            lon: [ 0..359.1667]
Number Of Attributes: 9
  standard_name :	specific_humidity
  long_name :	SPECIFIC HUMIDITY ON P LEV/UV GRID
  missing_value :	-1.073742e+09
  stash_section :	30
  units :	1
  lookup_source :	defaults (cdunifpp V0.14pre1)
  stash_model :	1
  stash_item :	205
  _FillValue :	-1.073742e+09

Variable: u
Type: float
Total Size: 838874880 bytes
            209718720 values
Number of Dimensions: 4
Dimensions and sizes:	[time | 279] x [z1_p_level | 12] x [lat | 145] x [lon | 432]
Coordinates: 
            time: [12326..12604]
            z1_p_level: [1000..100]
            lat: [-40..40]
            lon: [ 0..359.1667]
Number Of Attributes: 9
  standard_name :	eastward_wind
  long_name :	U COMPNT OF WIND ON P LEV/UV GRID
  missing_value :	-1.073742e+09
  stash_section :	30
  units :	m s-1
  lookup_source :	defaults (cdunifpp V0.14pre1)
  stash_model :	1
  stash_item :	201
  _FillValue :	-1.073742e+09

Variable: v
Type: float
Total Size: 838874880 bytes
            209718720 values
Number of Dimensions: 4
Dimensions and sizes:	[time | 279] x [z1_p_level | 12] x [lat | 145] x [lon | 432]
Coordinates: 
            time: [12326..12604]
            z1_p_level: [1000..100]
            lat: [-40..40]
            lon: [ 0..359.1667]
Number Of Attributes: 9
  standard_name :	northward_wind
  long_name :	V COMPNT OF WIND ON P LEV/UV GRID
  missing_value :	-1.073742e+09
  stash_section :	30
  units :	m s-1
  lookup_source :	defaults (cdunifpp V0.14pre1)
  stash_model :	1
  stash_item :	202
  _FillValue :	-1.073742e+09
(0)	u contains missing values
(0)	u filled
(0)	v contains missing values
(0)	v filled
(0)	q contains missing values
(0)	q filled
(0)	w contains missing values
(0)	w filled
(0)	Calculating advection of moisture...
(0)	Calculating temporal tendency of moisture...

Variable: dq_dt
Type: float
Total Size: 838874880 bytes
            209718720 values
Number of Dimensions: 4
Dimensions and sizes:	[time | 279] x [z1_p_level | 12] x [lat | 145] x [lon | 432]
Coordinates: 
            time: [12326..12604]
            z1_p_level: [1000..100]
            lat: [-40..40]
            lon: [ 0..359.1667]
Number Of Attributes: 3
  units :	kg/kg s**-1
  long_name :	Temporal tendency of moisture
  _FillValue :	-1.073742e+09
(0)	Temporal tendency of moisture (kg/kg s**-1) : min=-1.91769e-07   max=1.68328e-07
(0)	Calculating convergence of moisture...
(0)	Calculating moisture loss (gain) due to the condensational heating
(0)	Calculating horizontal convergence of moisture flux...

Variable: fo_q
Type: float
Total Size: 63638784 bytes
            15909696 values
Number of Dimensions: 4
Dimensions and sizes:	[time | 279] x [z1_p_level | 12] x [lat | 33] x [lon | 144]
Coordinates: 
            time: [12326..12604]
            z1_p_level: [1000..100]
            lat: [ -40..  40]
            lon: [   0..357.5]
Number Of Attributes: 9
  missing_value :	-1.073742e+09
  _FillValue :	-1.073742e+09
  stash_item :	205
  stash_model :	1
  lookup_source :	defaults (cdunifpp V0.14pre1)
  units :	kg/kg
  stash_section :	30
  long_name :	SPECIFIC HUMIDITY ON P LEV/UV GRID
  standard_name :	specific_humidity

Variable: fo_dq_dt
Type: float
Total Size: 63638784 bytes
            15909696 values
Number of Dimensions: 4
Dimensions and sizes:	[time | 279] x [z1_p_level | 12] x [lat | 33] x [lon | 144]
Coordinates: 
            time: [12326..12604]
            z1_p_level: [1000..100]
            lat: [ -40..  40]
            lon: [   0..357.5]
Number Of Attributes: 3
  _FillValue :	-1.073742e+09
  long_name :	Temporal tendency of moisture
  units :	kg/kg s**-1
(0)	Writing output files...
20030901 e01
 Copyright (C) 1995-2019 - All Rights Reserved
 University Corporation for Atmospheric Research
 NCAR Command Language Version 6.6.2
 The use of this software is governed by a License Agreement.
 See http://www.ncl.ucar.edu/ for more details.
(0)	Script started at: Mon Aug 24 18:28:28 AEST 2026
(0)	short2flt: input variable is already type float: SPECIFIC HUMIDITY ON P LEV/UV GRID
(0)	short2flt: no conversion performed
(0)	short2flt: input variable is already type float: U COMPNT OF WIND ON P LEV/UV GRID
(0)	short2flt: no conversion performed
(0)	short2flt: input variable is already type float: V COMPNT OF WIND ON P LEV/UV GRID
(0)	short2flt: no conversion performed
(0)	short2flt: input variable is already type float: W COMPNT OF WIND ON P LEV/UV GRID
(0)	short2flt: no conversion performed
(0)	Reading variables...

Variable: q
Type: float
Total Size: 838874880 bytes
            209718720 values
Number of Dimensions: 4
Dimensions and sizes:	[time | 279] x [z1_p_level | 12] x [lat | 145] x [lon | 432]
Coordinates: 
            time: [12297..12575]
            z1_p_level: [1000..100]
            lat: [-40..40]
            lon: [ 0..359.1667]
Number Of Attributes: 9
  standard_name :	specific_humidity
  long_name :	SPECIFIC HUMIDITY ON P LEV/UV GRID
  missing_value :	-1.073742e+09
  stash_section :	30
  units :	1
  lookup_source :	defaults (cdunifpp V0.14pre1)
  stash_model :	1
  stash_item :	205
  _FillValue :	-1.073742e+09

Variable: u
Type: float
Total Size: 838874880 bytes
            209718720 values
Number of Dimensions: 4
Dimensions and sizes:	[time | 279] x [z1_p_level | 12] x [lat | 145] x [lon | 432]
Coordinates: 
            time: [12297..12575]
            z1_p_level: [1000..100]
            lat: [-40..40]
            lon: [ 0..359.1667]
Number Of Attributes: 9
  standard_name :	eastward_wind
  long_name :	U COMPNT OF WIND ON P LEV/UV GRID
  missing_value :	-1.073742e+09
  stash_section :	30
  units :	m s-1
  lookup_source :	defaults (cdunifpp V0.14pre1)
  stash_model :	1
  stash_item :	201
  _FillValue :	-1.073742e+09

Variable: v
Type: float
Total Size: 838874880 bytes
            209718720 values
Number of Dimensions: 4
Dimensions and sizes:	[time | 279] x [z1_p_level | 12] x [lat | 145] x [lon | 432]
Coordinates: 
            time: [12297..12575]
            z1_p_level: [1000..100]
            lat: [-40..40]
            lon: [ 0..359.1667]
Number Of Attributes: 9
  standard_name :	northward_wind
  long_name :	V COMPNT OF WIND ON P LEV/UV GRID
  missing_value :	-1.073742e+09
  stash_section :	30
  units :	m s-1
  lookup_source :	defaults (cdunifpp V0.14pre1)
  stash_model :	1
  stash_item :	202
  _FillValue :	-1.073742e+09
(0)	u contains missing values
(0)	u filled
(0)	v contains missing values
(0)	v filled
(0)	q contains missing values
(0)	q filled
(0)	w contains missing values
(0)	w filled
(0)	Calculating advection of moisture...
(0)	Calculating temporal tendency of moisture...

Variable: dq_dt
Type: float
Total Size: 838874880 bytes
            209718720 values
Number of Dimensions: 4
Dimensions and sizes:	[time | 279] x [z1_p_level | 12] x [lat | 145] x [lon | 432]
Coordinates: 
            time: [12297..12575]
            z1_p_level: [1000..100]
            lat: [-40..40]
            lon: [ 0..359.1667]
Number Of Attributes: 3
  units :	kg/kg s**-1
  long_name :	Temporal tendency of moisture
  _FillValue :	-1.073742e+09
(0)	Temporal tendency of moisture (kg/kg s**-1) : min=-1.80123e-07   max=1.7013e-07
(0)	Calculating convergence of moisture...
(0)	Calculating moisture loss (gain) due to the condensational heating
(0)	Calculating horizontal convergence of moisture flux...

Variable: fo_q
Type: float
Total Size: 63638784 bytes
            15909696 values
Number of Dimensions: 4
Dimensions and sizes:	[time | 279] x [z1_p_level | 12] x [lat | 33] x [lon | 144]
Coordinates: 
            time: [12297..12575]
            z1_p_level: [1000..100]
            lat: [ -40..  40]
            lon: [   0..357.5]
Number Of Attributes: 9
  missing_value :	-1.073742e+09
  _FillValue :	-1.073742e+09
  stash_item :	205
  stash_model :	1
  lookup_source :	defaults (cdunifpp V0.14pre1)
  units :	kg/kg
  stash_section :	30
  long_name :	SPECIFIC HUMIDITY ON P LEV/UV GRID
  standard_name :	specific_humidity

Variable: fo_dq_dt
Type: float
Total Size: 63638784 bytes
            15909696 values
Number of Dimensions: 4
Dimensions and sizes:	[time | 279] x [z1_p_level | 12] x [lat | 33] x [lon | 144]
Coordinates: 
            time: [12297..12575]
            z1_p_level: [1000..100]
            lat: [ -40..  40]
            lon: [   0..357.5]
Number Of Attributes: 3
  _FillValue :	-1.073742e+09
  long_name :	Temporal tendency of moisture
  units :	kg/kg s**-1
(0)	Writing output files...
20031129 e01
 Copyright (C) 1995-2019 - All Rights Reserved
 University Corporation for Atmospheric Research
 NCAR Command Language Version 6.6.2
 The use of this software is governed by a License Agreement.
 See http://www.ncl.ucar.edu/ for more details.
(0)	Script started at: Mon Aug 24 18:42:15 AEST 2026
(0)	short2flt: input variable is already type float: SPECIFIC HUMIDITY ON P LEV/UV GRID
(0)	short2flt: no conversion performed
(0)	short2flt: input variable is already type float: U COMPNT OF WIND ON P LEV/UV GRID
(0)	short2flt: no conversion performed
(0)	short2flt: input variable is already type float: V COMPNT OF WIND ON P LEV/UV GRID
(0)	short2flt: no conversion performed
(0)	short2flt: input variable is already type float: W COMPNT OF WIND ON P LEV/UV GRID
(0)	short2flt: no conversion performed
(0)	Reading variables...

Variable: q
Type: float
Total Size: 838874880 bytes
            209718720 values
Number of Dimensions: 4
Dimensions and sizes:	[time | 279] x [z1_p_level | 12] x [lat | 145] x [lon | 432]
Coordinates: 
            time: [12386..12664]
            z1_p_level: [1000..100]
            lat: [-40..40]
            lon: [ 0..359.1667]
Number Of Attributes: 9
  standard_name :	specific_humidity
  long_name :	SPECIFIC HUMIDITY ON P LEV/UV GRID
  missing_value :	-1.073742e+09
  stash_section :	30
  units :	1
  lookup_source :	defaults (cdunifpp V0.14pre1)
  stash_model :	1
  stash_item :	205
  _FillValue :	-1.073742e+09

Variable: u
Type: float
Total Size: 838874880 bytes
            209718720 values
Number of Dimensions: 4
Dimensions and sizes:	[time | 279] x [z1_p_level | 12] x [lat | 145] x [lon | 432]
Coordinates: 
            time: [12386..12664]
            z1_p_level: [1000..100]
            lat: [-40..40]
            lon: [ 0..359.1667]
Number Of Attributes: 9
  standard_name :	eastward_wind
  long_name :	U COMPNT OF WIND ON P LEV/UV GRID
  missing_value :	-1.073742e+09
  stash_section :	30
  units :	m s-1
  lookup_source :	defaults (cdunifpp V0.14pre1)
  stash_model :	1
  stash_item :	201
  _FillValue :	-1.073742e+09

Variable: v
Type: float
Total Size: 838874880 bytes
            209718720 values
Number of Dimensions: 4
Dimensions and sizes:	[time | 279] x [z1_p_level | 12] x [lat | 145] x [lon | 432]
Coordinates: 
            time: [12386..12664]
            z1_p_level: [1000..100]
            lat: [-40..40]
            lon: [ 0..359.1667]
Number Of Attributes: 9
  standard_name :	northward_wind
  long_name :	V COMPNT OF WIND ON P LEV/UV GRID
  missing_value :	-1.073742e+09
  stash_section :	30
  units :	m s-1
  lookup_source :	defaults (cdunifpp V0.14pre1)
  stash_model :	1
  stash_item :	202
  _FillValue :	-1.073742e+09
(0)	u contains missing values
(0)	u filled
(0)	v contains missing values
(0)	v filled
(0)	q contains missing values
(0)	q filled
(0)	w contains missing values
(0)	w filled
(0)	Calculating advection of moisture...
(0)	Calculating temporal tendency of moisture...

Variable: dq_dt
Type: float
Total Size: 838874880 bytes
            209718720 values
Number of Dimensions: 4
Dimensions and sizes:	[time | 279] x [z1_p_level | 12] x [lat | 145] x [lon | 432]
Coordinates: 
            time: [12386..12664]
            z1_p_level: [1000..100]
            lat: [-40..40]
            lon: [ 0..359.1667]
Number Of Attributes: 3
  units :	kg/kg s**-1
  long_name :	Temporal tendency of moisture
  _FillValue :	-1.073742e+09
(0)	Temporal tendency of moisture (kg/kg s**-1) : min=-1.78977e-07   max=1.75448e-07
(0)	Calculating convergence of moisture...
(0)	Calculating moisture loss (gain) due to the condensational heating
(0)	Calculating horizontal convergence of moisture flux...

Variable: fo_q
Type: float
Total Size: 63638784 bytes
            15909696 values
Number of Dimensions: 4
Dimensions and sizes:	[time | 279] x [z1_p_level | 12] x [lat | 33] x [lon | 144]
Coordinates: 
            time: [12386..12664]
            z1_p_level: [1000..100]
            lat: [ -40..  40]
            lon: [   0..357.5]
Number Of Attributes: 9
  missing_value :	-1.073742e+09
  _FillValue :	-1.073742e+09
  stash_item :	205
  stash_model :	1
  lookup_source :	defaults (cdunifpp V0.14pre1)
  units :	kg/kg
  stash_section :	30
  long_name :	SPECIFIC HUMIDITY ON P LEV/UV GRID
  standard_name :	specific_humidity

Variable: fo_dq_dt
Type: float
Total Size: 63638784 bytes
            15909696 values
Number of Dimensions: 4
Dimensions and sizes:	[time | 279] x [z1_p_level | 12] x [lat | 33] x [lon | 144]
Coordinates: 
            time: [12386..12664]
            z1_p_level: [1000..100]
            lat: [ -40..  40]
            lon: [   0..357.5]
Number Of Attributes: 3
  _FillValue :	-1.073742e+09
  long_name :	Temporal tendency of moisture
  units :	kg/kg s**-1
(0)	Writing output files...
20031031 e01
 Copyright (C) 1995-2019 - All Rights Reserved
 University Corporation for Atmospheric Research
 NCAR Command Language Version 6.6.2
 The use of this software is governed by a License Agreement.
 See http://www.ncl.ucar.edu/ for more details.
(0)	Script started at: Mon Aug 24 18:42:12 AEST 2026
(0)	short2flt: input variable is already type float: SPECIFIC HUMIDITY ON P LEV/UV GRID
(0)	short2flt: no conversion performed
(0)	short2flt: input variable is already type float: U COMPNT OF WIND ON P LEV/UV GRID
(0)	short2flt: no conversion performed
(0)	short2flt: input variable is already type float: V COMPNT OF WIND ON P LEV/UV GRID
(0)	short2flt: no conversion performed
(0)	short2flt: input variable is already type float: W COMPNT OF WIND ON P LEV/UV GRID
(0)	short2flt: no conversion performed
(0)	Reading variables...

Variable: q
Type: float
Total Size: 838874880 bytes
            209718720 values
Number of Dimensions: 4
Dimensions and sizes:	[time | 279] x [z1_p_level | 12] x [lat | 145] x [lon | 432]
Coordinates: 
            time: [12357..12635]
            z1_p_level: [1000..100]
            lat: [-40..40]
            lon: [ 0..359.1667]
Number Of Attributes: 9
  standard_name :	specific_humidity
  long_name :	SPECIFIC HUMIDITY ON P LEV/UV GRID
  missing_value :	-1.073742e+09
  stash_section :	30
  units :	1
  lookup_source :	defaults (cdunifpp V0.14pre1)
  stash_model :	1
  stash_item :	205
  _FillValue :	-1.073742e+09

Variable: u
Type: float
Total Size: 838874880 bytes
            209718720 values
Number of Dimensions: 4
Dimensions and sizes:	[time | 279] x [z1_p_level | 12] x [lat | 145] x [lon | 432]
Coordinates: 
            time: [12357..12635]
            z1_p_level: [1000..100]
            lat: [-40..40]
            lon: [ 0..359.1667]
Number Of Attributes: 9
  standard_name :	eastward_wind
  long_name :	U COMPNT OF WIND ON P LEV/UV GRID
  missing_value :	-1.073742e+09
  stash_section :	30
  units :	m s-1
  lookup_source :	defaults (cdunifpp V0.14pre1)
  stash_model :	1
  stash_item :	201
  _FillValue :	-1.073742e+09

Variable: v
Type: float
Total Size: 838874880 bytes
            209718720 values
Number of Dimensions: 4
Dimensions and sizes:	[time | 279] x [z1_p_level | 12] x [lat | 145] x [lon | 432]
Coordinates: 
            time: [12357..12635]
            z1_p_level: [1000..100]
            lat: [-40..40]
            lon: [ 0..359.1667]
Number Of Attributes: 9
  standard_name :	northward_wind
  long_name :	V COMPNT OF WIND ON P LEV/UV GRID
  missing_value :	-1.073742e+09
  stash_section :	30
  units :	m s-1
  lookup_source :	defaults (cdunifpp V0.14pre1)
  stash_model :	1
  stash_item :	202
  _FillValue :	-1.073742e+09
(0)	u contains missing values
(0)	u filled
(0)	v contains missing values
(0)	v filled
(0)	q contains missing values
(0)	q filled
(0)	w contains missing values
(0)	w filled
(0)	Calculating advection of moisture...
(0)	Calculating temporal tendency of moisture...

Variable: dq_dt
Type: float
Total Size: 838874880 bytes
            209718720 values
Number of Dimensions: 4
Dimensions and sizes:	[time | 279] x [z1_p_level | 12] x [lat | 145] x [lon | 432]
Coordinates: 
            time: [12357..12635]
            z1_p_level: [1000..100]
            lat: [-40..40]
            lon: [ 0..359.1667]
Number Of Attributes: 3
  units :	kg/kg s**-1
  long_name :	Temporal tendency of moisture
  _FillValue :	-1.073742e+09
(0)	Temporal tendency of moisture (kg/kg s**-1) : min=-1.9627e-07   max=1.7148e-07
(0)	Calculating convergence of moisture...
(0)	Calculating moisture loss (gain) due to the condensational heating
(0)	Calculating horizontal convergence of moisture flux...

Variable: fo_q
Type: float
Total Size: 63638784 bytes
            15909696 values
Number of Dimensions: 4
Dimensions and sizes:	[time | 279] x [z1_p_level | 12] x [lat | 33] x [lon | 144]
Coordinates: 
            time: [12357..12635]
            z1_p_level: [1000..100]
            lat: [ -40..  40]
            lon: [   0..357.5]
Number Of Attributes: 9
  missing_value :	-1.073742e+09
  _FillValue :	-1.073742e+09
  stash_item :	205
  stash_model :	1
  lookup_source :	defaults (cdunifpp V0.14pre1)
  units :	kg/kg
  stash_section :	30
  long_name :	SPECIFIC HUMIDITY ON P LEV/UV GRID
  standard_name :	specific_humidity

Variable: fo_dq_dt
Type: float
Total Size: 63638784 bytes
            15909696 values
Number of Dimensions: 4
Dimensions and sizes:	[time | 279] x [z1_p_level | 12] x [lat | 33] x [lon | 144]
Coordinates: 
            time: [12357..12635]
            z1_p_level: [1000..100]
            lat: [ -40..  40]
            lon: [   0..357.5]
Number Of Attributes: 3
  _FillValue :	-1.073742e+09
  long_name :	Temporal tendency of moisture
  units :	kg/kg s**-1
(0)	Writing output files...
20031130 e01
 Copyright (C) 1995-2019 - All Rights Reserved
 University Corporation for Atmospheric Research
 NCAR Command Language Version 6.6.2
 The use of this software is governed by a License Agreement.
 See http://www.ncl.ucar.edu/ for more details.
(0)	Script started at: Mon Aug 24 18:42:22 AEST 2026
(0)	short2flt: input variable is already type float: SPECIFIC HUMIDITY ON P LEV/UV GRID
(0)	short2flt: no conversion performed
(0)	short2flt: input variable is already type float: U COMPNT OF WIND ON P LEV/UV GRID
(0)	short2flt: no conversion performed
(0)	short2flt: input variable is already type float: V COMPNT OF WIND ON P LEV/UV GRID
(0)	short2flt: no conversion performed
(0)	short2flt: input variable is already type float: W COMPNT OF WIND ON P LEV/UV GRID
(0)	short2flt: no conversion performed
(0)	Reading variables...

Variable: q
Type: float
Total Size: 838874880 bytes
            209718720 values
Number of Dimensions: 4
Dimensions and sizes:	[time | 279] x [z1_p_level | 12] x [lat | 145] x [lon | 432]
Coordinates: 
            time: [12387..12665]
            z1_p_level: [1000..100]
            lat: [-40..40]
            lon: [ 0..359.1667]
Number Of Attributes: 9
  standard_name :	specific_humidity
  long_name :	SPECIFIC HUMIDITY ON P LEV/UV GRID
  missing_value :	-1.073742e+09
  stash_section :	30
  units :	1
  lookup_source :	defaults (cdunifpp V0.14pre1)
  stash_model :	1
  stash_item :	205
  _FillValue :	-1.073742e+09

Variable: u
Type: float
Total Size: 838874880 bytes
            209718720 values
Number of Dimensions: 4
Dimensions and sizes:	[time | 279] x [z1_p_level | 12] x [lat | 145] x [lon | 432]
Coordinates: 
            time: [12387..12665]
            z1_p_level: [1000..100]
            lat: [-40..40]
            lon: [ 0..359.1667]
Number Of Attributes: 9
  standard_name :	eastward_wind
  long_name :	U COMPNT OF WIND ON P LEV/UV GRID
  missing_value :	-1.073742e+09
  stash_section :	30
  units :	m s-1
  lookup_source :	defaults (cdunifpp V0.14pre1)
  stash_model :	1
  stash_item :	201
  _FillValue :	-1.073742e+09

Variable: v
Type: float
Total Size: 838874880 bytes
            209718720 values
Number of Dimensions: 4
Dimensions and sizes:	[time | 279] x [z1_p_level | 12] x [lat | 145] x [lon | 432]
Coordinates: 
            time: [12387..12665]
            z1_p_level: [1000..100]
            lat: [-40..40]
            lon: [ 0..359.1667]
Number Of Attributes: 9
  standard_name :	northward_wind
  long_name :	V COMPNT OF WIND ON P LEV/UV GRID
  missing_value :	-1.073742e+09
  stash_section :	30
  units :	m s-1
  lookup_source :	defaults (cdunifpp V0.14pre1)
  stash_model :	1
  stash_item :	202
  _FillValue :	-1.073742e+09
(0)	u contains missing values
(0)	u filled
(0)	v contains missing values
(0)	v filled
(0)	q contains missing values
(0)	q filled
(0)	w contains missing values
(0)	w filled
(0)	Calculating advection of moisture...
(0)	Calculating temporal tendency of moisture...

Variable: dq_dt
Type: float
Total Size: 838874880 bytes
            209718720 values
Number of Dimensions: 4
Dimensions and sizes:	[time | 279] x [z1_p_level | 12] x [lat | 145] x [lon | 432]
Coordinates: 
            time: [12387..12665]
            z1_p_level: [1000..100]
            lat: [-40..40]
            lon: [ 0..359.1667]
Number Of Attributes: 3
  units :	kg/kg s**-1
  long_name :	Temporal tendency of moisture
  _FillValue :	-1.073742e+09
(0)	Temporal tendency of moisture (kg/kg s**-1) : min=-1.84709e-07   max=1.83736e-07
(0)	Calculating convergence of moisture...
(0)	Calculating moisture loss (gain) due to the condensational heating
(0)	Calculating horizontal convergence of moisture flux...

Variable: fo_q
Type: float
Total Size: 63638784 bytes
            15909696 values
Number of Dimensions: 4
Dimensions and sizes:	[time | 279] x [z1_p_level | 12] x [lat | 33] x [lon | 144]
Coordinates: 
            time: [12387..12665]
            z1_p_level: [1000..100]
            lat: [ -40..  40]
            lon: [   0..357.5]
Number Of Attributes: 9
  missing_value :	-1.073742e+09
  _FillValue :	-1.073742e+09
  stash_item :	205
  stash_model :	1
  lookup_source :	defaults (cdunifpp V0.14pre1)
  units :	kg/kg
  stash_section :	30
  long_name :	SPECIFIC HUMIDITY ON P LEV/UV GRID
  standard_name :	specific_humidity

Variable: fo_dq_dt
Type: float
Total Size: 63638784 bytes
            15909696 values
Number of Dimensions: 4
Dimensions and sizes:	[time | 279] x [z1_p_level | 12] x [lat | 33] x [lon | 144]
Coordinates: 
            time: [12387..12665]
            z1_p_level: [1000..100]
            lat: [ -40..  40]
            lon: [   0..357.5]
Number Of Attributes: 3
  _FillValue :	-1.073742e+09
  long_name :	Temporal tendency of moisture
  units :	kg/kg s**-1
(0)	Writing output files...
20031201 e01
 Copyright (C) 1995-2019 - All Rights Reserved
 University Corporation for Atmospheric Research
 NCAR Command Language Version 6.6.2
 The use of this software is governed by a License Agreement.
 See http://www.ncl.ucar.edu/ for more details.
(0)	Script started at: Mon Aug 24 18:42:27 AEST 2026
(0)	short2flt: input variable is already type float: SPECIFIC HUMIDITY ON P LEV/UV GRID
(0)	short2flt: no conversion performed
(0)	short2flt: input variable is already type float: U COMPNT OF WIND ON P LEV/UV GRID
(0)	short2flt: no conversion performed
(0)	short2flt: input variable is already type float: V COMPNT OF WIND ON P LEV/UV GRID
(0)	short2flt: no conversion performed
(0)	short2flt: input variable is already type float: W COMPNT OF WIND ON P LEV/UV GRID
(0)	short2flt: no conversion performed
(0)	Reading variables...

Variable: q
Type: float
Total Size: 838874880 bytes
            209718720 values
Number of Dimensions: 4
Dimensions and sizes:	[time | 279] x [z1_p_level | 12] x [lat | 145] x [lon | 432]
Coordinates: 
            time: [12388..12666]
            z1_p_level: [1000..100]
            lat: [-40..40]
            lon: [ 0..359.1667]
Number Of Attributes: 9
  standard_name :	specific_humidity
  long_name :	SPECIFIC HUMIDITY ON P LEV/UV GRID
  missing_value :	-1.073742e+09
  stash_section :	30
  units :	1
  lookup_source :	defaults (cdunifpp V0.14pre1)
  stash_model :	1
  stash_item :	205
  _FillValue :	-1.073742e+09

Variable: u
Type: float
Total Size: 838874880 bytes
            209718720 values
Number of Dimensions: 4
Dimensions and sizes:	[time | 279] x [z1_p_level | 12] x [lat | 145] x [lon | 432]
Coordinates: 
            time: [12388..12666]
            z1_p_level: [1000..100]
            lat: [-40..40]
            lon: [ 0..359.1667]
Number Of Attributes: 9
  standard_name :	eastward_wind
  long_name :	U COMPNT OF WIND ON P LEV/UV GRID
  missing_value :	-1.073742e+09
  stash_section :	30
  units :	m s-1
  lookup_source :	defaults (cdunifpp V0.14pre1)
  stash_model :	1
  stash_item :	201
  _FillValue :	-1.073742e+09

Variable: v
Type: float
Total Size: 838874880 bytes
            209718720 values
Number of Dimensions: 4
Dimensions and sizes:	[time | 279] x [z1_p_level | 12] x [lat | 145] x [lon | 432]
Coordinates: 
            time: [12388..12666]
            z1_p_level: [1000..100]
            lat: [-40..40]
            lon: [ 0..359.1667]
Number Of Attributes: 9
  standard_name :	northward_wind
  long_name :	V COMPNT OF WIND ON P LEV/UV GRID
  missing_value :	-1.073742e+09
  stash_section :	30
  units :	m s-1
  lookup_source :	defaults (cdunifpp V0.14pre1)
  stash_model :	1
  stash_item :	202
  _FillValue :	-1.073742e+09
(0)	u contains missing values
(0)	u filled
(0)	v contains missing values
(0)	v filled
(0)	q contains missing values
(0)	q filled
(0)	w contains missing values
(0)	w filled
(0)	Calculating advection of moisture...
(0)	Calculating temporal tendency of moisture...

Variable: dq_dt
Type: float
Total Size: 838874880 bytes
            209718720 values
Number of Dimensions: 4
Dimensions and sizes:	[time | 279] x [z1_p_level | 12] x [lat | 145] x [lon | 432]
Coordinates: 
            time: [12388..12666]
            z1_p_level: [1000..100]
            lat: [-40..40]
            lon: [ 0..359.1667]
Number Of Attributes: 3
  units :	kg/kg s**-1
  long_name :	Temporal tendency of moisture
  _FillValue :	-1.073742e+09
(0)	Temporal tendency of moisture (kg/kg s**-1) : min=-1.8466e-07   max=1.85815e-07
(0)	Calculating convergence of moisture...
(0)	Calculating moisture loss (gain) due to the condensational heating
(0)	Calculating horizontal convergence of moisture flux...

Variable: fo_q
Type: float
Total Size: 63638784 bytes
            15909696 values
Number of Dimensions: 4
Dimensions and sizes:	[time | 279] x [z1_p_level | 12] x [lat | 33] x [lon | 144]
Coordinates: 
            time: [12388..12666]
            z1_p_level: [1000..100]
            lat: [ -40..  40]
            lon: [   0..357.5]
Number Of Attributes: 9
  missing_value :	-1.073742e+09
  _FillValue :	-1.073742e+09
  stash_item :	205
  stash_model :	1
  lookup_source :	defaults (cdunifpp V0.14pre1)
  units :	kg/kg
  stash_section :	30
  long_name :	SPECIFIC HUMIDITY ON P LEV/UV GRID
  standard_name :	specific_humidity

Variable: fo_dq_dt
Type: float
Total Size: 63638784 bytes
            15909696 values
Number of Dimensions: 4
Dimensions and sizes:	[time | 279] x [z1_p_level | 12] x [lat | 33] x [lon | 144]
Coordinates: 
            time: [12388..12666]
            z1_p_level: [1000..100]
            lat: [ -40..  40]
            lon: [   0..357.5]
Number Of Attributes: 3
  _FillValue :	-1.073742e+09
  long_name :	Temporal tendency of moisture
  units :	kg/kg s**-1
(0)	Writing output files...
20031101 e01
 Copyright (C) 1995-2019 - All Rights Reserved
 University Corporation for Atmospheric Research
 NCAR Command Language Version 6.6.2
 The use of this software is governed by a License Agreement.
 See http://www.ncl.ucar.edu/ for more details.
(0)	Script started at: Mon Aug 24 18:42:13 AEST 2026
(0)	short2flt: input variable is already type float: SPECIFIC HUMIDITY ON P LEV/UV GRID
(0)	short2flt: no conversion performed
(0)	short2flt: input variable is already type float: U COMPNT OF WIND ON P LEV/UV GRID
(0)	short2flt: no conversion performed
(0)	short2flt: input variable is already type float: V COMPNT OF WIND ON P LEV/UV GRID
(0)	short2flt: no conversion performed
(0)	short2flt: input variable is already type float: W COMPNT OF WIND ON P LEV/UV GRID
(0)	short2flt: no conversion performed
(0)	Reading variables...

Variable: q
Type: float
Total Size: 838874880 bytes
            209718720 values
Number of Dimensions: 4
Dimensions and sizes:	[time | 279] x [z1_p_level | 12] x [lat | 145] x [lon | 432]
Coordinates: 
            time: [12358..12636]
            z1_p_level: [1000..100]
            lat: [-40..40]
            lon: [ 0..359.1667]
Number Of Attributes: 9
  standard_name :	specific_humidity
  long_name :	SPECIFIC HUMIDITY ON P LEV/UV GRID
  missing_value :	-1.073742e+09
  stash_section :	30
  units :	1
  lookup_source :	defaults (cdunifpp V0.14pre1)
  stash_model :	1
  stash_item :	205
  _FillValue :	-1.073742e+09

Variable: u
Type: float
Total Size: 838874880 bytes
            209718720 values
Number of Dimensions: 4
Dimensions and sizes:	[time | 279] x [z1_p_level | 12] x [lat | 145] x [lon | 432]
Coordinates: 
            time: [12358..12636]
            z1_p_level: [1000..100]
            lat: [-40..40]
            lon: [ 0..359.1667]
Number Of Attributes: 9
  standard_name :	eastward_wind
  long_name :	U COMPNT OF WIND ON P LEV/UV GRID
  missing_value :	-1.073742e+09
  stash_section :	30
  units :	m s-1
  lookup_source :	defaults (cdunifpp V0.14pre1)
  stash_model :	1
  stash_item :	201
  _FillValue :	-1.073742e+09

Variable: v
Type: float
Total Size: 838874880 bytes
            209718720 values
Number of Dimensions: 4
Dimensions and sizes:	[time | 279] x [z1_p_level | 12] x [lat | 145] x [lon | 432]
Coordinates: 
            time: [12358..12636]
            z1_p_level: [1000..100]
            lat: [-40..40]
            lon: [ 0..359.1667]
Number Of Attributes: 9
  standard_name :	northward_wind
  long_name :	V COMPNT OF WIND ON P LEV/UV GRID
  missing_value :	-1.073742e+09
  stash_section :	30
  units :	m s-1
  lookup_source :	defaults (cdunifpp V0.14pre1)
  stash_model :	1
  stash_item :	202
  _FillValue :	-1.073742e+09
(0)	u contains missing values
(0)	u filled
(0)	v contains missing values
(0)	v filled
(0)	q contains missing values
(0)	q filled
(0)	w contains missing values
(0)	w filled
(0)	Calculating advection of moisture...
(0)	Calculating temporal tendency of moisture...

Variable: dq_dt
Type: float
Total Size: 838874880 bytes
            209718720 values
Number of Dimensions: 4
Dimensions and sizes:	[time | 279] x [z1_p_level | 12] x [lat | 145] x [lon | 432]
Coordinates: 
            time: [12358..12636]
            z1_p_level: [1000..100]
            lat: [-40..40]
            lon: [ 0..359.1667]
Number Of Attributes: 3
  units :	kg/kg s**-1
  long_name :	Temporal tendency of moisture
  _FillValue :	-1.073742e+09
(0)	Temporal tendency of moisture (kg/kg s**-1) : min=-1.79678e-07   max=1.89011e-07
(0)	Calculating convergence of moisture...
(0)	Calculating moisture loss (gain) due to the condensational heating
(0)	Calculating horizontal convergence of moisture flux...

Variable: fo_q
Type: float
Total Size: 63638784 bytes
            15909696 values
Number of Dimensions: 4
Dimensions and sizes:	[time | 279] x [z1_p_level | 12] x [lat | 33] x [lon | 144]
Coordinates: 
            time: [12358..12636]
            z1_p_level: [1000..100]
            lat: [ -40..  40]
            lon: [   0..357.5]
Number Of Attributes: 9
  missing_value :	-1.073742e+09
  _FillValue :	-1.073742e+09
  stash_item :	205
  stash_model :	1
  lookup_source :	defaults (cdunifpp V0.14pre1)
  units :	kg/kg
  stash_section :	30
  long_name :	SPECIFIC HUMIDITY ON P LEV/UV GRID
  standard_name :	specific_humidity

Variable: fo_dq_dt
Type: float
Total Size: 63638784 bytes
            15909696 values
Number of Dimensions: 4
Dimensions and sizes:	[time | 279] x [z1_p_level | 12] x [lat | 33] x [lon | 144]
Coordinates: 
            time: [12358..12636]
            z1_p_level: [1000..100]
            lat: [ -40..  40]
            lon: [   0..357.5]
Number Of Attributes: 3
  _FillValue :	-1.073742e+09
  long_name :	Temporal tendency of moisture
  units :	kg/kg s**-1
(0)	Writing output files...
20031230 e01
 Copyright (C) 1995-2019 - All Rights Reserved
 University Corporation for Atmospheric Research
 NCAR Command Language Version 6.6.2
 The use of this software is governed by a License Agreement.
 See http://www.ncl.ucar.edu/ for more details.
(0)	Script started at: Mon Aug 24 18:55:37 AEST 2026
(0)	short2flt: input variable is already type float: SPECIFIC HUMIDITY ON P LEV/UV GRID
(0)	short2flt: no conversion performed
(0)	short2flt: input variable is already type float: U COMPNT OF WIND ON P LEV/UV GRID
(0)	short2flt: no conversion performed
(0)	short2flt: input variable is already type float: V COMPNT OF WIND ON P LEV/UV GRID
(0)	short2flt: no conversion performed
(0)	short2flt: input variable is already type float: W COMPNT OF WIND ON P LEV/UV GRID
(0)	short2flt: no conversion performed
(0)	Reading variables...

Variable: q
Type: float
Total Size: 838874880 bytes
            209718720 values
Number of Dimensions: 4
Dimensions and sizes:	[time | 279] x [z1_p_level | 12] x [lat | 145] x [lon | 432]
Coordinates: 
            time: [12417..12695]
            z1_p_level: [1000..100]
            lat: [-40..40]
            lon: [ 0..359.1667]
Number Of Attributes: 9
  standard_name :	specific_humidity
  long_name :	SPECIFIC HUMIDITY ON P LEV/UV GRID
  missing_value :	-1.073742e+09
  stash_section :	30
  units :	1
  lookup_source :	defaults (cdunifpp V0.14pre1)
  stash_model :	1
  stash_item :	205
  _FillValue :	-1.073742e+09

Variable: u
Type: float
Total Size: 838874880 bytes
            209718720 values
Number of Dimensions: 4
Dimensions and sizes:	[time | 279] x [z1_p_level | 12] x [lat | 145] x [lon | 432]
Coordinates: 
            time: [12417..12695]
            z1_p_level: [1000..100]
            lat: [-40..40]
            lon: [ 0..359.1667]
Number Of Attributes: 9
  standard_name :	eastward_wind
  long_name :	U COMPNT OF WIND ON P LEV/UV GRID
  missing_value :	-1.073742e+09
  stash_section :	30
  units :	m s-1
  lookup_source :	defaults (cdunifpp V0.14pre1)
  stash_model :	1
  stash_item :	201
  _FillValue :	-1.073742e+09

Variable: v
Type: float
Total Size: 838874880 bytes
            209718720 values
Number of Dimensions: 4
Dimensions and sizes:	[time | 279] x [z1_p_level | 12] x [lat | 145] x [lon | 432]
Coordinates: 
            time: [12417..12695]
            z1_p_level: [1000..100]
            lat: [-40..40]
            lon: [ 0..359.1667]
Number Of Attributes: 9
  standard_name :	northward_wind
  long_name :	V COMPNT OF WIND ON P LEV/UV GRID
  missing_value :	-1.073742e+09
  stash_section :	30
  units :	m s-1
  lookup_source :	defaults (cdunifpp V0.14pre1)
  stash_model :	1
  stash_item :	202
  _FillValue :	-1.073742e+09
(0)	u contains missing values
(0)	u filled
(0)	v contains missing values
(0)	v filled
(0)	q contains missing values
(0)	q filled
(0)	w contains missing values
(0)	w filled
(0)	Calculating advection of moisture...
(0)	Calculating temporal tendency of moisture...

Variable: dq_dt
Type: float
Total Size: 838874880 bytes
            209718720 values
Number of Dimensions: 4
Dimensions and sizes:	[time | 279] x [z1_p_level | 12] x [lat | 145] x [lon | 432]
Coordinates: 
            time: [12417..12695]
            z1_p_level: [1000..100]
            lat: [-40..40]
            lon: [ 0..359.1667]
Number Of Attributes: 3
  units :	kg/kg s**-1
  long_name :	Temporal tendency of moisture
  _FillValue :	-1.073742e+09
(0)	Temporal tendency of moisture (kg/kg s**-1) : min=-1.75961e-07   max=1.7533e-07
(0)	Calculating convergence of moisture...
(0)	Calculating moisture loss (gain) due to the condensational heating
(0)	Calculating horizontal convergence of moisture flux...

Variable: fo_q
Type: float
Total Size: 63638784 bytes
            15909696 values
Number of Dimensions: 4
Dimensions and sizes:	[time | 279] x [z1_p_level | 12] x [lat | 33] x [lon | 144]
Coordinates: 
            time: [12417..12695]
            z1_p_level: [1000..100]
            lat: [ -40..  40]
            lon: [   0..357.5]
Number Of Attributes: 9
  missing_value :	-1.073742e+09
  _FillValue :	-1.073742e+09
  stash_item :	205
  stash_model :	1
  lookup_source :	defaults (cdunifpp V0.14pre1)
  units :	kg/kg
  stash_section :	30
  long_name :	SPECIFIC HUMIDITY ON P LEV/UV GRID
  standard_name :	specific_humidity

Variable: fo_dq_dt
Type: float
Total Size: 63638784 bytes
            15909696 values
Number of Dimensions: 4
Dimensions and sizes:	[time | 279] x [z1_p_level | 12] x [lat | 33] x [lon | 144]
Coordinates: 
            time: [12417..12695]
            z1_p_level: [1000..100]
            lat: [ -40..  40]
            lon: [   0..357.5]
Number Of Attributes: 3
  _FillValue :	-1.073742e+09
  long_name :	Temporal tendency of moisture
  units :	kg/kg s**-1
(0)	Writing output files...
20040131 e01
 Copyright (C) 1995-2019 - All Rights Reserved
 University Corporation for Atmospheric Research
 NCAR Command Language Version 6.6.2
 The use of this software is governed by a License Agreement.
 See http://www.ncl.ucar.edu/ for more details.
(0)	Script started at: Mon Aug 24 18:55:54 AEST 2026
(0)	short2flt: input variable is already type float: SPECIFIC HUMIDITY ON P LEV/UV GRID
(0)	short2flt: no conversion performed
(0)	short2flt: input variable is already type float: U COMPNT OF WIND ON P LEV/UV GRID
(0)	short2flt: no conversion performed
(0)	short2flt: input variable is already type float: V COMPNT OF WIND ON P LEV/UV GRID
(0)	short2flt: no conversion performed
(0)	short2flt: input variable is already type float: W COMPNT OF WIND ON P LEV/UV GRID
(0)	short2flt: no conversion performed
(0)	Reading variables...

Variable: q
Type: float
Total Size: 838874880 bytes
            209718720 values
Number of Dimensions: 4
Dimensions and sizes:	[time | 279] x [z1_p_level | 12] x [lat | 145] x [lon | 432]
Coordinates: 
            time: [12449..12727]
            z1_p_level: [1000..100]
            lat: [-40..40]
            lon: [ 0..359.1667]
Number Of Attributes: 9
  standard_name :	specific_humidity
  long_name :	SPECIFIC HUMIDITY ON P LEV/UV GRID
  missing_value :	-1.073742e+09
  stash_section :	30
  units :	1
  lookup_source :	defaults (cdunifpp V0.14pre1)
  stash_model :	1
  stash_item :	205
  _FillValue :	-1.073742e+09

Variable: u
Type: float
Total Size: 838874880 bytes
            209718720 values
Number of Dimensions: 4
Dimensions and sizes:	[time | 279] x [z1_p_level | 12] x [lat | 145] x [lon | 432]
Coordinates: 
            time: [12449..12727]
            z1_p_level: [1000..100]
            lat: [-40..40]
            lon: [ 0..359.1667]
Number Of Attributes: 9
  standard_name :	eastward_wind
  long_name :	U COMPNT OF WIND ON P LEV/UV GRID
  missing_value :	-1.073742e+09
  stash_section :	30
  units :	m s-1
  lookup_source :	defaults (cdunifpp V0.14pre1)
  stash_model :	1
  stash_item :	201
  _FillValue :	-1.073742e+09

Variable: v
Type: float
Total Size: 838874880 bytes
            209718720 values
Number of Dimensions: 4
Dimensions and sizes:	[time | 279] x [z1_p_level | 12] x [lat | 145] x [lon | 432]
Coordinates: 
            time: [12449..12727]
            z1_p_level: [1000..100]
            lat: [-40..40]
            lon: [ 0..359.1667]
Number Of Attributes: 9
  standard_name :	northward_wind
  long_name :	V COMPNT OF WIND ON P LEV/UV GRID
  missing_value :	-1.073742e+09
  stash_section :	30
  units :	m s-1
  lookup_source :	defaults (cdunifpp V0.14pre1)
  stash_model :	1
  stash_item :	202
  _FillValue :	-1.073742e+09
(0)	u contains missing values
(0)	u filled
(0)	v contains missing values
(0)	v filled
(0)	q contains missing values
(0)	q filled
(0)	w contains missing values
(0)	w filled
(0)	Calculating advection of moisture...
(0)	Calculating temporal tendency of moisture...

Variable: dq_dt
Type: float
Total Size: 838874880 bytes
            209718720 values
Number of Dimensions: 4
Dimensions and sizes:	[time | 279] x [z1_p_level | 12] x [lat | 145] x [lon | 432]
Coordinates: 
            time: [12449..12727]
            z1_p_level: [1000..100]
            lat: [-40..40]
            lon: [ 0..359.1667]
Number Of Attributes: 3
  units :	kg/kg s**-1
  long_name :	Temporal tendency of moisture
  _FillValue :	-1.073742e+09
(0)	Temporal tendency of moisture (kg/kg s**-1) : min=-1.85458e-07   max=1.75101e-07
(0)	Calculating convergence of moisture...
(0)	Calculating moisture loss (gain) due to the condensational heating
(0)	Calculating horizontal convergence of moisture flux...

Variable: fo_q
Type: float
Total Size: 63638784 bytes
            15909696 values
Number of Dimensions: 4
Dimensions and sizes:	[time | 279] x [z1_p_level | 12] x [lat | 33] x [lon | 144]
Coordinates: 
            time: [12449..12727]
            z1_p_level: [1000..100]
            lat: [ -40..  40]
            lon: [   0..357.5]
Number Of Attributes: 9
  missing_value :	-1.073742e+09
  _FillValue :	-1.073742e+09
  stash_item :	205
  stash_model :	1
  lookup_source :	defaults (cdunifpp V0.14pre1)
  units :	kg/kg
  stash_section :	30
  long_name :	SPECIFIC HUMIDITY ON P LEV/UV GRID
  standard_name :	specific_humidity

Variable: fo_dq_dt
Type: float
Total Size: 63638784 bytes
            15909696 values
Number of Dimensions: 4
Dimensions and sizes:	[time | 279] x [z1_p_level | 12] x [lat | 33] x [lon | 144]
Coordinates: 
            time: [12449..12727]
            z1_p_level: [1000..100]
            lat: [ -40..  40]
            lon: [   0..357.5]
Number Of Attributes: 3
  _FillValue :	-1.073742e+09
  long_name :	Temporal tendency of moisture
  units :	kg/kg s**-1
(0)	Writing output files...
20040101 e01
 Copyright (C) 1995-2019 - All Rights Reserved
 University Corporation for Atmospheric Research
 NCAR Command Language Version 6.6.2
 The use of this software is governed by a License Agreement.
 See http://www.ncl.ucar.edu/ for more details.
(0)	Script started at: Mon Aug 24 18:55:45 AEST 2026
(0)	short2flt: input variable is already type float: SPECIFIC HUMIDITY ON P LEV/UV GRID
(0)	short2flt: no conversion performed
(0)	short2flt: input variable is already type float: U COMPNT OF WIND ON P LEV/UV GRID
(0)	short2flt: no conversion performed
(0)	short2flt: input variable is already type float: V COMPNT OF WIND ON P LEV/UV GRID
(0)	short2flt: no conversion performed
(0)	short2flt: input variable is already type float: W COMPNT OF WIND ON P LEV/UV GRID
(0)	short2flt: no conversion performed
(0)	Reading variables...

Variable: q
Type: float
Total Size: 838874880 bytes
            209718720 values
Number of Dimensions: 4
Dimensions and sizes:	[time | 279] x [z1_p_level | 12] x [lat | 145] x [lon | 432]
Coordinates: 
            time: [12419..12697]
            z1_p_level: [1000..100]
            lat: [-40..40]
            lon: [ 0..359.1667]
Number Of Attributes: 9
  standard_name :	specific_humidity
  long_name :	SPECIFIC HUMIDITY ON P LEV/UV GRID
  missing_value :	-1.073742e+09
  stash_section :	30
  units :	1
  lookup_source :	defaults (cdunifpp V0.14pre1)
  stash_model :	1
  stash_item :	205
  _FillValue :	-1.073742e+09

Variable: u
Type: float
Total Size: 838874880 bytes
            209718720 values
Number of Dimensions: 4
Dimensions and sizes:	[time | 279] x [z1_p_level | 12] x [lat | 145] x [lon | 432]
Coordinates: 
            time: [12419..12697]
            z1_p_level: [1000..100]
            lat: [-40..40]
            lon: [ 0..359.1667]
Number Of Attributes: 9
  standard_name :	eastward_wind
  long_name :	U COMPNT OF WIND ON P LEV/UV GRID
  missing_value :	-1.073742e+09
  stash_section :	30
  units :	m s-1
  lookup_source :	defaults (cdunifpp V0.14pre1)
  stash_model :	1
  stash_item :	201
  _FillValue :	-1.073742e+09

Variable: v
Type: float
Total Size: 838874880 bytes
            209718720 values
Number of Dimensions: 4
Dimensions and sizes:	[time | 279] x [z1_p_level | 12] x [lat | 145] x [lon | 432]
Coordinates: 
            time: [12419..12697]
            z1_p_level: [1000..100]
            lat: [-40..40]
            lon: [ 0..359.1667]
Number Of Attributes: 9
  standard_name :	northward_wind
  long_name :	V COMPNT OF WIND ON P LEV/UV GRID
  missing_value :	-1.073742e+09
  stash_section :	30
  units :	m s-1
  lookup_source :	defaults (cdunifpp V0.14pre1)
  stash_model :	1
  stash_item :	202
  _FillValue :	-1.073742e+09
(0)	u contains missing values
(0)	u filled
(0)	v contains missing values
(0)	v filled
(0)	q contains missing values
(0)	q filled
(0)	w contains missing values
(0)	w filled
(0)	Calculating advection of moisture...
(0)	Calculating temporal tendency of moisture...

Variable: dq_dt
Type: float
Total Size: 838874880 bytes
            209718720 values
Number of Dimensions: 4
Dimensions and sizes:	[time | 279] x [z1_p_level | 12] x [lat | 145] x [lon | 432]
Coordinates: 
            time: [12419..12697]
            z1_p_level: [1000..100]
            lat: [-40..40]
            lon: [ 0..359.1667]
Number Of Attributes: 3
  units :	kg/kg s**-1
  long_name :	Temporal tendency of moisture
  _FillValue :	-1.073742e+09
(0)	Temporal tendency of moisture (kg/kg s**-1) : min=-1.7939e-07   max=1.84573e-07
(0)	Calculating convergence of moisture...
(0)	Calculating moisture loss (gain) due to the condensational heating
(0)	Calculating horizontal convergence of moisture flux...

Variable: fo_q
Type: float
Total Size: 63638784 bytes
            15909696 values
Number of Dimensions: 4
Dimensions and sizes:	[time | 279] x [z1_p_level | 12] x [lat | 33] x [lon | 144]
Coordinates: 
            time: [12419..12697]
            z1_p_level: [1000..100]
            lat: [ -40..  40]
            lon: [   0..357.5]
Number Of Attributes: 9
  missing_value :	-1.073742e+09
  _FillValue :	-1.073742e+09
  stash_item :	205
  stash_model :	1
  lookup_source :	defaults (cdunifpp V0.14pre1)
  units :	kg/kg
  stash_section :	30
  long_name :	SPECIFIC HUMIDITY ON P LEV/UV GRID
  standard_name :	specific_humidity

Variable: fo_dq_dt
Type: float
Total Size: 63638784 bytes
            15909696 values
Number of Dimensions: 4
Dimensions and sizes:	[time | 279] x [z1_p_level | 12] x [lat | 33] x [lon | 144]
Coordinates: 
            time: [12419..12697]
            z1_p_level: [1000..100]
            lat: [ -40..  40]
            lon: [   0..357.5]
Number Of Attributes: 3
  _FillValue :	-1.073742e+09
  long_name :	Temporal tendency of moisture
  units :	kg/kg s**-1
(0)	Writing output files...
20040130 e01
 Copyright (C) 1995-2019 - All Rights Reserved
 University Corporation for Atmospheric Research
 NCAR Command Language Version 6.6.2
 The use of this software is governed by a License Agreement.
 See http://www.ncl.ucar.edu/ for more details.
(0)	Script started at: Mon Aug 24 18:55:50 AEST 2026
(0)	short2flt: input variable is already type float: SPECIFIC HUMIDITY ON P LEV/UV GRID
(0)	short2flt: no conversion performed
(0)	short2flt: input variable is already type float: U COMPNT OF WIND ON P LEV/UV GRID
(0)	short2flt: no conversion performed
(0)	short2flt: input variable is already type float: V COMPNT OF WIND ON P LEV/UV GRID
(0)	short2flt: no conversion performed
(0)	short2flt: input variable is already type float: W COMPNT OF WIND ON P LEV/UV GRID
(0)	short2flt: no conversion performed
(0)	Reading variables...

Variable: q
Type: float
Total Size: 838874880 bytes
            209718720 values
Number of Dimensions: 4
Dimensions and sizes:	[time | 279] x [z1_p_level | 12] x [lat | 145] x [lon | 432]
Coordinates: 
            time: [12448..12726]
            z1_p_level: [1000..100]
            lat: [-40..40]
            lon: [ 0..359.1667]
Number Of Attributes: 9
  standard_name :	specific_humidity
  long_name :	SPECIFIC HUMIDITY ON P LEV/UV GRID
  missing_value :	-1.073742e+09
  stash_section :	30
  units :	1
  lookup_source :	defaults (cdunifpp V0.14pre1)
  stash_model :	1
  stash_item :	205
  _FillValue :	-1.073742e+09

Variable: u
Type: float
Total Size: 838874880 bytes
            209718720 values
Number of Dimensions: 4
Dimensions and sizes:	[time | 279] x [z1_p_level | 12] x [lat | 145] x [lon | 432]
Coordinates: 
            time: [12448..12726]
            z1_p_level: [1000..100]
            lat: [-40..40]
            lon: [ 0..359.1667]
Number Of Attributes: 9
  standard_name :	eastward_wind
  long_name :	U COMPNT OF WIND ON P LEV/UV GRID
  missing_value :	-1.073742e+09
  stash_section :	30
  units :	m s-1
  lookup_source :	defaults (cdunifpp V0.14pre1)
  stash_model :	1
  stash_item :	201
  _FillValue :	-1.073742e+09

Variable: v
Type: float
Total Size: 838874880 bytes
            209718720 values
Number of Dimensions: 4
Dimensions and sizes:	[time | 279] x [z1_p_level | 12] x [lat | 145] x [lon | 432]
Coordinates: 
            time: [12448..12726]
            z1_p_level: [1000..100]
            lat: [-40..40]
            lon: [ 0..359.1667]
Number Of Attributes: 9
  standard_name :	northward_wind
  long_name :	V COMPNT OF WIND ON P LEV/UV GRID
  missing_value :	-1.073742e+09
  stash_section :	30
  units :	m s-1
  lookup_source :	defaults (cdunifpp V0.14pre1)
  stash_model :	1
  stash_item :	202
  _FillValue :	-1.073742e+09
(0)	u contains missing values
(0)	u filled
(0)	v contains missing values
(0)	v filled
(0)	q contains missing values
(0)	q filled
(0)	w contains missing values
(0)	w filled
(0)	Calculating advection of moisture...
(0)	Calculating temporal tendency of moisture...

Variable: dq_dt
Type: float
Total Size: 838874880 bytes
            209718720 values
Number of Dimensions: 4
Dimensions and sizes:	[time | 279] x [z1_p_level | 12] x [lat | 145] x [lon | 432]
Coordinates: 
            time: [12448..12726]
            z1_p_level: [1000..100]
            lat: [-40..40]
            lon: [ 0..359.1667]
Number Of Attributes: 3
  units :	kg/kg s**-1
  long_name :	Temporal tendency of moisture
  _FillValue :	-1.073742e+09
(0)	Temporal tendency of moisture (kg/kg s**-1) : min=-1.76785e-07   max=1.85791e-07
(0)	Calculating convergence of moisture...
(0)	Calculating moisture loss (gain) due to the condensational heating
(0)	Calculating horizontal convergence of moisture flux...

Variable: fo_q
Type: float
Total Size: 63638784 bytes
            15909696 values
Number of Dimensions: 4
Dimensions and sizes:	[time | 279] x [z1_p_level | 12] x [lat | 33] x [lon | 144]
Coordinates: 
            time: [12448..12726]
            z1_p_level: [1000..100]
            lat: [ -40..  40]
            lon: [   0..357.5]
Number Of Attributes: 9
  missing_value :	-1.073742e+09
  _FillValue :	-1.073742e+09
  stash_item :	205
  stash_model :	1
  lookup_source :	defaults (cdunifpp V0.14pre1)
  units :	kg/kg
  stash_section :	30
  long_name :	SPECIFIC HUMIDITY ON P LEV/UV GRID
  standard_name :	specific_humidity

Variable: fo_dq_dt
Type: float
Total Size: 63638784 bytes
            15909696 values
Number of Dimensions: 4
Dimensions and sizes:	[time | 279] x [z1_p_level | 12] x [lat | 33] x [lon | 144]
Coordinates: 
            time: [12448..12726]
            z1_p_level: [1000..100]
            lat: [ -40..  40]
            lon: [   0..357.5]
Number Of Attributes: 3
  _FillValue :	-1.073742e+09
  long_name :	Temporal tendency of moisture
  units :	kg/kg s**-1
(0)	Writing output files...
20031231 e01
 Copyright (C) 1995-2019 - All Rights Reserved
 University Corporation for Atmospheric Research
 NCAR Command Language Version 6.6.2
 The use of this software is governed by a License Agreement.
 See http://www.ncl.ucar.edu/ for more details.
(0)	Script started at: Mon Aug 24 18:55:40 AEST 2026
(0)	short2flt: input variable is already type float: SPECIFIC HUMIDITY ON P LEV/UV GRID
(0)	short2flt: no conversion performed
(0)	short2flt: input variable is already type float: U COMPNT OF WIND ON P LEV/UV GRID
(0)	short2flt: no conversion performed
(0)	short2flt: input variable is already type float: V COMPNT OF WIND ON P LEV/UV GRID
(0)	short2flt: no conversion performed
(0)	short2flt: input variable is already type float: W COMPNT OF WIND ON P LEV/UV GRID
(0)	short2flt: no conversion performed
(0)	Reading variables...

Variable: q
Type: float
Total Size: 838874880 bytes
            209718720 values
Number of Dimensions: 4
Dimensions and sizes:	[time | 279] x [z1_p_level | 12] x [lat | 145] x [lon | 432]
Coordinates: 
            time: [12418..12696]
            z1_p_level: [1000..100]
            lat: [-40..40]
            lon: [ 0..359.1667]
Number Of Attributes: 9
  standard_name :	specific_humidity
  long_name :	SPECIFIC HUMIDITY ON P LEV/UV GRID
  missing_value :	-1.073742e+09
  stash_section :	30
  units :	1
  lookup_source :	defaults (cdunifpp V0.14pre1)
  stash_model :	1
  stash_item :	205
  _FillValue :	-1.073742e+09

Variable: u
Type: float
Total Size: 838874880 bytes
            209718720 values
Number of Dimensions: 4
Dimensions and sizes:	[time | 279] x [z1_p_level | 12] x [lat | 145] x [lon | 432]
Coordinates: 
            time: [12418..12696]
            z1_p_level: [1000..100]
            lat: [-40..40]
            lon: [ 0..359.1667]
Number Of Attributes: 9
  standard_name :	eastward_wind
  long_name :	U COMPNT OF WIND ON P LEV/UV GRID
  missing_value :	-1.073742e+09
  stash_section :	30
  units :	m s-1
  lookup_source :	defaults (cdunifpp V0.14pre1)
  stash_model :	1
  stash_item :	201
  _FillValue :	-1.073742e+09

Variable: v
Type: float
Total Size: 838874880 bytes
            209718720 values
Number of Dimensions: 4
Dimensions and sizes:	[time | 279] x [z1_p_level | 12] x [lat | 145] x [lon | 432]
Coordinates: 
            time: [12418..12696]
            z1_p_level: [1000..100]
            lat: [-40..40]
            lon: [ 0..359.1667]
Number Of Attributes: 9
  standard_name :	northward_wind
  long_name :	V COMPNT OF WIND ON P LEV/UV GRID
  missing_value :	-1.073742e+09
  stash_section :	30
  units :	m s-1
  lookup_source :	defaults (cdunifpp V0.14pre1)
  stash_model :	1
  stash_item :	202
  _FillValue :	-1.073742e+09
(0)	u contains missing values
(0)	u filled
(0)	v contains missing values
(0)	v filled
(0)	q contains missing values
(0)	q filled
(0)	w contains missing values
(0)	w filled
(0)	Calculating advection of moisture...
(0)	Calculating temporal tendency of moisture...

Variable: dq_dt
Type: float
Total Size: 838874880 bytes
            209718720 values
Number of Dimensions: 4
Dimensions and sizes:	[time | 279] x [z1_p_level | 12] x [lat | 145] x [lon | 432]
Coordinates: 
            time: [12418..12696]
            z1_p_level: [1000..100]
            lat: [-40..40]
            lon: [ 0..359.1667]
Number Of Attributes: 3
  units :	kg/kg s**-1
  long_name :	Temporal tendency of moisture
  _FillValue :	-1.073742e+09
(0)	Temporal tendency of moisture (kg/kg s**-1) : min=-1.81036e-07   max=1.80455e-07
(0)	Calculating convergence of moisture...
(0)	Calculating moisture loss (gain) due to the condensational heating
(0)	Calculating horizontal convergence of moisture flux...

Variable: fo_q
Type: float
Total Size: 63638784 bytes
            15909696 values
Number of Dimensions: 4
Dimensions and sizes:	[time | 279] x [z1_p_level | 12] x [lat | 33] x [lon | 144]
Coordinates: 
            time: [12418..12696]
            z1_p_level: [1000..100]
            lat: [ -40..  40]
            lon: [   0..357.5]
Number Of Attributes: 9
  missing_value :	-1.073742e+09
  _FillValue :	-1.073742e+09
  stash_item :	205
  stash_model :	1
  lookup_source :	defaults (cdunifpp V0.14pre1)
  units :	kg/kg
  stash_section :	30
  long_name :	SPECIFIC HUMIDITY ON P LEV/UV GRID
  standard_name :	specific_humidity

Variable: fo_dq_dt
Type: float
Total Size: 63638784 bytes
            15909696 values
Number of Dimensions: 4
Dimensions and sizes:	[time | 279] x [z1_p_level | 12] x [lat | 33] x [lon | 144]
Coordinates: 
            time: [12418..12696]
            z1_p_level: [1000..100]
            lat: [ -40..  40]
            lon: [   0..357.5]
Number Of Attributes: 3
  _FillValue :	-1.073742e+09
  long_name :	Temporal tendency of moisture
  units :	kg/kg s**-1
(0)	Writing output files...
20040301 e01
 Copyright (C) 1995-2019 - All Rights Reserved
 University Corporation for Atmospheric Research
 NCAR Command Language Version 6.6.2
 The use of this software is governed by a License Agreement.
 See http://www.ncl.ucar.edu/ for more details.
(0)	Script started at: Mon Aug 24 19:09:22 AEST 2026
(0)	short2flt: input variable is already type float: SPECIFIC HUMIDITY ON P LEV/UV GRID
(0)	short2flt: no conversion performed
(0)	short2flt: input variable is already type float: U COMPNT OF WIND ON P LEV/UV GRID
(0)	short2flt: no conversion performed
(0)	short2flt: input variable is already type float: V COMPNT OF WIND ON P LEV/UV GRID
(0)	short2flt: no conversion performed
(0)	short2flt: input variable is already type float: W COMPNT OF WIND ON P LEV/UV GRID
(0)	short2flt: no conversion performed
(0)	Reading variables...

Variable: q
Type: float
Total Size: 838874880 bytes
            209718720 values
Number of Dimensions: 4
Dimensions and sizes:	[time | 279] x [z1_p_level | 12] x [lat | 145] x [lon | 432]
Coordinates: 
            time: [12479..12757]
            z1_p_level: [1000..100]
            lat: [-40..40]
            lon: [ 0..359.1667]
Number Of Attributes: 9
  standard_name :	specific_humidity
  long_name :	SPECIFIC HUMIDITY ON P LEV/UV GRID
  missing_value :	-1.073742e+09
  stash_section :	30
  units :	1
  lookup_source :	defaults (cdunifpp V0.14pre1)
  stash_model :	1
  stash_item :	205
  _FillValue :	-1.073742e+09

Variable: u
Type: float
Total Size: 838874880 bytes
            209718720 values
Number of Dimensions: 4
Dimensions and sizes:	[time | 279] x [z1_p_level | 12] x [lat | 145] x [lon | 432]
Coordinates: 
            time: [12479..12757]
            z1_p_level: [1000..100]
            lat: [-40..40]
            lon: [ 0..359.1667]
Number Of Attributes: 9
  standard_name :	eastward_wind
  long_name :	U COMPNT OF WIND ON P LEV/UV GRID
  missing_value :	-1.073742e+09
  stash_section :	30
  units :	m s-1
  lookup_source :	defaults (cdunifpp V0.14pre1)
  stash_model :	1
  stash_item :	201
  _FillValue :	-1.073742e+09

Variable: v
Type: float
Total Size: 838874880 bytes
            209718720 values
Number of Dimensions: 4
Dimensions and sizes:	[time | 279] x [z1_p_level | 12] x [lat | 145] x [lon | 432]
Coordinates: 
            time: [12479..12757]
            z1_p_level: [1000..100]
            lat: [-40..40]
            lon: [ 0..359.1667]
Number Of Attributes: 9
  standard_name :	northward_wind
  long_name :	V COMPNT OF WIND ON P LEV/UV GRID
  missing_value :	-1.073742e+09
  stash_section :	30
  units :	m s-1
  lookup_source :	defaults (cdunifpp V0.14pre1)
  stash_model :	1
  stash_item :	202
  _FillValue :	-1.073742e+09
(0)	u contains missing values
(0)	u filled
(0)	v contains missing values
(0)	v filled
(0)	q contains missing values
(0)	q filled
(0)	w contains missing values
(0)	w filled
(0)	Calculating advection of moisture...
(0)	Calculating temporal tendency of moisture...

Variable: dq_dt
Type: float
Total Size: 838874880 bytes
            209718720 values
Number of Dimensions: 4
Dimensions and sizes:	[time | 279] x [z1_p_level | 12] x [lat | 145] x [lon | 432]
Coordinates: 
            time: [12479..12757]
            z1_p_level: [1000..100]
            lat: [-40..40]
            lon: [ 0..359.1667]
Number Of Attributes: 3
  units :	kg/kg s**-1
  long_name :	Temporal tendency of moisture
  _FillValue :	-1.073742e+09
(0)	Temporal tendency of moisture (kg/kg s**-1) : min=-1.78565e-07   max=1.94702e-07
(0)	Calculating convergence of moisture...
(0)	Calculating moisture loss (gain) due to the condensational heating
(0)	Calculating horizontal convergence of moisture flux...

Variable: fo_q
Type: float
Total Size: 63638784 bytes
            15909696 values
Number of Dimensions: 4
Dimensions and sizes:	[time | 279] x [z1_p_level | 12] x [lat | 33] x [lon | 144]
Coordinates: 
            time: [12479..12757]
            z1_p_level: [1000..100]
            lat: [ -40..  40]
            lon: [   0..357.5]
Number Of Attributes: 9
  missing_value :	-1.073742e+09
  _FillValue :	-1.073742e+09
  stash_item :	205
  stash_model :	1
  lookup_source :	defaults (cdunifpp V0.14pre1)
  units :	kg/kg
  stash_section :	30
  long_name :	SPECIFIC HUMIDITY ON P LEV/UV GRID
  standard_name :	specific_humidity

Variable: fo_dq_dt
Type: float
Total Size: 63638784 bytes
            15909696 values
Number of Dimensions: 4
Dimensions and sizes:	[time | 279] x [z1_p_level | 12] x [lat | 33] x [lon | 144]
Coordinates: 
            time: [12479..12757]
            z1_p_level: [1000..100]
            lat: [ -40..  40]
            lon: [   0..357.5]
Number Of Attributes: 3
  _FillValue :	-1.073742e+09
  long_name :	Temporal tendency of moisture
  units :	kg/kg s**-1
(0)	Writing output files...
20040229 e01
 Copyright (C) 1995-2019 - All Rights Reserved
 University Corporation for Atmospheric Research
 NCAR Command Language Version 6.6.2
 The use of this software is governed by a License Agreement.
 See http://www.ncl.ucar.edu/ for more details.
(0)	Script started at: Mon Aug 24 19:09:16 AEST 2026
(0)	short2flt: input variable is already type float: SPECIFIC HUMIDITY ON P LEV/UV GRID
(0)	short2flt: no conversion performed
(0)	short2flt: input variable is already type float: U COMPNT OF WIND ON P LEV/UV GRID
(0)	short2flt: no conversion performed
(0)	short2flt: input variable is already type float: V COMPNT OF WIND ON P LEV/UV GRID
(0)	short2flt: no conversion performed
(0)	short2flt: input variable is already type float: W COMPNT OF WIND ON P LEV/UV GRID
(0)	short2flt: no conversion performed
(0)	Reading variables...

Variable: q
Type: float
Total Size: 838874880 bytes
            209718720 values
Number of Dimensions: 4
Dimensions and sizes:	[time | 279] x [z1_p_level | 12] x [lat | 145] x [lon | 432]
Coordinates: 
            time: [12478..12756]
            z1_p_level: [1000..100]
            lat: [-40..40]
            lon: [ 0..359.1667]
Number Of Attributes: 9
  standard_name :	specific_humidity
  long_name :	SPECIFIC HUMIDITY ON P LEV/UV GRID
  missing_value :	-1.073742e+09
  stash_section :	30
  units :	1
  lookup_source :	defaults (cdunifpp V0.14pre1)
  stash_model :	1
  stash_item :	205
  _FillValue :	-1.073742e+09

Variable: u
Type: float
Total Size: 838874880 bytes
            209718720 values
Number of Dimensions: 4
Dimensions and sizes:	[time | 279] x [z1_p_level | 12] x [lat | 145] x [lon | 432]
Coordinates: 
            time: [12478..12756]
            z1_p_level: [1000..100]
            lat: [-40..40]
            lon: [ 0..359.1667]
Number Of Attributes: 9
  standard_name :	eastward_wind
  long_name :	U COMPNT OF WIND ON P LEV/UV GRID
  missing_value :	-1.073742e+09
  stash_section :	30
  units :	m s-1
  lookup_source :	defaults (cdunifpp V0.14pre1)
  stash_model :	1
  stash_item :	201
  _FillValue :	-1.073742e+09

Variable: v
Type: float
Total Size: 838874880 bytes
            209718720 values
Number of Dimensions: 4
Dimensions and sizes:	[time | 279] x [z1_p_level | 12] x [lat | 145] x [lon | 432]
Coordinates: 
            time: [12478..12756]
            z1_p_level: [1000..100]
            lat: [-40..40]
            lon: [ 0..359.1667]
Number Of Attributes: 9
  standard_name :	northward_wind
  long_name :	V COMPNT OF WIND ON P LEV/UV GRID
  missing_value :	-1.073742e+09
  stash_section :	30
  units :	m s-1
  lookup_source :	defaults (cdunifpp V0.14pre1)
  stash_model :	1
  stash_item :	202
  _FillValue :	-1.073742e+09
(0)	u contains missing values
(0)	u filled
(0)	v contains missing values
(0)	v filled
(0)	q contains missing values
(0)	q filled
(0)	w contains missing values
(0)	w filled
(0)	Calculating advection of moisture...
(0)	Calculating temporal tendency of moisture...

Variable: dq_dt
Type: float
Total Size: 838874880 bytes
            209718720 values
Number of Dimensions: 4
Dimensions and sizes:	[time | 279] x [z1_p_level | 12] x [lat | 145] x [lon | 432]
Coordinates: 
            time: [12478..12756]
            z1_p_level: [1000..100]
            lat: [-40..40]
            lon: [ 0..359.1667]
Number Of Attributes: 3
  units :	kg/kg s**-1
  long_name :	Temporal tendency of moisture
  _FillValue :	-1.073742e+09
(0)	Temporal tendency of moisture (kg/kg s**-1) : min=-1.88772e-07   max=1.93295e-07
(0)	Calculating convergence of moisture...
(0)	Calculating moisture loss (gain) due to the condensational heating
(0)	Calculating horizontal convergence of moisture flux...

Variable: fo_q
Type: float
Total Size: 63638784 bytes
            15909696 values
Number of Dimensions: 4
Dimensions and sizes:	[time | 279] x [z1_p_level | 12] x [lat | 33] x [lon | 144]
Coordinates: 
            time: [12478..12756]
            z1_p_level: [1000..100]
            lat: [ -40..  40]
            lon: [   0..357.5]
Number Of Attributes: 9
  missing_value :	-1.073742e+09
  _FillValue :	-1.073742e+09
  stash_item :	205
  stash_model :	1
  lookup_source :	defaults (cdunifpp V0.14pre1)
  units :	kg/kg
  stash_section :	30
  long_name :	SPECIFIC HUMIDITY ON P LEV/UV GRID
  standard_name :	specific_humidity

Variable: fo_dq_dt
Type: float
Total Size: 63638784 bytes
            15909696 values
Number of Dimensions: 4
Dimensions and sizes:	[time | 279] x [z1_p_level | 12] x [lat | 33] x [lon | 144]
Coordinates: 
            time: [12478..12756]
            z1_p_level: [1000..100]
            lat: [ -40..  40]
            lon: [   0..357.5]
Number Of Attributes: 3
  _FillValue :	-1.073742e+09
  long_name :	Temporal tendency of moisture
  units :	kg/kg s**-1
(0)	Writing output files...
20040228 e01
 Copyright (C) 1995-2019 - All Rights Reserved
 University Corporation for Atmospheric Research
 NCAR Command Language Version 6.6.2
 The use of this software is governed by a License Agreement.
 See http://www.ncl.ucar.edu/ for more details.
(0)	Script started at: Mon Aug 24 19:09:08 AEST 2026
(0)	short2flt: input variable is already type float: SPECIFIC HUMIDITY ON P LEV/UV GRID
(0)	short2flt: no conversion performed
(0)	short2flt: input variable is already type float: U COMPNT OF WIND ON P LEV/UV GRID
(0)	short2flt: no conversion performed
(0)	short2flt: input variable is already type float: V COMPNT OF WIND ON P LEV/UV GRID
(0)	short2flt: no conversion performed
(0)	short2flt: input variable is already type float: W COMPNT OF WIND ON P LEV/UV GRID
(0)	short2flt: no conversion performed
(0)	Reading variables...

Variable: q
Type: float
Total Size: 838874880 bytes
            209718720 values
Number of Dimensions: 4
Dimensions and sizes:	[time | 279] x [z1_p_level | 12] x [lat | 145] x [lon | 432]
Coordinates: 
            time: [12477..12755]
            z1_p_level: [1000..100]
            lat: [-40..40]
            lon: [ 0..359.1667]
Number Of Attributes: 9
  standard_name :	specific_humidity
  long_name :	SPECIFIC HUMIDITY ON P LEV/UV GRID
  missing_value :	-1.073742e+09
  stash_section :	30
  units :	1
  lookup_source :	defaults (cdunifpp V0.14pre1)
  stash_model :	1
  stash_item :	205
  _FillValue :	-1.073742e+09

Variable: u
Type: float
Total Size: 838874880 bytes
            209718720 values
Number of Dimensions: 4
Dimensions and sizes:	[time | 279] x [z1_p_level | 12] x [lat | 145] x [lon | 432]
Coordinates: 
            time: [12477..12755]
            z1_p_level: [1000..100]
            lat: [-40..40]
            lon: [ 0..359.1667]
Number Of Attributes: 9
  standard_name :	eastward_wind
  long_name :	U COMPNT OF WIND ON P LEV/UV GRID
  missing_value :	-1.073742e+09
  stash_section :	30
  units :	m s-1
  lookup_source :	defaults (cdunifpp V0.14pre1)
  stash_model :	1
  stash_item :	201
  _FillValue :	-1.073742e+09

Variable: v
Type: float
Total Size: 838874880 bytes
            209718720 values
Number of Dimensions: 4
Dimensions and sizes:	[time | 279] x [z1_p_level | 12] x [lat | 145] x [lon | 432]
Coordinates: 
            time: [12477..12755]
            z1_p_level: [1000..100]
            lat: [-40..40]
            lon: [ 0..359.1667]
Number Of Attributes: 9
  standard_name :	northward_wind
  long_name :	V COMPNT OF WIND ON P LEV/UV GRID
  missing_value :	-1.073742e+09
  stash_section :	30
  units :	m s-1
  lookup_source :	defaults (cdunifpp V0.14pre1)
  stash_model :	1
  stash_item :	202
  _FillValue :	-1.073742e+09
(0)	u contains missing values
(0)	u filled
(0)	v contains missing values
(0)	v filled
(0)	q contains missing values
(0)	q filled
(0)	w contains missing values
(0)	w filled
(0)	Calculating advection of moisture...
(0)	Calculating temporal tendency of moisture...

Variable: dq_dt
Type: float
Total Size: 838874880 bytes
            209718720 values
Number of Dimensions: 4
Dimensions and sizes:	[time | 279] x [z1_p_level | 12] x [lat | 145] x [lon | 432]
Coordinates: 
            time: [12477..12755]
            z1_p_level: [1000..100]
            lat: [-40..40]
            lon: [ 0..359.1667]
Number Of Attributes: 3
  units :	kg/kg s**-1
  long_name :	Temporal tendency of moisture
  _FillValue :	-1.073742e+09
(0)	Temporal tendency of moisture (kg/kg s**-1) : min=-1.9136e-07   max=1.80885e-07
(0)	Calculating convergence of moisture...
(0)	Calculating moisture loss (gain) due to the condensational heating
(0)	Calculating horizontal convergence of moisture flux...

Variable: fo_q
Type: float
Total Size: 63638784 bytes
            15909696 values
Number of Dimensions: 4
Dimensions and sizes:	[time | 279] x [z1_p_level | 12] x [lat | 33] x [lon | 144]
Coordinates: 
            time: [12477..12755]
            z1_p_level: [1000..100]
            lat: [ -40..  40]
            lon: [   0..357.5]
Number Of Attributes: 9
  missing_value :	-1.073742e+09
  _FillValue :	-1.073742e+09
  stash_item :	205
  stash_model :	1
  lookup_source :	defaults (cdunifpp V0.14pre1)
  units :	kg/kg
  stash_section :	30
  long_name :	SPECIFIC HUMIDITY ON P LEV/UV GRID
  standard_name :	specific_humidity

Variable: fo_dq_dt
Type: float
Total Size: 63638784 bytes
            15909696 values
Number of Dimensions: 4
Dimensions and sizes:	[time | 279] x [z1_p_level | 12] x [lat | 33] x [lon | 144]
Coordinates: 
            time: [12477..12755]
            z1_p_level: [1000..100]
            lat: [ -40..  40]
            lon: [   0..357.5]
Number Of Attributes: 3
  _FillValue :	-1.073742e+09
  long_name :	Temporal tendency of moisture
  units :	kg/kg s**-1
(0)	Writing output files...
20040201 e01
 Copyright (C) 1995-2019 - All Rights Reserved
 University Corporation for Atmospheric Research
 NCAR Command Language Version 6.6.2
 The use of this software is governed by a License Agreement.
 See http://www.ncl.ucar.edu/ for more details.
(0)	Script started at: Mon Aug 24 19:09:07 AEST 2026
(0)	short2flt: input variable is already type float: SPECIFIC HUMIDITY ON P LEV/UV GRID
(0)	short2flt: no conversion performed
(0)	short2flt: input variable is already type float: U COMPNT OF WIND ON P LEV/UV GRID
(0)	short2flt: no conversion performed
(0)	short2flt: input variable is already type float: V COMPNT OF WIND ON P LEV/UV GRID
(0)	short2flt: no conversion performed
(0)	short2flt: input variable is already type float: W COMPNT OF WIND ON P LEV/UV GRID
(0)	short2flt: no conversion performed
(0)	Reading variables...

Variable: q
Type: float
Total Size: 838874880 bytes
            209718720 values
Number of Dimensions: 4
Dimensions and sizes:	[time | 279] x [z1_p_level | 12] x [lat | 145] x [lon | 432]
Coordinates: 
            time: [12450..12728]
            z1_p_level: [1000..100]
            lat: [-40..40]
            lon: [ 0..359.1667]
Number Of Attributes: 9
  standard_name :	specific_humidity
  long_name :	SPECIFIC HUMIDITY ON P LEV/UV GRID
  missing_value :	-1.073742e+09
  stash_section :	30
  units :	1
  lookup_source :	defaults (cdunifpp V0.14pre1)
  stash_model :	1
  stash_item :	205
  _FillValue :	-1.073742e+09

Variable: u
Type: float
Total Size: 838874880 bytes
            209718720 values
Number of Dimensions: 4
Dimensions and sizes:	[time | 279] x [z1_p_level | 12] x [lat | 145] x [lon | 432]
Coordinates: 
            time: [12450..12728]
            z1_p_level: [1000..100]
            lat: [-40..40]
            lon: [ 0..359.1667]
Number Of Attributes: 9
  standard_name :	eastward_wind
  long_name :	U COMPNT OF WIND ON P LEV/UV GRID
  missing_value :	-1.073742e+09
  stash_section :	30
  units :	m s-1
  lookup_source :	defaults (cdunifpp V0.14pre1)
  stash_model :	1
  stash_item :	201
  _FillValue :	-1.073742e+09

Variable: v
Type: float
Total Size: 838874880 bytes
            209718720 values
Number of Dimensions: 4
Dimensions and sizes:	[time | 279] x [z1_p_level | 12] x [lat | 145] x [lon | 432]
Coordinates: 
            time: [12450..12728]
            z1_p_level: [1000..100]
            lat: [-40..40]
            lon: [ 0..359.1667]
Number Of Attributes: 9
  standard_name :	northward_wind
  long_name :	V COMPNT OF WIND ON P LEV/UV GRID
  missing_value :	-1.073742e+09
  stash_section :	30
  units :	m s-1
  lookup_source :	defaults (cdunifpp V0.14pre1)
  stash_model :	1
  stash_item :	202
  _FillValue :	-1.073742e+09
(0)	u contains missing values
(0)	u filled
(0)	v contains missing values
(0)	v filled
(0)	q contains missing values
(0)	q filled
(0)	w contains missing values
(0)	w filled
(0)	Calculating advection of moisture...
(0)	Calculating temporal tendency of moisture...

Variable: dq_dt
Type: float
Total Size: 838874880 bytes
            209718720 values
Number of Dimensions: 4
Dimensions and sizes:	[time | 279] x [z1_p_level | 12] x [lat | 145] x [lon | 432]
Coordinates: 
            time: [12450..12728]
            z1_p_level: [1000..100]
            lat: [-40..40]
            lon: [ 0..359.1667]
Number Of Attributes: 3
  units :	kg/kg s**-1
  long_name :	Temporal tendency of moisture
  _FillValue :	-1.073742e+09
(0)	Temporal tendency of moisture (kg/kg s**-1) : min=-1.75777e-07   max=1.77395e-07
(0)	Calculating convergence of moisture...
(0)	Calculating moisture loss (gain) due to the condensational heating
(0)	Calculating horizontal convergence of moisture flux...

Variable: fo_q
Type: float
Total Size: 63638784 bytes
            15909696 values
Number of Dimensions: 4
Dimensions and sizes:	[time | 279] x [z1_p_level | 12] x [lat | 33] x [lon | 144]
Coordinates: 
            time: [12450..12728]
            z1_p_level: [1000..100]
            lat: [ -40..  40]
            lon: [   0..357.5]
Number Of Attributes: 9
  missing_value :	-1.073742e+09
  _FillValue :	-1.073742e+09
  stash_item :	205
  stash_model :	1
  lookup_source :	defaults (cdunifpp V0.14pre1)
  units :	kg/kg
  stash_section :	30
  long_name :	SPECIFIC HUMIDITY ON P LEV/UV GRID
  standard_name :	specific_humidity

Variable: fo_dq_dt
Type: float
Total Size: 63638784 bytes
            15909696 values
Number of Dimensions: 4
Dimensions and sizes:	[time | 279] x [z1_p_level | 12] x [lat | 33] x [lon | 144]
Coordinates: 
            time: [12450..12728]
            z1_p_level: [1000..100]
            lat: [ -40..  40]
            lon: [   0..357.5]
Number Of Attributes: 3
  _FillValue :	-1.073742e+09
  long_name :	Temporal tendency of moisture
  units :	kg/kg s**-1
(0)	Writing output files...
20040330 e01
 Copyright (C) 1995-2019 - All Rights Reserved
 University Corporation for Atmospheric Research
 NCAR Command Language Version 6.6.2
 The use of this software is governed by a License Agreement.
 See http://www.ncl.ucar.edu/ for more details.
(0)	Script started at: Mon Aug 24 19:09:26 AEST 2026
(0)	short2flt: input variable is already type float: SPECIFIC HUMIDITY ON P LEV/UV GRID
(0)	short2flt: no conversion performed
(0)	short2flt: input variable is already type float: U COMPNT OF WIND ON P LEV/UV GRID
(0)	short2flt: no conversion performed
(0)	short2flt: input variable is already type float: V COMPNT OF WIND ON P LEV/UV GRID
(0)	short2flt: no conversion performed
(0)	short2flt: input variable is already type float: W COMPNT OF WIND ON P LEV/UV GRID
(0)	short2flt: no conversion performed
(0)	Reading variables...

Variable: q
Type: float
Total Size: 838874880 bytes
            209718720 values
Number of Dimensions: 4
Dimensions and sizes:	[time | 279] x [z1_p_level | 12] x [lat | 145] x [lon | 432]
Coordinates: 
            time: [12508..12786]
            z1_p_level: [1000..100]
            lat: [-40..40]
            lon: [ 0..359.1667]
Number Of Attributes: 9
  standard_name :	specific_humidity
  long_name :	SPECIFIC HUMIDITY ON P LEV/UV GRID
  missing_value :	-1.073742e+09
  stash_section :	30
  units :	1
  lookup_source :	defaults (cdunifpp V0.14pre1)
  stash_model :	1
  stash_item :	205
  _FillValue :	-1.073742e+09

Variable: u
Type: float
Total Size: 838874880 bytes
            209718720 values
Number of Dimensions: 4
Dimensions and sizes:	[time | 279] x [z1_p_level | 12] x [lat | 145] x [lon | 432]
Coordinates: 
            time: [12508..12786]
            z1_p_level: [1000..100]
            lat: [-40..40]
            lon: [ 0..359.1667]
Number Of Attributes: 9
  standard_name :	eastward_wind
  long_name :	U COMPNT OF WIND ON P LEV/UV GRID
  missing_value :	-1.073742e+09
  stash_section :	30
  units :	m s-1
  lookup_source :	defaults (cdunifpp V0.14pre1)
  stash_model :	1
  stash_item :	201
  _FillValue :	-1.073742e+09

Variable: v
Type: float
Total Size: 838874880 bytes
            209718720 values
Number of Dimensions: 4
Dimensions and sizes:	[time | 279] x [z1_p_level | 12] x [lat | 145] x [lon | 432]
Coordinates: 
            time: [12508..12786]
            z1_p_level: [1000..100]
            lat: [-40..40]
            lon: [ 0..359.1667]
Number Of Attributes: 9
  standard_name :	northward_wind
  long_name :	V COMPNT OF WIND ON P LEV/UV GRID
  missing_value :	-1.073742e+09
  stash_section :	30
  units :	m s-1
  lookup_source :	defaults (cdunifpp V0.14pre1)
  stash_model :	1
  stash_item :	202
  _FillValue :	-1.073742e+09
(0)	u contains missing values
(0)	u filled
(0)	v contains missing values
(0)	v filled
(0)	q contains missing values
(0)	q filled
(0)	w contains missing values
(0)	w filled
(0)	Calculating advection of moisture...
(0)	Calculating temporal tendency of moisture...

Variable: dq_dt
Type: float
Total Size: 838874880 bytes
            209718720 values
Number of Dimensions: 4
Dimensions and sizes:	[time | 279] x [z1_p_level | 12] x [lat | 145] x [lon | 432]
Coordinates: 
            time: [12508..12786]
            z1_p_level: [1000..100]
            lat: [-40..40]
            lon: [ 0..359.1667]
Number Of Attributes: 3
  units :	kg/kg s**-1
  long_name :	Temporal tendency of moisture
  _FillValue :	-1.073742e+09
(0)	Temporal tendency of moisture (kg/kg s**-1) : min=-1.73087e-07   max=1.74359e-07
(0)	Calculating convergence of moisture...
(0)	Calculating moisture loss (gain) due to the condensational heating
(0)	Calculating horizontal convergence of moisture flux...

Variable: fo_q
Type: float
Total Size: 63638784 bytes
            15909696 values
Number of Dimensions: 4
Dimensions and sizes:	[time | 279] x [z1_p_level | 12] x [lat | 33] x [lon | 144]
Coordinates: 
            time: [12508..12786]
            z1_p_level: [1000..100]
            lat: [ -40..  40]
            lon: [   0..357.5]
Number Of Attributes: 9
  missing_value :	-1.073742e+09
  _FillValue :	-1.073742e+09
  stash_item :	205
  stash_model :	1
  lookup_source :	defaults (cdunifpp V0.14pre1)
  units :	kg/kg
  stash_section :	30
  long_name :	SPECIFIC HUMIDITY ON P LEV/UV GRID
  standard_name :	specific_humidity

Variable: fo_dq_dt
Type: float
Total Size: 63638784 bytes
            15909696 values
Number of Dimensions: 4
Dimensions and sizes:	[time | 279] x [z1_p_level | 12] x [lat | 33] x [lon | 144]
Coordinates: 
            time: [12508..12786]
            z1_p_level: [1000..100]
            lat: [ -40..  40]
            lon: [   0..357.5]
Number Of Attributes: 3
  _FillValue :	-1.073742e+09
  long_name :	Temporal tendency of moisture
  units :	kg/kg s**-1
(0)	Writing output files...
20040429 e01
 Copyright (C) 1995-2019 - All Rights Reserved
 University Corporation for Atmospheric Research
 NCAR Command Language Version 6.6.2
 The use of this software is governed by a License Agreement.
 See http://www.ncl.ucar.edu/ for more details.
(0)	Script started at: Mon Aug 24 19:20:10 AEST 2026
(0)	short2flt: input variable is already type float: SPECIFIC HUMIDITY ON P LEV/UV GRID
(0)	short2flt: no conversion performed
(0)	short2flt: input variable is already type float: U COMPNT OF WIND ON P LEV/UV GRID
(0)	short2flt: no conversion performed
(0)	short2flt: input variable is already type float: V COMPNT OF WIND ON P LEV/UV GRID
(0)	short2flt: no conversion performed
(0)	short2flt: input variable is already type float: W COMPNT OF WIND ON P LEV/UV GRID
(0)	short2flt: no conversion performed
(0)	Reading variables...

Variable: q
Type: float
Total Size: 838874880 bytes
            209718720 values
Number of Dimensions: 4
Dimensions and sizes:	[time | 279] x [z1_p_level | 12] x [lat | 145] x [lon | 432]
Coordinates: 
            time: [12538..12816]
            z1_p_level: [1000..100]
            lat: [-40..40]
            lon: [ 0..359.1667]
Number Of Attributes: 9
  standard_name :	specific_humidity
  long_name :	SPECIFIC HUMIDITY ON P LEV/UV GRID
  missing_value :	-1.073742e+09
  stash_section :	30
  units :	1
  lookup_source :	defaults (cdunifpp V0.14pre1)
  stash_model :	1
  stash_item :	205
  _FillValue :	-1.073742e+09

Variable: u
Type: float
Total Size: 838874880 bytes
            209718720 values
Number of Dimensions: 4
Dimensions and sizes:	[time | 279] x [z1_p_level | 12] x [lat | 145] x [lon | 432]
Coordinates: 
            time: [12538..12816]
            z1_p_level: [1000..100]
            lat: [-40..40]
            lon: [ 0..359.1667]
Number Of Attributes: 9
  standard_name :	eastward_wind
  long_name :	U COMPNT OF WIND ON P LEV/UV GRID
  missing_value :	-1.073742e+09
  stash_section :	30
  units :	m s-1
  lookup_source :	defaults (cdunifpp V0.14pre1)
  stash_model :	1
  stash_item :	201
  _FillValue :	-1.073742e+09

Variable: v
Type: float
Total Size: 838874880 bytes
            209718720 values
Number of Dimensions: 4
Dimensions and sizes:	[time | 279] x [z1_p_level | 12] x [lat | 145] x [lon | 432]
Coordinates: 
            time: [12538..12816]
            z1_p_level: [1000..100]
            lat: [-40..40]
            lon: [ 0..359.1667]
Number Of Attributes: 9
  standard_name :	northward_wind
  long_name :	V COMPNT OF WIND ON P LEV/UV GRID
  missing_value :	-1.073742e+09
  stash_section :	30
  units :	m s-1
  lookup_source :	defaults (cdunifpp V0.14pre1)
  stash_model :	1
  stash_item :	202
  _FillValue :	-1.073742e+09
(0)	u contains missing values
(0)	u filled
(0)	v contains missing values
(0)	v filled
(0)	q contains missing values
(0)	q filled
(0)	w contains missing values
(0)	w filled
(0)	Calculating advection of moisture...
(0)	Calculating temporal tendency of moisture...

Variable: dq_dt
Type: float
Total Size: 838874880 bytes
            209718720 values
Number of Dimensions: 4
Dimensions and sizes:	[time | 279] x [z1_p_level | 12] x [lat | 145] x [lon | 432]
Coordinates: 
            time: [12538..12816]
            z1_p_level: [1000..100]
            lat: [-40..40]
            lon: [ 0..359.1667]
Number Of Attributes: 3
  units :	kg/kg s**-1
  long_name :	Temporal tendency of moisture
  _FillValue :	-1.073742e+09
(0)	Temporal tendency of moisture (kg/kg s**-1) : min=-1.97749e-07   max=1.82606e-07
(0)	Calculating convergence of moisture...
(0)	Calculating moisture loss (gain) due to the condensational heating
(0)	Calculating horizontal convergence of moisture flux...

Variable: fo_q
Type: float
Total Size: 63638784 bytes
            15909696 values
Number of Dimensions: 4
Dimensions and sizes:	[time | 279] x [z1_p_level | 12] x [lat | 33] x [lon | 144]
Coordinates: 
            time: [12538..12816]
            z1_p_level: [1000..100]
            lat: [ -40..  40]
            lon: [   0..357.5]
Number Of Attributes: 9
  missing_value :	-1.073742e+09
  _FillValue :	-1.073742e+09
  stash_item :	205
  stash_model :	1
  lookup_source :	defaults (cdunifpp V0.14pre1)
  units :	kg/kg
  stash_section :	30
  long_name :	SPECIFIC HUMIDITY ON P LEV/UV GRID
  standard_name :	specific_humidity

Variable: fo_dq_dt
Type: float
Total Size: 63638784 bytes
            15909696 values
Number of Dimensions: 4
Dimensions and sizes:	[time | 279] x [z1_p_level | 12] x [lat | 33] x [lon | 144]
Coordinates: 
            time: [12538..12816]
            z1_p_level: [1000..100]
            lat: [ -40..  40]
            lon: [   0..357.5]
Number Of Attributes: 3
  _FillValue :	-1.073742e+09
  long_name :	Temporal tendency of moisture
  units :	kg/kg s**-1
(0)	Writing output files...
20040430 e01
 Copyright (C) 1995-2019 - All Rights Reserved
 University Corporation for Atmospheric Research
 NCAR Command Language Version 6.6.2
 The use of this software is governed by a License Agreement.
 See http://www.ncl.ucar.edu/ for more details.
(0)	Script started at: Mon Aug 24 19:20:12 AEST 2026
(0)	short2flt: input variable is already type float: SPECIFIC HUMIDITY ON P LEV/UV GRID
(0)	short2flt: no conversion performed
(0)	short2flt: input variable is already type float: U COMPNT OF WIND ON P LEV/UV GRID
(0)	short2flt: no conversion performed
(0)	short2flt: input variable is already type float: V COMPNT OF WIND ON P LEV/UV GRID
(0)	short2flt: no conversion performed
(0)	short2flt: input variable is already type float: W COMPNT OF WIND ON P LEV/UV GRID
(0)	short2flt: no conversion performed
(0)	Reading variables...

Variable: q
Type: float
Total Size: 838874880 bytes
            209718720 values
Number of Dimensions: 4
Dimensions and sizes:	[time | 279] x [z1_p_level | 12] x [lat | 145] x [lon | 432]
Coordinates: 
            time: [12539..12817]
            z1_p_level: [1000..100]
            lat: [-40..40]
            lon: [ 0..359.1667]
Number Of Attributes: 9
  standard_name :	specific_humidity
  long_name :	SPECIFIC HUMIDITY ON P LEV/UV GRID
  missing_value :	-1.073742e+09
  stash_section :	30
  units :	1
  lookup_source :	defaults (cdunifpp V0.14pre1)
  stash_model :	1
  stash_item :	205
  _FillValue :	-1.073742e+09

Variable: u
Type: float
Total Size: 838874880 bytes
            209718720 values
Number of Dimensions: 4
Dimensions and sizes:	[time | 279] x [z1_p_level | 12] x [lat | 145] x [lon | 432]
Coordinates: 
            time: [12539..12817]
            z1_p_level: [1000..100]
            lat: [-40..40]
            lon: [ 0..359.1667]
Number Of Attributes: 9
  standard_name :	eastward_wind
  long_name :	U COMPNT OF WIND ON P LEV/UV GRID
  missing_value :	-1.073742e+09
  stash_section :	30
  units :	m s-1
  lookup_source :	defaults (cdunifpp V0.14pre1)
  stash_model :	1
  stash_item :	201
  _FillValue :	-1.073742e+09

Variable: v
Type: float
Total Size: 838874880 bytes
            209718720 values
Number of Dimensions: 4
Dimensions and sizes:	[time | 279] x [z1_p_level | 12] x [lat | 145] x [lon | 432]
Coordinates: 
            time: [12539..12817]
            z1_p_level: [1000..100]
            lat: [-40..40]
            lon: [ 0..359.1667]
Number Of Attributes: 9
  standard_name :	northward_wind
  long_name :	V COMPNT OF WIND ON P LEV/UV GRID
  missing_value :	-1.073742e+09
  stash_section :	30
  units :	m s-1
  lookup_source :	defaults (cdunifpp V0.14pre1)
  stash_model :	1
  stash_item :	202
  _FillValue :	-1.073742e+09
(0)	u contains missing values
(0)	u filled
(0)	v contains missing values
(0)	v filled
(0)	q contains missing values
(0)	q filled
(0)	w contains missing values
(0)	w filled
(0)	Calculating advection of moisture...
(0)	Calculating temporal tendency of moisture...

Variable: dq_dt
Type: float
Total Size: 838874880 bytes
            209718720 values
Number of Dimensions: 4
Dimensions and sizes:	[time | 279] x [z1_p_level | 12] x [lat | 145] x [lon | 432]
Coordinates: 
            time: [12539..12817]
            z1_p_level: [1000..100]
            lat: [-40..40]
            lon: [ 0..359.1667]
Number Of Attributes: 3
  units :	kg/kg s**-1
  long_name :	Temporal tendency of moisture
  _FillValue :	-1.073742e+09
(0)	Temporal tendency of moisture (kg/kg s**-1) : min=-1.74698e-07   max=1.90557e-07
(0)	Calculating convergence of moisture...
(0)	Calculating moisture loss (gain) due to the condensational heating
(0)	Calculating horizontal convergence of moisture flux...

Variable: fo_q
Type: float
Total Size: 63638784 bytes
            15909696 values
Number of Dimensions: 4
Dimensions and sizes:	[time | 279] x [z1_p_level | 12] x [lat | 33] x [lon | 144]
Coordinates: 
            time: [12539..12817]
            z1_p_level: [1000..100]
            lat: [ -40..  40]
            lon: [   0..357.5]
Number Of Attributes: 9
  missing_value :	-1.073742e+09
  _FillValue :	-1.073742e+09
  stash_item :	205
  stash_model :	1
  lookup_source :	defaults (cdunifpp V0.14pre1)
  units :	kg/kg
  stash_section :	30
  long_name :	SPECIFIC HUMIDITY ON P LEV/UV GRID
  standard_name :	specific_humidity

Variable: fo_dq_dt
Type: float
Total Size: 63638784 bytes
            15909696 values
Number of Dimensions: 4
Dimensions and sizes:	[time | 279] x [z1_p_level | 12] x [lat | 33] x [lon | 144]
Coordinates: 
            time: [12539..12817]
            z1_p_level: [1000..100]
            lat: [ -40..  40]
            lon: [   0..357.5]
Number Of Attributes: 3
  _FillValue :	-1.073742e+09
  long_name :	Temporal tendency of moisture
  units :	kg/kg s**-1
(0)	Writing output files...
20040331 e01
 Copyright (C) 1995-2019 - All Rights Reserved
 University Corporation for Atmospheric Research
 NCAR Command Language Version 6.6.2
 The use of this software is governed by a License Agreement.
 See http://www.ncl.ucar.edu/ for more details.
(0)	Script started at: Mon Aug 24 19:19:48 AEST 2026
(0)	short2flt: input variable is already type float: SPECIFIC HUMIDITY ON P LEV/UV GRID
(0)	short2flt: no conversion performed
(0)	short2flt: input variable is already type float: U COMPNT OF WIND ON P LEV/UV GRID
(0)	short2flt: no conversion performed
(0)	short2flt: input variable is already type float: V COMPNT OF WIND ON P LEV/UV GRID
(0)	short2flt: no conversion performed
(0)	short2flt: input variable is already type float: W COMPNT OF WIND ON P LEV/UV GRID
(0)	short2flt: no conversion performed
(0)	Reading variables...

Variable: q
Type: float
Total Size: 838874880 bytes
            209718720 values
Number of Dimensions: 4
Dimensions and sizes:	[time | 279] x [z1_p_level | 12] x [lat | 145] x [lon | 432]
Coordinates: 
            time: [12509..12787]
            z1_p_level: [1000..100]
            lat: [-40..40]
            lon: [ 0..359.1667]
Number Of Attributes: 9
  standard_name :	specific_humidity
  long_name :	SPECIFIC HUMIDITY ON P LEV/UV GRID
  missing_value :	-1.073742e+09
  stash_section :	30
  units :	1
  lookup_source :	defaults (cdunifpp V0.14pre1)
  stash_model :	1
  stash_item :	205
  _FillValue :	-1.073742e+09

Variable: u
Type: float
Total Size: 838874880 bytes
            209718720 values
Number of Dimensions: 4
Dimensions and sizes:	[time | 279] x [z1_p_level | 12] x [lat | 145] x [lon | 432]
Coordinates: 
            time: [12509..12787]
            z1_p_level: [1000..100]
            lat: [-40..40]
            lon: [ 0..359.1667]
Number Of Attributes: 9
  standard_name :	eastward_wind
  long_name :	U COMPNT OF WIND ON P LEV/UV GRID
  missing_value :	-1.073742e+09
  stash_section :	30
  units :	m s-1
  lookup_source :	defaults (cdunifpp V0.14pre1)
  stash_model :	1
  stash_item :	201
  _FillValue :	-1.073742e+09

Variable: v
Type: float
Total Size: 838874880 bytes
            209718720 values
Number of Dimensions: 4
Dimensions and sizes:	[time | 279] x [z1_p_level | 12] x [lat | 145] x [lon | 432]
Coordinates: 
            time: [12509..12787]
            z1_p_level: [1000..100]
            lat: [-40..40]
            lon: [ 0..359.1667]
Number Of Attributes: 9
  standard_name :	northward_wind
  long_name :	V COMPNT OF WIND ON P LEV/UV GRID
  missing_value :	-1.073742e+09
  stash_section :	30
  units :	m s-1
  lookup_source :	defaults (cdunifpp V0.14pre1)
  stash_model :	1
  stash_item :	202
  _FillValue :	-1.073742e+09
(0)	u contains missing values
(0)	u filled
(0)	v contains missing values
(0)	v filled
(0)	q contains missing values
(0)	q filled
(0)	w contains missing values
(0)	w filled
(0)	Calculating advection of moisture...
(0)	Calculating temporal tendency of moisture...

Variable: dq_dt
Type: float
Total Size: 838874880 bytes
            209718720 values
Number of Dimensions: 4
Dimensions and sizes:	[time | 279] x [z1_p_level | 12] x [lat | 145] x [lon | 432]
Coordinates: 
            time: [12509..12787]
            z1_p_level: [1000..100]
            lat: [-40..40]
            lon: [ 0..359.1667]
Number Of Attributes: 3
  units :	kg/kg s**-1
  long_name :	Temporal tendency of moisture
  _FillValue :	-1.073742e+09
(0)	Temporal tendency of moisture (kg/kg s**-1) : min=-1.86209e-07   max=1.81308e-07
(0)	Calculating convergence of moisture...
(0)	Calculating moisture loss (gain) due to the condensational heating
(0)	Calculating horizontal convergence of moisture flux...

Variable: fo_q
Type: float
Total Size: 63638784 bytes
            15909696 values
Number of Dimensions: 4
Dimensions and sizes:	[time | 279] x [z1_p_level | 12] x [lat | 33] x [lon | 144]
Coordinates: 
            time: [12509..12787]
            z1_p_level: [1000..100]
            lat: [ -40..  40]
            lon: [   0..357.5]
Number Of Attributes: 9
  missing_value :	-1.073742e+09
  _FillValue :	-1.073742e+09
  stash_item :	205
  stash_model :	1
  lookup_source :	defaults (cdunifpp V0.14pre1)
  units :	kg/kg
  stash_section :	30
  long_name :	SPECIFIC HUMIDITY ON P LEV/UV GRID
  standard_name :	specific_humidity

Variable: fo_dq_dt
Type: float
Total Size: 63638784 bytes
            15909696 values
Number of Dimensions: 4
Dimensions and sizes:	[time | 279] x [z1_p_level | 12] x [lat | 33] x [lon | 144]
Coordinates: 
            time: [12509..12787]
            z1_p_level: [1000..100]
            lat: [ -40..  40]
            lon: [   0..357.5]
Number Of Attributes: 3
  _FillValue :	-1.073742e+09
  long_name :	Temporal tendency of moisture
  units :	kg/kg s**-1
(0)	Writing output files...
20040501 e01
 Copyright (C) 1995-2019 - All Rights Reserved
 University Corporation for Atmospheric Research
 NCAR Command Language Version 6.6.2
 The use of this software is governed by a License Agreement.
 See http://www.ncl.ucar.edu/ for more details.
(0)	Script started at: Mon Aug 24 19:20:14 AEST 2026
(0)	short2flt: input variable is already type float: SPECIFIC HUMIDITY ON P LEV/UV GRID
(0)	short2flt: no conversion performed
(0)	short2flt: input variable is already type float: U COMPNT OF WIND ON P LEV/UV GRID
(0)	short2flt: no conversion performed
(0)	short2flt: input variable is already type float: V COMPNT OF WIND ON P LEV/UV GRID
(0)	short2flt: no conversion performed
(0)	short2flt: input variable is already type float: W COMPNT OF WIND ON P LEV/UV GRID
(0)	short2flt: no conversion performed
(0)	Reading variables...

Variable: q
Type: float
Total Size: 838874880 bytes
            209718720 values
Number of Dimensions: 4
Dimensions and sizes:	[time | 279] x [z1_p_level | 12] x [lat | 145] x [lon | 432]
Coordinates: 
            time: [12540..12818]
            z1_p_level: [1000..100]
            lat: [-40..40]
            lon: [ 0..359.1667]
Number Of Attributes: 9
  standard_name :	specific_humidity
  long_name :	SPECIFIC HUMIDITY ON P LEV/UV GRID
  missing_value :	-1.073742e+09
  stash_section :	30
  units :	1
  lookup_source :	defaults (cdunifpp V0.14pre1)
  stash_model :	1
  stash_item :	205
  _FillValue :	-1.073742e+09

Variable: u
Type: float
Total Size: 838874880 bytes
            209718720 values
Number of Dimensions: 4
Dimensions and sizes:	[time | 279] x [z1_p_level | 12] x [lat | 145] x [lon | 432]
Coordinates: 
            time: [12540..12818]
            z1_p_level: [1000..100]
            lat: [-40..40]
            lon: [ 0..359.1667]
Number Of Attributes: 9
  standard_name :	eastward_wind
  long_name :	U COMPNT OF WIND ON P LEV/UV GRID
  missing_value :	-1.073742e+09
  stash_section :	30
  units :	m s-1
  lookup_source :	defaults (cdunifpp V0.14pre1)
  stash_model :	1
  stash_item :	201
  _FillValue :	-1.073742e+09

Variable: v
Type: float
Total Size: 838874880 bytes
            209718720 values
Number of Dimensions: 4
Dimensions and sizes:	[time | 279] x [z1_p_level | 12] x [lat | 145] x [lon | 432]
Coordinates: 
            time: [12540..12818]
            z1_p_level: [1000..100]
            lat: [-40..40]
            lon: [ 0..359.1667]
Number Of Attributes: 9
  standard_name :	northward_wind
  long_name :	V COMPNT OF WIND ON P LEV/UV GRID
  missing_value :	-1.073742e+09
  stash_section :	30
  units :	m s-1
  lookup_source :	defaults (cdunifpp V0.14pre1)
  stash_model :	1
  stash_item :	202
  _FillValue :	-1.073742e+09
(0)	u contains missing values
(0)	u filled
(0)	v contains missing values
(0)	v filled
(0)	q contains missing values
(0)	q filled
(0)	w contains missing values
(0)	w filled
(0)	Calculating advection of moisture...
(0)	Calculating temporal tendency of moisture...

Variable: dq_dt
Type: float
Total Size: 838874880 bytes
            209718720 values
Number of Dimensions: 4
Dimensions and sizes:	[time | 279] x [z1_p_level | 12] x [lat | 145] x [lon | 432]
Coordinates: 
            time: [12540..12818]
            z1_p_level: [1000..100]
            lat: [-40..40]
            lon: [ 0..359.1667]
Number Of Attributes: 3
  units :	kg/kg s**-1
  long_name :	Temporal tendency of moisture
  _FillValue :	-1.073742e+09
(0)	Temporal tendency of moisture (kg/kg s**-1) : min=-1.71476e-07   max=1.85711e-07
(0)	Calculating convergence of moisture...
(0)	Calculating moisture loss (gain) due to the condensational heating
(0)	Calculating horizontal convergence of moisture flux...

Variable: fo_q
Type: float
Total Size: 63638784 bytes
            15909696 values
Number of Dimensions: 4
Dimensions and sizes:	[time | 279] x [z1_p_level | 12] x [lat | 33] x [lon | 144]
Coordinates: 
            time: [12540..12818]
            z1_p_level: [1000..100]
            lat: [ -40..  40]
            lon: [   0..357.5]
Number Of Attributes: 9
  missing_value :	-1.073742e+09
  _FillValue :	-1.073742e+09
  stash_item :	205
  stash_model :	1
  lookup_source :	defaults (cdunifpp V0.14pre1)
  units :	kg/kg
  stash_section :	30
  long_name :	SPECIFIC HUMIDITY ON P LEV/UV GRID
  standard_name :	specific_humidity

Variable: fo_dq_dt
Type: float
Total Size: 63638784 bytes
            15909696 values
Number of Dimensions: 4
Dimensions and sizes:	[time | 279] x [z1_p_level | 12] x [lat | 33] x [lon | 144]
Coordinates: 
            time: [12540..12818]
            z1_p_level: [1000..100]
            lat: [ -40..  40]
            lon: [   0..357.5]
Number Of Attributes: 3
  _FillValue :	-1.073742e+09
  long_name :	Temporal tendency of moisture
  units :	kg/kg s**-1
(0)	Writing output files...
20040401 e01
 Copyright (C) 1995-2019 - All Rights Reserved
 University Corporation for Atmospheric Research
 NCAR Command Language Version 6.6.2
 The use of this software is governed by a License Agreement.
 See http://www.ncl.ucar.edu/ for more details.
(0)	Script started at: Mon Aug 24 19:20:00 AEST 2026
(0)	short2flt: input variable is already type float: SPECIFIC HUMIDITY ON P LEV/UV GRID
(0)	short2flt: no conversion performed
(0)	short2flt: input variable is already type float: U COMPNT OF WIND ON P LEV/UV GRID
(0)	short2flt: no conversion performed
(0)	short2flt: input variable is already type float: V COMPNT OF WIND ON P LEV/UV GRID
(0)	short2flt: no conversion performed
(0)	short2flt: input variable is already type float: W COMPNT OF WIND ON P LEV/UV GRID
(0)	short2flt: no conversion performed
(0)	Reading variables...

Variable: q
Type: float
Total Size: 838874880 bytes
            209718720 values
Number of Dimensions: 4
Dimensions and sizes:	[time | 279] x [z1_p_level | 12] x [lat | 145] x [lon | 432]
Coordinates: 
            time: [12510..12788]
            z1_p_level: [1000..100]
            lat: [-40..40]
            lon: [ 0..359.1667]
Number Of Attributes: 9
  standard_name :	specific_humidity
  long_name :	SPECIFIC HUMIDITY ON P LEV/UV GRID
  missing_value :	-1.073742e+09
  stash_section :	30
  units :	1
  lookup_source :	defaults (cdunifpp V0.14pre1)
  stash_model :	1
  stash_item :	205
  _FillValue :	-1.073742e+09

Variable: u
Type: float
Total Size: 838874880 bytes
            209718720 values
Number of Dimensions: 4
Dimensions and sizes:	[time | 279] x [z1_p_level | 12] x [lat | 145] x [lon | 432]
Coordinates: 
            time: [12510..12788]
            z1_p_level: [1000..100]
            lat: [-40..40]
            lon: [ 0..359.1667]
Number Of Attributes: 9
  standard_name :	eastward_wind
  long_name :	U COMPNT OF WIND ON P LEV/UV GRID
  missing_value :	-1.073742e+09
  stash_section :	30
  units :	m s-1
  lookup_source :	defaults (cdunifpp V0.14pre1)
  stash_model :	1
  stash_item :	201
  _FillValue :	-1.073742e+09

Variable: v
Type: float
Total Size: 838874880 bytes
            209718720 values
Number of Dimensions: 4
Dimensions and sizes:	[time | 279] x [z1_p_level | 12] x [lat | 145] x [lon | 432]
Coordinates: 
            time: [12510..12788]
            z1_p_level: [1000..100]
            lat: [-40..40]
            lon: [ 0..359.1667]
Number Of Attributes: 9
  standard_name :	northward_wind
  long_name :	V COMPNT OF WIND ON P LEV/UV GRID
  missing_value :	-1.073742e+09
  stash_section :	30
  units :	m s-1
  lookup_source :	defaults (cdunifpp V0.14pre1)
  stash_model :	1
  stash_item :	202
  _FillValue :	-1.073742e+09
(0)	u contains missing values
(0)	u filled
(0)	v contains missing values
(0)	v filled
(0)	q contains missing values
(0)	q filled
(0)	w contains missing values
(0)	w filled
(0)	Calculating advection of moisture...
(0)	Calculating temporal tendency of moisture...

Variable: dq_dt
Type: float
Total Size: 838874880 bytes
            209718720 values
Number of Dimensions: 4
Dimensions and sizes:	[time | 279] x [z1_p_level | 12] x [lat | 145] x [lon | 432]
Coordinates: 
            time: [12510..12788]
            z1_p_level: [1000..100]
            lat: [-40..40]
            lon: [ 0..359.1667]
Number Of Attributes: 3
  units :	kg/kg s**-1
  long_name :	Temporal tendency of moisture
  _FillValue :	-1.073742e+09
(0)	Temporal tendency of moisture (kg/kg s**-1) : min=-1.85556e-07   max=1.73897e-07
(0)	Calculating convergence of moisture...
(0)	Calculating moisture loss (gain) due to the condensational heating
(0)	Calculating horizontal convergence of moisture flux...

Variable: fo_q
Type: float
Total Size: 63638784 bytes
            15909696 values
Number of Dimensions: 4
Dimensions and sizes:	[time | 279] x [z1_p_level | 12] x [lat | 33] x [lon | 144]
Coordinates: 
            time: [12510..12788]
            z1_p_level: [1000..100]
            lat: [ -40..  40]
            lon: [   0..357.5]
Number Of Attributes: 9
  missing_value :	-1.073742e+09
  _FillValue :	-1.073742e+09
  stash_item :	205
  stash_model :	1
  lookup_source :	defaults (cdunifpp V0.14pre1)
  units :	kg/kg
  stash_section :	30
  long_name :	SPECIFIC HUMIDITY ON P LEV/UV GRID
  standard_name :	specific_humidity

Variable: fo_dq_dt
Type: float
Total Size: 63638784 bytes
            15909696 values
Number of Dimensions: 4
Dimensions and sizes:	[time | 279] x [z1_p_level | 12] x [lat | 33] x [lon | 144]
Coordinates: 
            time: [12510..12788]
            z1_p_level: [1000..100]
            lat: [ -40..  40]
            lon: [   0..357.5]
Number Of Attributes: 3
  _FillValue :	-1.073742e+09
  long_name :	Temporal tendency of moisture
  units :	kg/kg s**-1
(0)	Writing output files...
20040601 e01
 Copyright (C) 1995-2019 - All Rights Reserved
 University Corporation for Atmospheric Research
 NCAR Command Language Version 6.6.2
 The use of this software is governed by a License Agreement.
 See http://www.ncl.ucar.edu/ for more details.
(0)	Script started at: Mon Aug 24 19:26:46 AEST 2026
(0)	short2flt: input variable is already type float: SPECIFIC HUMIDITY ON P LEV/UV GRID
(0)	short2flt: no conversion performed
(0)	short2flt: input variable is already type float: U COMPNT OF WIND ON P LEV/UV GRID
(0)	short2flt: no conversion performed
(0)	short2flt: input variable is already type float: V COMPNT OF WIND ON P LEV/UV GRID
(0)	short2flt: no conversion performed
(0)	short2flt: input variable is already type float: W COMPNT OF WIND ON P LEV/UV GRID
(0)	short2flt: no conversion performed
(0)	Reading variables...

Variable: q
Type: float
Total Size: 838874880 bytes
            209718720 values
Number of Dimensions: 4
Dimensions and sizes:	[time | 279] x [z1_p_level | 12] x [lat | 145] x [lon | 432]
Coordinates: 
            time: [12571..12849]
            z1_p_level: [1000..100]
            lat: [-40..40]
            lon: [ 0..359.1667]
Number Of Attributes: 9
  standard_name :	specific_humidity
  long_name :	SPECIFIC HUMIDITY ON P LEV/UV GRID
  missing_value :	-1.073742e+09
  stash_section :	30
  units :	1
  lookup_source :	defaults (cdunifpp V0.14pre1)
  stash_model :	1
  stash_item :	205
  _FillValue :	-1.073742e+09

Variable: u
Type: float
Total Size: 838874880 bytes
            209718720 values
Number of Dimensions: 4
Dimensions and sizes:	[time | 279] x [z1_p_level | 12] x [lat | 145] x [lon | 432]
Coordinates: 
            time: [12571..12849]
            z1_p_level: [1000..100]
            lat: [-40..40]
            lon: [ 0..359.1667]
Number Of Attributes: 9
  standard_name :	eastward_wind
  long_name :	U COMPNT OF WIND ON P LEV/UV GRID
  missing_value :	-1.073742e+09
  stash_section :	30
  units :	m s-1
  lookup_source :	defaults (cdunifpp V0.14pre1)
  stash_model :	1
  stash_item :	201
  _FillValue :	-1.073742e+09

Variable: v
Type: float
Total Size: 838874880 bytes
            209718720 values
Number of Dimensions: 4
Dimensions and sizes:	[time | 279] x [z1_p_level | 12] x [lat | 145] x [lon | 432]
Coordinates: 
            time: [12571..12849]
            z1_p_level: [1000..100]
            lat: [-40..40]
            lon: [ 0..359.1667]
Number Of Attributes: 9
  standard_name :	northward_wind
  long_name :	V COMPNT OF WIND ON P LEV/UV GRID
  missing_value :	-1.073742e+09
  stash_section :	30
  units :	m s-1
  lookup_source :	defaults (cdunifpp V0.14pre1)
  stash_model :	1
  stash_item :	202
  _FillValue :	-1.073742e+09
(0)	u contains missing values
(0)	u filled
(0)	v contains missing values
(0)	v filled
(0)	q contains missing values
(0)	q filled
(0)	w contains missing values
(0)	w filled
(0)	Calculating advection of moisture...
(0)	Calculating temporal tendency of moisture...

Variable: dq_dt
Type: float
Total Size: 838874880 bytes
            209718720 values
Number of Dimensions: 4
Dimensions and sizes:	[time | 279] x [z1_p_level | 12] x [lat | 145] x [lon | 432]
Coordinates: 
            time: [12571..12849]
            z1_p_level: [1000..100]
            lat: [-40..40]
            lon: [ 0..359.1667]
Number Of Attributes: 3
  units :	kg/kg s**-1
  long_name :	Temporal tendency of moisture
  _FillValue :	-1.073742e+09
(0)	Temporal tendency of moisture (kg/kg s**-1) : min=-1.72227e-07   max=1.73897e-07
(0)	Calculating convergence of moisture...
(0)	Calculating moisture loss (gain) due to the condensational heating
(0)	Calculating horizontal convergence of moisture flux...

Variable: fo_q
Type: float
Total Size: 63638784 bytes
            15909696 values
Number of Dimensions: 4
Dimensions and sizes:	[time | 279] x [z1_p_level | 12] x [lat | 33] x [lon | 144]
Coordinates: 
            time: [12571..12849]
            z1_p_level: [1000..100]
            lat: [ -40..  40]
            lon: [   0..357.5]
Number Of Attributes: 9
  missing_value :	-1.073742e+09
  _FillValue :	-1.073742e+09
  stash_item :	205
  stash_model :	1
  lookup_source :	defaults (cdunifpp V0.14pre1)
  units :	kg/kg
  stash_section :	30
  long_name :	SPECIFIC HUMIDITY ON P LEV/UV GRID
  standard_name :	specific_humidity

Variable: fo_dq_dt
Type: float
Total Size: 63638784 bytes
            15909696 values
Number of Dimensions: 4
Dimensions and sizes:	[time | 279] x [z1_p_level | 12] x [lat | 33] x [lon | 144]
Coordinates: 
            time: [12571..12849]
            z1_p_level: [1000..100]
            lat: [ -40..  40]
            lon: [   0..357.5]
Number Of Attributes: 3
  _FillValue :	-1.073742e+09
  long_name :	Temporal tendency of moisture
  units :	kg/kg s**-1
(0)	Writing output files...
20040530 e01
 Copyright (C) 1995-2019 - All Rights Reserved
 University Corporation for Atmospheric Research
 NCAR Command Language Version 6.6.2
 The use of this software is governed by a License Agreement.
 See http://www.ncl.ucar.edu/ for more details.
(0)	Script started at: Mon Aug 24 19:26:32 AEST 2026
(0)	short2flt: input variable is already type float: SPECIFIC HUMIDITY ON P LEV/UV GRID
(0)	short2flt: no conversion performed
(0)	short2flt: input variable is already type float: U COMPNT OF WIND ON P LEV/UV GRID
(0)	short2flt: no conversion performed
(0)	short2flt: input variable is already type float: V COMPNT OF WIND ON P LEV/UV GRID
(0)	short2flt: no conversion performed
(0)	short2flt: input variable is already type float: W COMPNT OF WIND ON P LEV/UV GRID
(0)	short2flt: no conversion performed
(0)	Reading variables...

Variable: q
Type: float
Total Size: 838874880 bytes
            209718720 values
Number of Dimensions: 4
Dimensions and sizes:	[time | 279] x [z1_p_level | 12] x [lat | 145] x [lon | 432]
Coordinates: 
            time: [12569..12847]
            z1_p_level: [1000..100]
            lat: [-40..40]
            lon: [ 0..359.1667]
Number Of Attributes: 9
  standard_name :	specific_humidity
  long_name :	SPECIFIC HUMIDITY ON P LEV/UV GRID
  missing_value :	-1.073742e+09
  stash_section :	30
  units :	1
  lookup_source :	defaults (cdunifpp V0.14pre1)
  stash_model :	1
  stash_item :	205
  _FillValue :	-1.073742e+09

Variable: u
Type: float
Total Size: 838874880 bytes
            209718720 values
Number of Dimensions: 4
Dimensions and sizes:	[time | 279] x [z1_p_level | 12] x [lat | 145] x [lon | 432]
Coordinates: 
            time: [12569..12847]
            z1_p_level: [1000..100]
            lat: [-40..40]
            lon: [ 0..359.1667]
Number Of Attributes: 9
  standard_name :	eastward_wind
  long_name :	U COMPNT OF WIND ON P LEV/UV GRID
  missing_value :	-1.073742e+09
  stash_section :	30
  units :	m s-1
  lookup_source :	defaults (cdunifpp V0.14pre1)
  stash_model :	1
  stash_item :	201
  _FillValue :	-1.073742e+09

Variable: v
Type: float
Total Size: 838874880 bytes
            209718720 values
Number of Dimensions: 4
Dimensions and sizes:	[time | 279] x [z1_p_level | 12] x [lat | 145] x [lon | 432]
Coordinates: 
            time: [12569..12847]
            z1_p_level: [1000..100]
            lat: [-40..40]
            lon: [ 0..359.1667]
Number Of Attributes: 9
  standard_name :	northward_wind
  long_name :	V COMPNT OF WIND ON P LEV/UV GRID
  missing_value :	-1.073742e+09
  stash_section :	30
  units :	m s-1
  lookup_source :	defaults (cdunifpp V0.14pre1)
  stash_model :	1
  stash_item :	202
  _FillValue :	-1.073742e+09
(0)	u contains missing values
(0)	u filled
(0)	v contains missing values
(0)	v filled
(0)	q contains missing values
(0)	q filled
(0)	w contains missing values
(0)	w filled
(0)	Calculating advection of moisture...
(0)	Calculating temporal tendency of moisture...

Variable: dq_dt
Type: float
Total Size: 838874880 bytes
            209718720 values
Number of Dimensions: 4
Dimensions and sizes:	[time | 279] x [z1_p_level | 12] x [lat | 145] x [lon | 432]
Coordinates: 
            time: [12569..12847]
            z1_p_level: [1000..100]
            lat: [-40..40]
            lon: [ 0..359.1667]
Number Of Attributes: 3
  units :	kg/kg s**-1
  long_name :	Temporal tendency of moisture
  _FillValue :	-1.073742e+09
(0)	Temporal tendency of moisture (kg/kg s**-1) : min=-1.89986e-07   max=1.81057e-07
(0)	Calculating convergence of moisture...
(0)	Calculating moisture loss (gain) due to the condensational heating
(0)	Calculating horizontal convergence of moisture flux...

Variable: fo_q
Type: float
Total Size: 63638784 bytes
            15909696 values
Number of Dimensions: 4
Dimensions and sizes:	[time | 279] x [z1_p_level | 12] x [lat | 33] x [lon | 144]
Coordinates: 
            time: [12569..12847]
            z1_p_level: [1000..100]
            lat: [ -40..  40]
            lon: [   0..357.5]
Number Of Attributes: 9
  missing_value :	-1.073742e+09
  _FillValue :	-1.073742e+09
  stash_item :	205
  stash_model :	1
  lookup_source :	defaults (cdunifpp V0.14pre1)
  units :	kg/kg
  stash_section :	30
  long_name :	SPECIFIC HUMIDITY ON P LEV/UV GRID
  standard_name :	specific_humidity

Variable: fo_dq_dt
Type: float
Total Size: 63638784 bytes
            15909696 values
Number of Dimensions: 4
Dimensions and sizes:	[time | 279] x [z1_p_level | 12] x [lat | 33] x [lon | 144]
Coordinates: 
            time: [12569..12847]
            z1_p_level: [1000..100]
            lat: [ -40..  40]
            lon: [   0..357.5]
Number Of Attributes: 3
  _FillValue :	-1.073742e+09
  long_name :	Temporal tendency of moisture
  units :	kg/kg s**-1
(0)	Writing output files...
20040629 e01
 Copyright (C) 1995-2019 - All Rights Reserved
 University Corporation for Atmospheric Research
 NCAR Command Language Version 6.6.2
 The use of this software is governed by a License Agreement.
 See http://www.ncl.ucar.edu/ for more details.
(0)	Script started at: Mon Aug 24 19:27:05 AEST 2026
(0)	short2flt: input variable is already type float: SPECIFIC HUMIDITY ON P LEV/UV GRID
(0)	short2flt: no conversion performed
(0)	short2flt: input variable is already type float: U COMPNT OF WIND ON P LEV/UV GRID
(0)	short2flt: no conversion performed
(0)	short2flt: input variable is already type float: V COMPNT OF WIND ON P LEV/UV GRID
(0)	short2flt: no conversion performed
(0)	short2flt: input variable is already type float: W COMPNT OF WIND ON P LEV/UV GRID
(0)	short2flt: no conversion performed
(0)	Reading variables...

Variable: q
Type: float
Total Size: 838874880 bytes
            209718720 values
Number of Dimensions: 4
Dimensions and sizes:	[time | 279] x [z1_p_level | 12] x [lat | 145] x [lon | 432]
Coordinates: 
            time: [12599..12877]
            z1_p_level: [1000..100]
            lat: [-40..40]
            lon: [ 0..359.1667]
Number Of Attributes: 9
  standard_name :	specific_humidity
  long_name :	SPECIFIC HUMIDITY ON P LEV/UV GRID
  missing_value :	-1.073742e+09
  stash_section :	30
  units :	1
  lookup_source :	defaults (cdunifpp V0.14pre1)
  stash_model :	1
  stash_item :	205
  _FillValue :	-1.073742e+09

Variable: u
Type: float
Total Size: 838874880 bytes
            209718720 values
Number of Dimensions: 4
Dimensions and sizes:	[time | 279] x [z1_p_level | 12] x [lat | 145] x [lon | 432]
Coordinates: 
            time: [12599..12877]
            z1_p_level: [1000..100]
            lat: [-40..40]
            lon: [ 0..359.1667]
Number Of Attributes: 9
  standard_name :	eastward_wind
  long_name :	U COMPNT OF WIND ON P LEV/UV GRID
  missing_value :	-1.073742e+09
  stash_section :	30
  units :	m s-1
  lookup_source :	defaults (cdunifpp V0.14pre1)
  stash_model :	1
  stash_item :	201
  _FillValue :	-1.073742e+09

Variable: v
Type: float
Total Size: 838874880 bytes
            209718720 values
Number of Dimensions: 4
Dimensions and sizes:	[time | 279] x [z1_p_level | 12] x [lat | 145] x [lon | 432]
Coordinates: 
            time: [12599..12877]
            z1_p_level: [1000..100]
            lat: [-40..40]
            lon: [ 0..359.1667]
Number Of Attributes: 9
  standard_name :	northward_wind
  long_name :	V COMPNT OF WIND ON P LEV/UV GRID
  missing_value :	-1.073742e+09
  stash_section :	30
  units :	m s-1
  lookup_source :	defaults (cdunifpp V0.14pre1)
  stash_model :	1
  stash_item :	202
  _FillValue :	-1.073742e+09
(0)	u contains missing values
(0)	u filled
(0)	v contains missing values
(0)	v filled
(0)	q contains missing values
(0)	q filled
(0)	w contains missing values
(0)	w filled
(0)	Calculating advection of moisture...
(0)	Calculating temporal tendency of moisture...

Variable: dq_dt
Type: float
Total Size: 838874880 bytes
            209718720 values
Number of Dimensions: 4
Dimensions and sizes:	[time | 279] x [z1_p_level | 12] x [lat | 145] x [lon | 432]
Coordinates: 
            time: [12599..12877]
            z1_p_level: [1000..100]
            lat: [-40..40]
            lon: [ 0..359.1667]
Number Of Attributes: 3
  units :	kg/kg s**-1
  long_name :	Temporal tendency of moisture
  _FillValue :	-1.073742e+09
(0)	Temporal tendency of moisture (kg/kg s**-1) : min=-1.79291e-07   max=1.76653e-07
(0)	Calculating convergence of moisture...
(0)	Calculating moisture loss (gain) due to the condensational heating
(0)	Calculating horizontal convergence of moisture flux...

Variable: fo_q
Type: float
Total Size: 63638784 bytes
            15909696 values
Number of Dimensions: 4
Dimensions and sizes:	[time | 279] x [z1_p_level | 12] x [lat | 33] x [lon | 144]
Coordinates: 
            time: [12599..12877]
            z1_p_level: [1000..100]
            lat: [ -40..  40]
            lon: [   0..357.5]
Number Of Attributes: 9
  missing_value :	-1.073742e+09
  _FillValue :	-1.073742e+09
  stash_item :	205
  stash_model :	1
  lookup_source :	defaults (cdunifpp V0.14pre1)
  units :	kg/kg
  stash_section :	30
  long_name :	SPECIFIC HUMIDITY ON P LEV/UV GRID
  standard_name :	specific_humidity

Variable: fo_dq_dt
Type: float
Total Size: 63638784 bytes
            15909696 values
Number of Dimensions: 4
Dimensions and sizes:	[time | 279] x [z1_p_level | 12] x [lat | 33] x [lon | 144]
Coordinates: 
            time: [12599..12877]
            z1_p_level: [1000..100]
            lat: [ -40..  40]
            lon: [   0..357.5]
Number Of Attributes: 3
  _FillValue :	-1.073742e+09
  long_name :	Temporal tendency of moisture
  units :	kg/kg s**-1
(0)	Writing output files...
20040630 e01
 Copyright (C) 1995-2019 - All Rights Reserved
 University Corporation for Atmospheric Research
 NCAR Command Language Version 6.6.2
 The use of this software is governed by a License Agreement.
 See http://www.ncl.ucar.edu/ for more details.
(0)	Script started at: Mon Aug 24 19:27:19 AEST 2026
(0)	short2flt: input variable is already type float: SPECIFIC HUMIDITY ON P LEV/UV GRID
(0)	short2flt: no conversion performed
(0)	short2flt: input variable is already type float: U COMPNT OF WIND ON P LEV/UV GRID
(0)	short2flt: no conversion performed
(0)	short2flt: input variable is already type float: V COMPNT OF WIND ON P LEV/UV GRID
(0)	short2flt: no conversion performed
(0)	short2flt: input variable is already type float: W COMPNT OF WIND ON P LEV/UV GRID
(0)	short2flt: no conversion performed
(0)	Reading variables...

Variable: q
Type: float
Total Size: 838874880 bytes
            209718720 values
Number of Dimensions: 4
Dimensions and sizes:	[time | 279] x [z1_p_level | 12] x [lat | 145] x [lon | 432]
Coordinates: 
            time: [12600..12878]
            z1_p_level: [1000..100]
            lat: [-40..40]
            lon: [ 0..359.1667]
Number Of Attributes: 9
  standard_name :	specific_humidity
  long_name :	SPECIFIC HUMIDITY ON P LEV/UV GRID
  missing_value :	-1.073742e+09
  stash_section :	30
  units :	1
  lookup_source :	defaults (cdunifpp V0.14pre1)
  stash_model :	1
  stash_item :	205
  _FillValue :	-1.073742e+09

Variable: u
Type: float
Total Size: 838874880 bytes
            209718720 values
Number of Dimensions: 4
Dimensions and sizes:	[time | 279] x [z1_p_level | 12] x [lat | 145] x [lon | 432]
Coordinates: 
            time: [12600..12878]
            z1_p_level: [1000..100]
            lat: [-40..40]
            lon: [ 0..359.1667]
Number Of Attributes: 9
  standard_name :	eastward_wind
  long_name :	U COMPNT OF WIND ON P LEV/UV GRID
  missing_value :	-1.073742e+09
  stash_section :	30
  units :	m s-1
  lookup_source :	defaults (cdunifpp V0.14pre1)
  stash_model :	1
  stash_item :	201
  _FillValue :	-1.073742e+09

Variable: v
Type: float
Total Size: 838874880 bytes
            209718720 values
Number of Dimensions: 4
Dimensions and sizes:	[time | 279] x [z1_p_level | 12] x [lat | 145] x [lon | 432]
Coordinates: 
            time: [12600..12878]
            z1_p_level: [1000..100]
            lat: [-40..40]
            lon: [ 0..359.1667]
Number Of Attributes: 9
  standard_name :	northward_wind
  long_name :	V COMPNT OF WIND ON P LEV/UV GRID
  missing_value :	-1.073742e+09
  stash_section :	30
  units :	m s-1
  lookup_source :	defaults (cdunifpp V0.14pre1)
  stash_model :	1
  stash_item :	202
  _FillValue :	-1.073742e+09
(0)	u contains missing values
(0)	u filled
(0)	v contains missing values
(0)	v filled
(0)	q contains missing values
(0)	q filled
(0)	w contains missing values
(0)	w filled
(0)	Calculating advection of moisture...
(0)	Calculating temporal tendency of moisture...

Variable: dq_dt
Type: float
Total Size: 838874880 bytes
            209718720 values
Number of Dimensions: 4
Dimensions and sizes:	[time | 279] x [z1_p_level | 12] x [lat | 145] x [lon | 432]
Coordinates: 
            time: [12600..12878]
            z1_p_level: [1000..100]
            lat: [-40..40]
            lon: [ 0..359.1667]
Number Of Attributes: 3
  units :	kg/kg s**-1
  long_name :	Temporal tendency of moisture
  _FillValue :	-1.073742e+09
(0)	Temporal tendency of moisture (kg/kg s**-1) : min=-1.88821e-07   max=1.73411e-07
(0)	Calculating convergence of moisture...
(0)	Calculating moisture loss (gain) due to the condensational heating
(0)	Calculating horizontal convergence of moisture flux...

Variable: fo_q
Type: float
Total Size: 63638784 bytes
            15909696 values
Number of Dimensions: 4
Dimensions and sizes:	[time | 279] x [z1_p_level | 12] x [lat | 33] x [lon | 144]
Coordinates: 
            time: [12600..12878]
            z1_p_level: [1000..100]
            lat: [ -40..  40]
            lon: [   0..357.5]
Number Of Attributes: 9
  missing_value :	-1.073742e+09
  _FillValue :	-1.073742e+09
  stash_item :	205
  stash_model :	1
  lookup_source :	defaults (cdunifpp V0.14pre1)
  units :	kg/kg
  stash_section :	30
  long_name :	SPECIFIC HUMIDITY ON P LEV/UV GRID
  standard_name :	specific_humidity

Variable: fo_dq_dt
Type: float
Total Size: 63638784 bytes
            15909696 values
Number of Dimensions: 4
Dimensions and sizes:	[time | 279] x [z1_p_level | 12] x [lat | 33] x [lon | 144]
Coordinates: 
            time: [12600..12878]
            z1_p_level: [1000..100]
            lat: [ -40..  40]
            lon: [   0..357.5]
Number Of Attributes: 3
  _FillValue :	-1.073742e+09
  long_name :	Temporal tendency of moisture
  units :	kg/kg s**-1
(0)	Writing output files...
20040531 e01
 Copyright (C) 1995-2019 - All Rights Reserved
 University Corporation for Atmospheric Research
 NCAR Command Language Version 6.6.2
 The use of this software is governed by a License Agreement.
 See http://www.ncl.ucar.edu/ for more details.
(0)	Script started at: Mon Aug 24 19:26:40 AEST 2026
(0)	short2flt: input variable is already type float: SPECIFIC HUMIDITY ON P LEV/UV GRID
(0)	short2flt: no conversion performed
(0)	short2flt: input variable is already type float: U COMPNT OF WIND ON P LEV/UV GRID
(0)	short2flt: no conversion performed
(0)	short2flt: input variable is already type float: V COMPNT OF WIND ON P LEV/UV GRID
(0)	short2flt: no conversion performed
(0)	short2flt: input variable is already type float: W COMPNT OF WIND ON P LEV/UV GRID
(0)	short2flt: no conversion performed
(0)	Reading variables...

Variable: q
Type: float
Total Size: 838874880 bytes
            209718720 values
Number of Dimensions: 4
Dimensions and sizes:	[time | 279] x [z1_p_level | 12] x [lat | 145] x [lon | 432]
Coordinates: 
            time: [12570..12848]
            z1_p_level: [1000..100]
            lat: [-40..40]
            lon: [ 0..359.1667]
Number Of Attributes: 9
  standard_name :	specific_humidity
  long_name :	SPECIFIC HUMIDITY ON P LEV/UV GRID
  missing_value :	-1.073742e+09
  stash_section :	30
  units :	1
  lookup_source :	defaults (cdunifpp V0.14pre1)
  stash_model :	1
  stash_item :	205
  _FillValue :	-1.073742e+09

Variable: u
Type: float
Total Size: 838874880 bytes
            209718720 values
Number of Dimensions: 4
Dimensions and sizes:	[time | 279] x [z1_p_level | 12] x [lat | 145] x [lon | 432]
Coordinates: 
            time: [12570..12848]
            z1_p_level: [1000..100]
            lat: [-40..40]
            lon: [ 0..359.1667]
Number Of Attributes: 9
  standard_name :	eastward_wind
  long_name :	U COMPNT OF WIND ON P LEV/UV GRID
  missing_value :	-1.073742e+09
  stash_section :	30
  units :	m s-1
  lookup_source :	defaults (cdunifpp V0.14pre1)
  stash_model :	1
  stash_item :	201
  _FillValue :	-1.073742e+09

Variable: v
Type: float
Total Size: 838874880 bytes
            209718720 values
Number of Dimensions: 4
Dimensions and sizes:	[time | 279] x [z1_p_level | 12] x [lat | 145] x [lon | 432]
Coordinates: 
            time: [12570..12848]
            z1_p_level: [1000..100]
            lat: [-40..40]
            lon: [ 0..359.1667]
Number Of Attributes: 9
  standard_name :	northward_wind
  long_name :	V COMPNT OF WIND ON P LEV/UV GRID
  missing_value :	-1.073742e+09
  stash_section :	30
  units :	m s-1
  lookup_source :	defaults (cdunifpp V0.14pre1)
  stash_model :	1
  stash_item :	202
  _FillValue :	-1.073742e+09
(0)	u contains missing values
(0)	u filled
(0)	v contains missing values
(0)	v filled
(0)	q contains missing values
(0)	q filled
(0)	w contains missing values
(0)	w filled
(0)	Calculating advection of moisture...
(0)	Calculating temporal tendency of moisture...

Variable: dq_dt
Type: float
Total Size: 838874880 bytes
            209718720 values
Number of Dimensions: 4
Dimensions and sizes:	[time | 279] x [z1_p_level | 12] x [lat | 145] x [lon | 432]
Coordinates: 
            time: [12570..12848]
            z1_p_level: [1000..100]
            lat: [-40..40]
            lon: [ 0..359.1667]
Number Of Attributes: 3
  units :	kg/kg s**-1
  long_name :	Temporal tendency of moisture
  _FillValue :	-1.073742e+09
(0)	Temporal tendency of moisture (kg/kg s**-1) : min=-1.75246e-07   max=1.89877e-07
(0)	Calculating convergence of moisture...
(0)	Calculating moisture loss (gain) due to the condensational heating
(0)	Calculating horizontal convergence of moisture flux...

Variable: fo_q
Type: float
Total Size: 63638784 bytes
            15909696 values
Number of Dimensions: 4
Dimensions and sizes:	[time | 279] x [z1_p_level | 12] x [lat | 33] x [lon | 144]
Coordinates: 
            time: [12570..12848]
            z1_p_level: [1000..100]
            lat: [ -40..  40]
            lon: [   0..357.5]
Number Of Attributes: 9
  missing_value :	-1.073742e+09
  _FillValue :	-1.073742e+09
  stash_item :	205
  stash_model :	1
  lookup_source :	defaults (cdunifpp V0.14pre1)
  units :	kg/kg
  stash_section :	30
  long_name :	SPECIFIC HUMIDITY ON P LEV/UV GRID
  standard_name :	specific_humidity

Variable: fo_dq_dt
Type: float
Total Size: 63638784 bytes
            15909696 values
Number of Dimensions: 4
Dimensions and sizes:	[time | 279] x [z1_p_level | 12] x [lat | 33] x [lon | 144]
Coordinates: 
            time: [12570..12848]
            z1_p_level: [1000..100]
            lat: [ -40..  40]
            lon: [   0..357.5]
Number Of Attributes: 3
  _FillValue :	-1.073742e+09
  long_name :	Temporal tendency of moisture
  units :	kg/kg s**-1
(0)	Writing output files...
20040730 e01
 Copyright (C) 1995-2019 - All Rights Reserved
 University Corporation for Atmospheric Research
 NCAR Command Language Version 6.6.2
 The use of this software is governed by a License Agreement.
 See http://www.ncl.ucar.edu/ for more details.
(0)	Script started at: Mon Aug 24 19:33:08 AEST 2026
(0)	short2flt: input variable is already type float: SPECIFIC HUMIDITY ON P LEV/UV GRID
(0)	short2flt: no conversion performed
(0)	short2flt: input variable is already type float: U COMPNT OF WIND ON P LEV/UV GRID
(0)	short2flt: no conversion performed
(0)	short2flt: input variable is already type float: V COMPNT OF WIND ON P LEV/UV GRID
(0)	short2flt: no conversion performed
(0)	short2flt: input variable is already type float: W COMPNT OF WIND ON P LEV/UV GRID
(0)	short2flt: no conversion performed
(0)	Reading variables...

Variable: q
Type: float
Total Size: 838874880 bytes
            209718720 values
Number of Dimensions: 4
Dimensions and sizes:	[time | 279] x [z1_p_level | 12] x [lat | 145] x [lon | 432]
Coordinates: 
            time: [12630..12908]
            z1_p_level: [1000..100]
            lat: [-40..40]
            lon: [ 0..359.1667]
Number Of Attributes: 9
  standard_name :	specific_humidity
  long_name :	SPECIFIC HUMIDITY ON P LEV/UV GRID
  missing_value :	-1.073742e+09
  stash_section :	30
  units :	1
  lookup_source :	defaults (cdunifpp V0.14pre1)
  stash_model :	1
  stash_item :	205
  _FillValue :	-1.073742e+09

Variable: u
Type: float
Total Size: 838874880 bytes
            209718720 values
Number of Dimensions: 4
Dimensions and sizes:	[time | 279] x [z1_p_level | 12] x [lat | 145] x [lon | 432]
Coordinates: 
            time: [12630..12908]
            z1_p_level: [1000..100]
            lat: [-40..40]
            lon: [ 0..359.1667]
Number Of Attributes: 9
  standard_name :	eastward_wind
  long_name :	U COMPNT OF WIND ON P LEV/UV GRID
  missing_value :	-1.073742e+09
  stash_section :	30
  units :	m s-1
  lookup_source :	defaults (cdunifpp V0.14pre1)
  stash_model :	1
  stash_item :	201
  _FillValue :	-1.073742e+09

Variable: v
Type: float
Total Size: 838874880 bytes
            209718720 values
Number of Dimensions: 4
Dimensions and sizes:	[time | 279] x [z1_p_level | 12] x [lat | 145] x [lon | 432]
Coordinates: 
            time: [12630..12908]
            z1_p_level: [1000..100]
            lat: [-40..40]
            lon: [ 0..359.1667]
Number Of Attributes: 9
  standard_name :	northward_wind
  long_name :	V COMPNT OF WIND ON P LEV/UV GRID
  missing_value :	-1.073742e+09
  stash_section :	30
  units :	m s-1
  lookup_source :	defaults (cdunifpp V0.14pre1)
  stash_model :	1
  stash_item :	202
  _FillValue :	-1.073742e+09
(0)	u contains missing values
(0)	u filled
(0)	v contains missing values
(0)	v filled
(0)	q contains missing values
(0)	q filled
(0)	w contains missing values
(0)	w filled
(0)	Calculating advection of moisture...
(0)	Calculating temporal tendency of moisture...

Variable: dq_dt
Type: float
Total Size: 838874880 bytes
            209718720 values
Number of Dimensions: 4
Dimensions and sizes:	[time | 279] x [z1_p_level | 12] x [lat | 145] x [lon | 432]
Coordinates: 
            time: [12630..12908]
            z1_p_level: [1000..100]
            lat: [-40..40]
            lon: [ 0..359.1667]
Number Of Attributes: 3
  units :	kg/kg s**-1
  long_name :	Temporal tendency of moisture
  _FillValue :	-1.073742e+09
(0)	Temporal tendency of moisture (kg/kg s**-1) : min=-1.80297e-07   max=1.8482e-07
(0)	Calculating convergence of moisture...
(0)	Calculating moisture loss (gain) due to the condensational heating
(0)	Calculating horizontal convergence of moisture flux...

Variable: fo_q
Type: float
Total Size: 63638784 bytes
            15909696 values
Number of Dimensions: 4
Dimensions and sizes:	[time | 279] x [z1_p_level | 12] x [lat | 33] x [lon | 144]
Coordinates: 
            time: [12630..12908]
            z1_p_level: [1000..100]
            lat: [ -40..  40]
            lon: [   0..357.5]
Number Of Attributes: 9
  missing_value :	-1.073742e+09
  _FillValue :	-1.073742e+09
  stash_item :	205
  stash_model :	1
  lookup_source :	defaults (cdunifpp V0.14pre1)
  units :	kg/kg
  stash_section :	30
  long_name :	SPECIFIC HUMIDITY ON P LEV/UV GRID
  standard_name :	specific_humidity

Variable: fo_dq_dt
Type: float
Total Size: 63638784 bytes
            15909696 values
Number of Dimensions: 4
Dimensions and sizes:	[time | 279] x [z1_p_level | 12] x [lat | 33] x [lon | 144]
Coordinates: 
            time: [12630..12908]
            z1_p_level: [1000..100]
            lat: [ -40..  40]
            lon: [   0..357.5]
Number Of Attributes: 3
  _FillValue :	-1.073742e+09
  long_name :	Temporal tendency of moisture
  units :	kg/kg s**-1
(0)	Writing output files...
20040731 e01
 Copyright (C) 1995-2019 - All Rights Reserved
 University Corporation for Atmospheric Research
 NCAR Command Language Version 6.6.2
 The use of this software is governed by a License Agreement.
 See http://www.ncl.ucar.edu/ for more details.
(0)	Script started at: Mon Aug 24 19:33:20 AEST 2026
(0)	short2flt: input variable is already type float: SPECIFIC HUMIDITY ON P LEV/UV GRID
(0)	short2flt: no conversion performed
(0)	short2flt: input variable is already type float: U COMPNT OF WIND ON P LEV/UV GRID
(0)	short2flt: no conversion performed
(0)	short2flt: input variable is already type float: V COMPNT OF WIND ON P LEV/UV GRID
(0)	short2flt: no conversion performed
(0)	short2flt: input variable is already type float: W COMPNT OF WIND ON P LEV/UV GRID
(0)	short2flt: no conversion performed
(0)	Reading variables...

Variable: q
Type: float
Total Size: 838874880 bytes
            209718720 values
Number of Dimensions: 4
Dimensions and sizes:	[time | 279] x [z1_p_level | 12] x [lat | 145] x [lon | 432]
Coordinates: 
            time: [12631..12909]
            z1_p_level: [1000..100]
            lat: [-40..40]
            lon: [ 0..359.1667]
Number Of Attributes: 9
  standard_name :	specific_humidity
  long_name :	SPECIFIC HUMIDITY ON P LEV/UV GRID
  missing_value :	-1.073742e+09
  stash_section :	30
  units :	1
  lookup_source :	defaults (cdunifpp V0.14pre1)
  stash_model :	1
  stash_item :	205
  _FillValue :	-1.073742e+09

Variable: u
Type: float
Total Size: 838874880 bytes
            209718720 values
Number of Dimensions: 4
Dimensions and sizes:	[time | 279] x [z1_p_level | 12] x [lat | 145] x [lon | 432]
Coordinates: 
            time: [12631..12909]
            z1_p_level: [1000..100]
            lat: [-40..40]
            lon: [ 0..359.1667]
Number Of Attributes: 9
  standard_name :	eastward_wind
  long_name :	U COMPNT OF WIND ON P LEV/UV GRID
  missing_value :	-1.073742e+09
  stash_section :	30
  units :	m s-1
  lookup_source :	defaults (cdunifpp V0.14pre1)
  stash_model :	1
  stash_item :	201
  _FillValue :	-1.073742e+09

Variable: v
Type: float
Total Size: 838874880 bytes
            209718720 values
Number of Dimensions: 4
Dimensions and sizes:	[time | 279] x [z1_p_level | 12] x [lat | 145] x [lon | 432]
Coordinates: 
            time: [12631..12909]
            z1_p_level: [1000..100]
            lat: [-40..40]
            lon: [ 0..359.1667]
Number Of Attributes: 9
  standard_name :	northward_wind
  long_name :	V COMPNT OF WIND ON P LEV/UV GRID
  missing_value :	-1.073742e+09
  stash_section :	30
  units :	m s-1
  lookup_source :	defaults (cdunifpp V0.14pre1)
  stash_model :	1
  stash_item :	202
  _FillValue :	-1.073742e+09
(0)	u contains missing values
(0)	u filled
(0)	v contains missing values
(0)	v filled
(0)	q contains missing values
(0)	q filled
(0)	w contains missing values
(0)	w filled
(0)	Calculating advection of moisture...
(0)	Calculating temporal tendency of moisture...

Variable: dq_dt
Type: float
Total Size: 838874880 bytes
            209718720 values
Number of Dimensions: 4
Dimensions and sizes:	[time | 279] x [z1_p_level | 12] x [lat | 145] x [lon | 432]
Coordinates: 
            time: [12631..12909]
            z1_p_level: [1000..100]
            lat: [-40..40]
            lon: [ 0..359.1667]
Number Of Attributes: 3
  units :	kg/kg s**-1
  long_name :	Temporal tendency of moisture
  _FillValue :	-1.073742e+09
(0)	Temporal tendency of moisture (kg/kg s**-1) : min=-1.94659e-07   max=1.95156e-07
(0)	Calculating convergence of moisture...
(0)	Calculating moisture loss (gain) due to the condensational heating
(0)	Calculating horizontal convergence of moisture flux...

Variable: fo_q
Type: float
Total Size: 63638784 bytes
            15909696 values
Number of Dimensions: 4
Dimensions and sizes:	[time | 279] x [z1_p_level | 12] x [lat | 33] x [lon | 144]
Coordinates: 
            time: [12631..12909]
            z1_p_level: [1000..100]
            lat: [ -40..  40]
            lon: [   0..357.5]
Number Of Attributes: 9
  missing_value :	-1.073742e+09
  _FillValue :	-1.073742e+09
  stash_item :	205
  stash_model :	1
  lookup_source :	defaults (cdunifpp V0.14pre1)
  units :	kg/kg
  stash_section :	30
  long_name :	SPECIFIC HUMIDITY ON P LEV/UV GRID
  standard_name :	specific_humidity

Variable: fo_dq_dt
Type: float
Total Size: 63638784 bytes
            15909696 values
Number of Dimensions: 4
Dimensions and sizes:	[time | 279] x [z1_p_level | 12] x [lat | 33] x [lon | 144]
Coordinates: 
            time: [12631..12909]
            z1_p_level: [1000..100]
            lat: [ -40..  40]
            lon: [   0..357.5]
Number Of Attributes: 3
  _FillValue :	-1.073742e+09
  long_name :	Temporal tendency of moisture
  units :	kg/kg s**-1
(0)	Writing output files...
20040801 e01
 Copyright (C) 1995-2019 - All Rights Reserved
 University Corporation for Atmospheric Research
 NCAR Command Language Version 6.6.2
 The use of this software is governed by a License Agreement.
 See http://www.ncl.ucar.edu/ for more details.
(0)	Script started at: Mon Aug 24 19:33:23 AEST 2026
(0)	short2flt: input variable is already type float: SPECIFIC HUMIDITY ON P LEV/UV GRID
(0)	short2flt: no conversion performed
(0)	short2flt: input variable is already type float: U COMPNT OF WIND ON P LEV/UV GRID
(0)	short2flt: no conversion performed
(0)	short2flt: input variable is already type float: V COMPNT OF WIND ON P LEV/UV GRID
(0)	short2flt: no conversion performed
(0)	short2flt: input variable is already type float: W COMPNT OF WIND ON P LEV/UV GRID
(0)	short2flt: no conversion performed
(0)	Reading variables...

Variable: q
Type: float
Total Size: 838874880 bytes
            209718720 values
Number of Dimensions: 4
Dimensions and sizes:	[time | 279] x [z1_p_level | 12] x [lat | 145] x [lon | 432]
Coordinates: 
            time: [12632..12910]
            z1_p_level: [1000..100]
            lat: [-40..40]
            lon: [ 0..359.1667]
Number Of Attributes: 9
  standard_name :	specific_humidity
  long_name :	SPECIFIC HUMIDITY ON P LEV/UV GRID
  missing_value :	-1.073742e+09
  stash_section :	30
  units :	1
  lookup_source :	defaults (cdunifpp V0.14pre1)
  stash_model :	1
  stash_item :	205
  _FillValue :	-1.073742e+09

Variable: u
Type: float
Total Size: 838874880 bytes
            209718720 values
Number of Dimensions: 4
Dimensions and sizes:	[time | 279] x [z1_p_level | 12] x [lat | 145] x [lon | 432]
Coordinates: 
            time: [12632..12910]
            z1_p_level: [1000..100]
            lat: [-40..40]
            lon: [ 0..359.1667]
Number Of Attributes: 9
  standard_name :	eastward_wind
  long_name :	U COMPNT OF WIND ON P LEV/UV GRID
  missing_value :	-1.073742e+09
  stash_section :	30
  units :	m s-1
  lookup_source :	defaults (cdunifpp V0.14pre1)
  stash_model :	1
  stash_item :	201
  _FillValue :	-1.073742e+09

Variable: v
Type: float
Total Size: 838874880 bytes
            209718720 values
Number of Dimensions: 4
Dimensions and sizes:	[time | 279] x [z1_p_level | 12] x [lat | 145] x [lon | 432]
Coordinates: 
            time: [12632..12910]
            z1_p_level: [1000..100]
            lat: [-40..40]
            lon: [ 0..359.1667]
Number Of Attributes: 9
  standard_name :	northward_wind
  long_name :	V COMPNT OF WIND ON P LEV/UV GRID
  missing_value :	-1.073742e+09
  stash_section :	30
  units :	m s-1
  lookup_source :	defaults (cdunifpp V0.14pre1)
  stash_model :	1
  stash_item :	202
  _FillValue :	-1.073742e+09
(0)	u contains missing values
(0)	u filled
(0)	v contains missing values
(0)	v filled
(0)	q contains missing values
(0)	q filled
(0)	w contains missing values
(0)	w filled
(0)	Calculating advection of moisture...
(0)	Calculating temporal tendency of moisture...

Variable: dq_dt
Type: float
Total Size: 838874880 bytes
            209718720 values
Number of Dimensions: 4
Dimensions and sizes:	[time | 279] x [z1_p_level | 12] x [lat | 145] x [lon | 432]
Coordinates: 
            time: [12632..12910]
            z1_p_level: [1000..100]
            lat: [-40..40]
            lon: [ 0..359.1667]
Number Of Attributes: 3
  units :	kg/kg s**-1
  long_name :	Temporal tendency of moisture
  _FillValue :	-1.073742e+09
(0)	Temporal tendency of moisture (kg/kg s**-1) : min=-1.8523e-07   max=1.8333e-07
(0)	Calculating convergence of moisture...
(0)	Calculating moisture loss (gain) due to the condensational heating
(0)	Calculating horizontal convergence of moisture flux...

Variable: fo_q
Type: float
Total Size: 63638784 bytes
            15909696 values
Number of Dimensions: 4
Dimensions and sizes:	[time | 279] x [z1_p_level | 12] x [lat | 33] x [lon | 144]
Coordinates: 
            time: [12632..12910]
            z1_p_level: [1000..100]
            lat: [ -40..  40]
            lon: [   0..357.5]
Number Of Attributes: 9
  missing_value :	-1.073742e+09
  _FillValue :	-1.073742e+09
  stash_item :	205
  stash_model :	1
  lookup_source :	defaults (cdunifpp V0.14pre1)
  units :	kg/kg
  stash_section :	30
  long_name :	SPECIFIC HUMIDITY ON P LEV/UV GRID
  standard_name :	specific_humidity

Variable: fo_dq_dt
Type: float
Total Size: 63638784 bytes
            15909696 values
Number of Dimensions: 4
Dimensions and sizes:	[time | 279] x [z1_p_level | 12] x [lat | 33] x [lon | 144]
Coordinates: 
            time: [12632..12910]
            z1_p_level: [1000..100]
            lat: [ -40..  40]
            lon: [   0..357.5]
Number Of Attributes: 3
  _FillValue :	-1.073742e+09
  long_name :	Temporal tendency of moisture
  units :	kg/kg s**-1
(0)	Writing output files...
20040830 e01
 Copyright (C) 1995-2019 - All Rights Reserved
 University Corporation for Atmospheric Research
 NCAR Command Language Version 6.6.2
 The use of this software is governed by a License Agreement.
 See http://www.ncl.ucar.edu/ for more details.
(0)	Script started at: Mon Aug 24 19:33:27 AEST 2026
(0)	short2flt: input variable is already type float: SPECIFIC HUMIDITY ON P LEV/UV GRID
(0)	short2flt: no conversion performed
(0)	short2flt: input variable is already type float: U COMPNT OF WIND ON P LEV/UV GRID
(0)	short2flt: no conversion performed
(0)	short2flt: input variable is already type float: V COMPNT OF WIND ON P LEV/UV GRID
(0)	short2flt: no conversion performed
(0)	short2flt: input variable is already type float: W COMPNT OF WIND ON P LEV/UV GRID
(0)	short2flt: no conversion performed
(0)	Reading variables...

Variable: q
Type: float
Total Size: 838874880 bytes
            209718720 values
Number of Dimensions: 4
Dimensions and sizes:	[time | 279] x [z1_p_level | 12] x [lat | 145] x [lon | 432]
Coordinates: 
            time: [12661..12939]
            z1_p_level: [1000..100]
            lat: [-40..40]
            lon: [ 0..359.1667]
Number Of Attributes: 9
  standard_name :	specific_humidity
  long_name :	SPECIFIC HUMIDITY ON P LEV/UV GRID
  missing_value :	-1.073742e+09
  stash_section :	30
  units :	1
  lookup_source :	defaults (cdunifpp V0.14pre1)
  stash_model :	1
  stash_item :	205
  _FillValue :	-1.073742e+09

Variable: u
Type: float
Total Size: 838874880 bytes
            209718720 values
Number of Dimensions: 4
Dimensions and sizes:	[time | 279] x [z1_p_level | 12] x [lat | 145] x [lon | 432]
Coordinates: 
            time: [12661..12939]
            z1_p_level: [1000..100]
            lat: [-40..40]
            lon: [ 0..359.1667]
Number Of Attributes: 9
  standard_name :	eastward_wind
  long_name :	U COMPNT OF WIND ON P LEV/UV GRID
  missing_value :	-1.073742e+09
  stash_section :	30
  units :	m s-1
  lookup_source :	defaults (cdunifpp V0.14pre1)
  stash_model :	1
  stash_item :	201
  _FillValue :	-1.073742e+09

Variable: v
Type: float
Total Size: 838874880 bytes
            209718720 values
Number of Dimensions: 4
Dimensions and sizes:	[time | 279] x [z1_p_level | 12] x [lat | 145] x [lon | 432]
Coordinates: 
            time: [12661..12939]
            z1_p_level: [1000..100]
            lat: [-40..40]
            lon: [ 0..359.1667]
Number Of Attributes: 9
  standard_name :	northward_wind
  long_name :	V COMPNT OF WIND ON P LEV/UV GRID
  missing_value :	-1.073742e+09
  stash_section :	30
  units :	m s-1
  lookup_source :	defaults (cdunifpp V0.14pre1)
  stash_model :	1
  stash_item :	202
  _FillValue :	-1.073742e+09
(0)	u contains missing values
(0)	u filled
(0)	v contains missing values
(0)	v filled
(0)	q contains missing values
(0)	q filled
(0)	w contains missing values
(0)	w filled
(0)	Calculating advection of moisture...
(0)	Calculating temporal tendency of moisture...

Variable: dq_dt
Type: float
Total Size: 838874880 bytes
            209718720 values
Number of Dimensions: 4
Dimensions and sizes:	[time | 279] x [z1_p_level | 12] x [lat | 145] x [lon | 432]
Coordinates: 
            time: [12661..12939]
            z1_p_level: [1000..100]
            lat: [-40..40]
            lon: [ 0..359.1667]
Number Of Attributes: 3
  units :	kg/kg s**-1
  long_name :	Temporal tendency of moisture
  _FillValue :	-1.073742e+09
(0)	Temporal tendency of moisture (kg/kg s**-1) : min=-1.91212e-07   max=1.7211e-07
(0)	Calculating convergence of moisture...
(0)	Calculating moisture loss (gain) due to the condensational heating
(0)	Calculating horizontal convergence of moisture flux...

Variable: fo_q
Type: float
Total Size: 63638784 bytes
            15909696 values
Number of Dimensions: 4
Dimensions and sizes:	[time | 279] x [z1_p_level | 12] x [lat | 33] x [lon | 144]
Coordinates: 
            time: [12661..12939]
            z1_p_level: [1000..100]
            lat: [ -40..  40]
            lon: [   0..357.5]
Number Of Attributes: 9
  missing_value :	-1.073742e+09
  _FillValue :	-1.073742e+09
  stash_item :	205
  stash_model :	1
  lookup_source :	defaults (cdunifpp V0.14pre1)
  units :	kg/kg
  stash_section :	30
  long_name :	SPECIFIC HUMIDITY ON P LEV/UV GRID
  standard_name :	specific_humidity

Variable: fo_dq_dt
Type: float
Total Size: 63638784 bytes
            15909696 values
Number of Dimensions: 4
Dimensions and sizes:	[time | 279] x [z1_p_level | 12] x [lat | 33] x [lon | 144]
Coordinates: 
            time: [12661..12939]
            z1_p_level: [1000..100]
            lat: [ -40..  40]
            lon: [   0..357.5]
Number Of Attributes: 3
  _FillValue :	-1.073742e+09
  long_name :	Temporal tendency of moisture
  units :	kg/kg s**-1
(0)	Writing output files...
20040701 e01
 Copyright (C) 1995-2019 - All Rights Reserved
 University Corporation for Atmospheric Research
 NCAR Command Language Version 6.6.2
 The use of this software is governed by a License Agreement.
 See http://www.ncl.ucar.edu/ for more details.
(0)	Script started at: Mon Aug 24 19:32:45 AEST 2026
(0)	short2flt: input variable is already type float: SPECIFIC HUMIDITY ON P LEV/UV GRID
(0)	short2flt: no conversion performed
(0)	short2flt: input variable is already type float: U COMPNT OF WIND ON P LEV/UV GRID
(0)	short2flt: no conversion performed
(0)	short2flt: input variable is already type float: V COMPNT OF WIND ON P LEV/UV GRID
(0)	short2flt: no conversion performed
(0)	short2flt: input variable is already type float: W COMPNT OF WIND ON P LEV/UV GRID
(0)	short2flt: no conversion performed
(0)	Reading variables...

Variable: q
Type: float
Total Size: 838874880 bytes
            209718720 values
Number of Dimensions: 4
Dimensions and sizes:	[time | 279] x [z1_p_level | 12] x [lat | 145] x [lon | 432]
Coordinates: 
            time: [12601..12879]
            z1_p_level: [1000..100]
            lat: [-40..40]
            lon: [ 0..359.1667]
Number Of Attributes: 9
  standard_name :	specific_humidity
  long_name :	SPECIFIC HUMIDITY ON P LEV/UV GRID
  missing_value :	-1.073742e+09
  stash_section :	30
  units :	1
  lookup_source :	defaults (cdunifpp V0.14pre1)
  stash_model :	1
  stash_item :	205
  _FillValue :	-1.073742e+09

Variable: u
Type: float
Total Size: 838874880 bytes
            209718720 values
Number of Dimensions: 4
Dimensions and sizes:	[time | 279] x [z1_p_level | 12] x [lat | 145] x [lon | 432]
Coordinates: 
            time: [12601..12879]
            z1_p_level: [1000..100]
            lat: [-40..40]
            lon: [ 0..359.1667]
Number Of Attributes: 9
  standard_name :	eastward_wind
  long_name :	U COMPNT OF WIND ON P LEV/UV GRID
  missing_value :	-1.073742e+09
  stash_section :	30
  units :	m s-1
  lookup_source :	defaults (cdunifpp V0.14pre1)
  stash_model :	1
  stash_item :	201
  _FillValue :	-1.073742e+09

Variable: v
Type: float
Total Size: 838874880 bytes
            209718720 values
Number of Dimensions: 4
Dimensions and sizes:	[time | 279] x [z1_p_level | 12] x [lat | 145] x [lon | 432]
Coordinates: 
            time: [12601..12879]
            z1_p_level: [1000..100]
            lat: [-40..40]
            lon: [ 0..359.1667]
Number Of Attributes: 9
  standard_name :	northward_wind
  long_name :	V COMPNT OF WIND ON P LEV/UV GRID
  missing_value :	-1.073742e+09
  stash_section :	30
  units :	m s-1
  lookup_source :	defaults (cdunifpp V0.14pre1)
  stash_model :	1
  stash_item :	202
  _FillValue :	-1.073742e+09
(0)	u contains missing values
(0)	u filled
(0)	v contains missing values
(0)	v filled
(0)	q contains missing values
(0)	q filled
(0)	w contains missing values
(0)	w filled
(0)	Calculating advection of moisture...
(0)	Calculating temporal tendency of moisture...

Variable: dq_dt
Type: float
Total Size: 838874880 bytes
            209718720 values
Number of Dimensions: 4
Dimensions and sizes:	[time | 279] x [z1_p_level | 12] x [lat | 145] x [lon | 432]
Coordinates: 
            time: [12601..12879]
            z1_p_level: [1000..100]
            lat: [-40..40]
            lon: [ 0..359.1667]
Number Of Attributes: 3
  units :	kg/kg s**-1
  long_name :	Temporal tendency of moisture
  _FillValue :	-1.073742e+09
(0)	Temporal tendency of moisture (kg/kg s**-1) : min=-1.88708e-07   max=1.75616e-07
(0)	Calculating convergence of moisture...
(0)	Calculating moisture loss (gain) due to the condensational heating
(0)	Calculating horizontal convergence of moisture flux...

Variable: fo_q
Type: float
Total Size: 63638784 bytes
            15909696 values
Number of Dimensions: 4
Dimensions and sizes:	[time | 279] x [z1_p_level | 12] x [lat | 33] x [lon | 144]
Coordinates: 
            time: [12601..12879]
            z1_p_level: [1000..100]
            lat: [ -40..  40]
            lon: [   0..357.5]
Number Of Attributes: 9
  missing_value :	-1.073742e+09
  _FillValue :	-1.073742e+09
  stash_item :	205
  stash_model :	1
  lookup_source :	defaults (cdunifpp V0.14pre1)
  units :	kg/kg
  stash_section :	30
  long_name :	SPECIFIC HUMIDITY ON P LEV/UV GRID
  standard_name :	specific_humidity

Variable: fo_dq_dt
Type: float
Total Size: 63638784 bytes
            15909696 values
Number of Dimensions: 4
Dimensions and sizes:	[time | 279] x [z1_p_level | 12] x [lat | 33] x [lon | 144]
Coordinates: 
            time: [12601..12879]
            z1_p_level: [1000..100]
            lat: [ -40..  40]
            lon: [   0..357.5]
Number Of Attributes: 3
  _FillValue :	-1.073742e+09
  long_name :	Temporal tendency of moisture
  units :	kg/kg s**-1
(0)	Writing output files...
20040831 e01
 Copyright (C) 1995-2019 - All Rights Reserved
 University Corporation for Atmospheric Research
 NCAR Command Language Version 6.6.2
 The use of this software is governed by a License Agreement.
 See http://www.ncl.ucar.edu/ for more details.
(0)	Script started at: Mon Aug 24 19:39:11 AEST 2026
(0)	short2flt: input variable is already type float: SPECIFIC HUMIDITY ON P LEV/UV GRID
(0)	short2flt: no conversion performed
(0)	short2flt: input variable is already type float: U COMPNT OF WIND ON P LEV/UV GRID
(0)	short2flt: no conversion performed
(0)	short2flt: input variable is already type float: V COMPNT OF WIND ON P LEV/UV GRID
(0)	short2flt: no conversion performed
(0)	short2flt: input variable is already type float: W COMPNT OF WIND ON P LEV/UV GRID
(0)	short2flt: no conversion performed
(0)	Reading variables...

Variable: q
Type: float
Total Size: 838874880 bytes
            209718720 values
Number of Dimensions: 4
Dimensions and sizes:	[time | 279] x [z1_p_level | 12] x [lat | 145] x [lon | 432]
Coordinates: 
            time: [12662..12940]
            z1_p_level: [1000..100]
            lat: [-40..40]
            lon: [ 0..359.1667]
Number Of Attributes: 9
  standard_name :	specific_humidity
  long_name :	SPECIFIC HUMIDITY ON P LEV/UV GRID
  missing_value :	-1.073742e+09
  stash_section :	30
  units :	1
  lookup_source :	defaults (cdunifpp V0.14pre1)
  stash_model :	1
  stash_item :	205
  _FillValue :	-1.073742e+09

Variable: u
Type: float
Total Size: 838874880 bytes
            209718720 values
Number of Dimensions: 4
Dimensions and sizes:	[time | 279] x [z1_p_level | 12] x [lat | 145] x [lon | 432]
Coordinates: 
            time: [12662..12940]
            z1_p_level: [1000..100]
            lat: [-40..40]
            lon: [ 0..359.1667]
Number Of Attributes: 9
  standard_name :	eastward_wind
  long_name :	U COMPNT OF WIND ON P LEV/UV GRID
  missing_value :	-1.073742e+09
  stash_section :	30
  units :	m s-1
  lookup_source :	defaults (cdunifpp V0.14pre1)
  stash_model :	1
  stash_item :	201
  _FillValue :	-1.073742e+09

Variable: v
Type: float
Total Size: 838874880 bytes
            209718720 values
Number of Dimensions: 4
Dimensions and sizes:	[time | 279] x [z1_p_level | 12] x [lat | 145] x [lon | 432]
Coordinates: 
            time: [12662..12940]
            z1_p_level: [1000..100]
            lat: [-40..40]
            lon: [ 0..359.1667]
Number Of Attributes: 9
  standard_name :	northward_wind
  long_name :	V COMPNT OF WIND ON P LEV/UV GRID
  missing_value :	-1.073742e+09
  stash_section :	30
  units :	m s-1
  lookup_source :	defaults (cdunifpp V0.14pre1)
  stash_model :	1
  stash_item :	202
  _FillValue :	-1.073742e+09
(0)	u contains missing values
(0)	u filled
(0)	v contains missing values
(0)	v filled
(0)	q contains missing values
(0)	q filled
(0)	w contains missing values
(0)	w filled
(0)	Calculating advection of moisture...
(0)	Calculating temporal tendency of moisture...

Variable: dq_dt
Type: float
Total Size: 838874880 bytes
            209718720 values
Number of Dimensions: 4
Dimensions and sizes:	[time | 279] x [z1_p_level | 12] x [lat | 145] x [lon | 432]
Coordinates: 
            time: [12662..12940]
            z1_p_level: [1000..100]
            lat: [-40..40]
            lon: [ 0..359.1667]
Number Of Attributes: 3
  units :	kg/kg s**-1
  long_name :	Temporal tendency of moisture
  _FillValue :	-1.073742e+09
(0)	Temporal tendency of moisture (kg/kg s**-1) : min=-1.94498e-07   max=1.79627e-07
(0)	Calculating convergence of moisture...
(0)	Calculating moisture loss (gain) due to the condensational heating
(0)	Calculating horizontal convergence of moisture flux...

Variable: fo_q
Type: float
Total Size: 63638784 bytes
            15909696 values
Number of Dimensions: 4
Dimensions and sizes:	[time | 279] x [z1_p_level | 12] x [lat | 33] x [lon | 144]
Coordinates: 
            time: [12662..12940]
            z1_p_level: [1000..100]
            lat: [ -40..  40]
            lon: [   0..357.5]
Number Of Attributes: 9
  missing_value :	-1.073742e+09
  _FillValue :	-1.073742e+09
  stash_item :	205
  stash_model :	1
  lookup_source :	defaults (cdunifpp V0.14pre1)
  units :	kg/kg
  stash_section :	30
  long_name :	SPECIFIC HUMIDITY ON P LEV/UV GRID
  standard_name :	specific_humidity

Variable: fo_dq_dt
Type: float
Total Size: 63638784 bytes
            15909696 values
Number of Dimensions: 4
Dimensions and sizes:	[time | 279] x [z1_p_level | 12] x [lat | 33] x [lon | 144]
Coordinates: 
            time: [12662..12940]
            z1_p_level: [1000..100]
            lat: [ -40..  40]
            lon: [   0..357.5]
Number Of Attributes: 3
  _FillValue :	-1.073742e+09
  long_name :	Temporal tendency of moisture
  units :	kg/kg s**-1
(0)	Writing output files...
20040901 e01
 Copyright (C) 1995-2019 - All Rights Reserved
 University Corporation for Atmospheric Research
 NCAR Command Language Version 6.6.2
 The use of this software is governed by a License Agreement.
 See http://www.ncl.ucar.edu/ for more details.
(0)	Script started at: Mon Aug 24 19:39:14 AEST 2026
(0)	short2flt: input variable is already type float: SPECIFIC HUMIDITY ON P LEV/UV GRID
(0)	short2flt: no conversion performed
(0)	short2flt: input variable is already type float: U COMPNT OF WIND ON P LEV/UV GRID
(0)	short2flt: no conversion performed
(0)	short2flt: input variable is already type float: V COMPNT OF WIND ON P LEV/UV GRID
(0)	short2flt: no conversion performed
(0)	short2flt: input variable is already type float: W COMPNT OF WIND ON P LEV/UV GRID
(0)	short2flt: no conversion performed
(0)	Reading variables...

Variable: q
Type: float
Total Size: 838874880 bytes
            209718720 values
Number of Dimensions: 4
Dimensions and sizes:	[time | 279] x [z1_p_level | 12] x [lat | 145] x [lon | 432]
Coordinates: 
            time: [12663..12941]
            z1_p_level: [1000..100]
            lat: [-40..40]
            lon: [ 0..359.1667]
Number Of Attributes: 9
  standard_name :	specific_humidity
  long_name :	SPECIFIC HUMIDITY ON P LEV/UV GRID
  missing_value :	-1.073742e+09
  stash_section :	30
  units :	1
  lookup_source :	defaults (cdunifpp V0.14pre1)
  stash_model :	1
  stash_item :	205
  _FillValue :	-1.073742e+09

Variable: u
Type: float
Total Size: 838874880 bytes
            209718720 values
Number of Dimensions: 4
Dimensions and sizes:	[time | 279] x [z1_p_level | 12] x [lat | 145] x [lon | 432]
Coordinates: 
            time: [12663..12941]
            z1_p_level: [1000..100]
            lat: [-40..40]
            lon: [ 0..359.1667]
Number Of Attributes: 9
  standard_name :	eastward_wind
  long_name :	U COMPNT OF WIND ON P LEV/UV GRID
  missing_value :	-1.073742e+09
  stash_section :	30
  units :	m s-1
  lookup_source :	defaults (cdunifpp V0.14pre1)
  stash_model :	1
  stash_item :	201
  _FillValue :	-1.073742e+09

Variable: v
Type: float
Total Size: 838874880 bytes
            209718720 values
Number of Dimensions: 4
Dimensions and sizes:	[time | 279] x [z1_p_level | 12] x [lat | 145] x [lon | 432]
Coordinates: 
            time: [12663..12941]
            z1_p_level: [1000..100]
            lat: [-40..40]
            lon: [ 0..359.1667]
Number Of Attributes: 9
  standard_name :	northward_wind
  long_name :	V COMPNT OF WIND ON P LEV/UV GRID
  missing_value :	-1.073742e+09
  stash_section :	30
  units :	m s-1
  lookup_source :	defaults (cdunifpp V0.14pre1)
  stash_model :	1
  stash_item :	202
  _FillValue :	-1.073742e+09
(0)	u contains missing values
(0)	u filled
(0)	v contains missing values
(0)	v filled
(0)	q contains missing values
(0)	q filled
(0)	w contains missing values
(0)	w filled
(0)	Calculating advection of moisture...
(0)	Calculating temporal tendency of moisture...

Variable: dq_dt
Type: float
Total Size: 838874880 bytes
            209718720 values
Number of Dimensions: 4
Dimensions and sizes:	[time | 279] x [z1_p_level | 12] x [lat | 145] x [lon | 432]
Coordinates: 
            time: [12663..12941]
            z1_p_level: [1000..100]
            lat: [-40..40]
            lon: [ 0..359.1667]
Number Of Attributes: 3
  units :	kg/kg s**-1
  long_name :	Temporal tendency of moisture
  _FillValue :	-1.073742e+09
(0)	Temporal tendency of moisture (kg/kg s**-1) : min=-1.90867e-07   max=1.93258e-07
(0)	Calculating convergence of moisture...
(0)	Calculating moisture loss (gain) due to the condensational heating
(0)	Calculating horizontal convergence of moisture flux...

Variable: fo_q
Type: float
Total Size: 63638784 bytes
            15909696 values
Number of Dimensions: 4
Dimensions and sizes:	[time | 279] x [z1_p_level | 12] x [lat | 33] x [lon | 144]
Coordinates: 
            time: [12663..12941]
            z1_p_level: [1000..100]
            lat: [ -40..  40]
            lon: [   0..357.5]
Number Of Attributes: 9
  missing_value :	-1.073742e+09
  _FillValue :	-1.073742e+09
  stash_item :	205
  stash_model :	1
  lookup_source :	defaults (cdunifpp V0.14pre1)
  units :	kg/kg
  stash_section :	30
  long_name :	SPECIFIC HUMIDITY ON P LEV/UV GRID
  standard_name :	specific_humidity

Variable: fo_dq_dt
Type: float
Total Size: 63638784 bytes
            15909696 values
Number of Dimensions: 4
Dimensions and sizes:	[time | 279] x [z1_p_level | 12] x [lat | 33] x [lon | 144]
Coordinates: 
            time: [12663..12941]
            z1_p_level: [1000..100]
            lat: [ -40..  40]
            lon: [   0..357.5]
Number Of Attributes: 3
  _FillValue :	-1.073742e+09
  long_name :	Temporal tendency of moisture
  units :	kg/kg s**-1
(0)	Writing output files...
20040930 e01
 Copyright (C) 1995-2019 - All Rights Reserved
 University Corporation for Atmospheric Research
 NCAR Command Language Version 6.6.2
 The use of this software is governed by a License Agreement.
 See http://www.ncl.ucar.edu/ for more details.
(0)	Script started at: Mon Aug 24 19:39:41 AEST 2026
(0)	short2flt: input variable is already type float: SPECIFIC HUMIDITY ON P LEV/UV GRID
(0)	short2flt: no conversion performed
(0)	short2flt: input variable is already type float: U COMPNT OF WIND ON P LEV/UV GRID
(0)	short2flt: no conversion performed
(0)	short2flt: input variable is already type float: V COMPNT OF WIND ON P LEV/UV GRID
(0)	short2flt: no conversion performed
(0)	short2flt: input variable is already type float: W COMPNT OF WIND ON P LEV/UV GRID
(0)	short2flt: no conversion performed
(0)	Reading variables...

Variable: q
Type: float
Total Size: 838874880 bytes
            209718720 values
Number of Dimensions: 4
Dimensions and sizes:	[time | 279] x [z1_p_level | 12] x [lat | 145] x [lon | 432]
Coordinates: 
            time: [12692..12970]
            z1_p_level: [1000..100]
            lat: [-40..40]
            lon: [ 0..359.1667]
Number Of Attributes: 9
  standard_name :	specific_humidity
  long_name :	SPECIFIC HUMIDITY ON P LEV/UV GRID
  missing_value :	-1.073742e+09
  stash_section :	30
  units :	1
  lookup_source :	defaults (cdunifpp V0.14pre1)
  stash_model :	1
  stash_item :	205
  _FillValue :	-1.073742e+09

Variable: u
Type: float
Total Size: 838874880 bytes
            209718720 values
Number of Dimensions: 4
Dimensions and sizes:	[time | 279] x [z1_p_level | 12] x [lat | 145] x [lon | 432]
Coordinates: 
            time: [12692..12970]
            z1_p_level: [1000..100]
            lat: [-40..40]
            lon: [ 0..359.1667]
Number Of Attributes: 9
  standard_name :	eastward_wind
  long_name :	U COMPNT OF WIND ON P LEV/UV GRID
  missing_value :	-1.073742e+09
  stash_section :	30
  units :	m s-1
  lookup_source :	defaults (cdunifpp V0.14pre1)
  stash_model :	1
  stash_item :	201
  _FillValue :	-1.073742e+09

Variable: v
Type: float
Total Size: 838874880 bytes
            209718720 values
Number of Dimensions: 4
Dimensions and sizes:	[time | 279] x [z1_p_level | 12] x [lat | 145] x [lon | 432]
Coordinates: 
            time: [12692..12970]
            z1_p_level: [1000..100]
            lat: [-40..40]
            lon: [ 0..359.1667]
Number Of Attributes: 9
  standard_name :	northward_wind
  long_name :	V COMPNT OF WIND ON P LEV/UV GRID
  missing_value :	-1.073742e+09
  stash_section :	30
  units :	m s-1
  lookup_source :	defaults (cdunifpp V0.14pre1)
  stash_model :	1
  stash_item :	202
  _FillValue :	-1.073742e+09
(0)	u contains missing values
(0)	u filled
(0)	v contains missing values
(0)	v filled
(0)	q contains missing values
(0)	q filled
(0)	w contains missing values
(0)	w filled
(0)	Calculating advection of moisture...
(0)	Calculating temporal tendency of moisture...

Variable: dq_dt
Type: float
Total Size: 838874880 bytes
            209718720 values
Number of Dimensions: 4
Dimensions and sizes:	[time | 279] x [z1_p_level | 12] x [lat | 145] x [lon | 432]
Coordinates: 
            time: [12692..12970]
            z1_p_level: [1000..100]
            lat: [-40..40]
            lon: [ 0..359.1667]
Number Of Attributes: 3
  units :	kg/kg s**-1
  long_name :	Temporal tendency of moisture
  _FillValue :	-1.073742e+09
(0)	Temporal tendency of moisture (kg/kg s**-1) : min=-1.8027e-07   max=1.77592e-07
(0)	Calculating convergence of moisture...
(0)	Calculating moisture loss (gain) due to the condensational heating
(0)	Calculating horizontal convergence of moisture flux...

Variable: fo_q
Type: float
Total Size: 63638784 bytes
            15909696 values
Number of Dimensions: 4
Dimensions and sizes:	[time | 279] x [z1_p_level | 12] x [lat | 33] x [lon | 144]
Coordinates: 
            time: [12692..12970]
            z1_p_level: [1000..100]
            lat: [ -40..  40]
            lon: [   0..357.5]
Number Of Attributes: 9
  missing_value :	-1.073742e+09
  _FillValue :	-1.073742e+09
  stash_item :	205
  stash_model :	1
  lookup_source :	defaults (cdunifpp V0.14pre1)
  units :	kg/kg
  stash_section :	30
  long_name :	SPECIFIC HUMIDITY ON P LEV/UV GRID
  standard_name :	specific_humidity

Variable: fo_dq_dt
Type: float
Total Size: 63638784 bytes
            15909696 values
Number of Dimensions: 4
Dimensions and sizes:	[time | 279] x [z1_p_level | 12] x [lat | 33] x [lon | 144]
Coordinates: 
            time: [12692..12970]
            z1_p_level: [1000..100]
            lat: [ -40..  40]
            lon: [   0..357.5]
Number Of Attributes: 3
  _FillValue :	-1.073742e+09
  long_name :	Temporal tendency of moisture
  units :	kg/kg s**-1
(0)	Writing output files...
20040929 e01
 Copyright (C) 1995-2019 - All Rights Reserved
 University Corporation for Atmospheric Research
 NCAR Command Language Version 6.6.2
 The use of this software is governed by a License Agreement.
 See http://www.ncl.ucar.edu/ for more details.
(0)	Script started at: Mon Aug 24 19:39:30 AEST 2026
(0)	short2flt: input variable is already type float: SPECIFIC HUMIDITY ON P LEV/UV GRID
(0)	short2flt: no conversion performed
(0)	short2flt: input variable is already type float: U COMPNT OF WIND ON P LEV/UV GRID
(0)	short2flt: no conversion performed
(0)	short2flt: input variable is already type float: V COMPNT OF WIND ON P LEV/UV GRID
(0)	short2flt: no conversion performed
(0)	short2flt: input variable is already type float: W COMPNT OF WIND ON P LEV/UV GRID
(0)	short2flt: no conversion performed
(0)	Reading variables...

Variable: q
Type: float
Total Size: 838874880 bytes
            209718720 values
Number of Dimensions: 4
Dimensions and sizes:	[time | 279] x [z1_p_level | 12] x [lat | 145] x [lon | 432]
Coordinates: 
            time: [12691..12969]
            z1_p_level: [1000..100]
            lat: [-40..40]
            lon: [ 0..359.1667]
Number Of Attributes: 9
  standard_name :	specific_humidity
  long_name :	SPECIFIC HUMIDITY ON P LEV/UV GRID
  missing_value :	-1.073742e+09
  stash_section :	30
  units :	1
  lookup_source :	defaults (cdunifpp V0.14pre1)
  stash_model :	1
  stash_item :	205
  _FillValue :	-1.073742e+09

Variable: u
Type: float
Total Size: 838874880 bytes
            209718720 values
Number of Dimensions: 4
Dimensions and sizes:	[time | 279] x [z1_p_level | 12] x [lat | 145] x [lon | 432]
Coordinates: 
            time: [12691..12969]
            z1_p_level: [1000..100]
            lat: [-40..40]
            lon: [ 0..359.1667]
Number Of Attributes: 9
  standard_name :	eastward_wind
  long_name :	U COMPNT OF WIND ON P LEV/UV GRID
  missing_value :	-1.073742e+09
  stash_section :	30
  units :	m s-1
  lookup_source :	defaults (cdunifpp V0.14pre1)
  stash_model :	1
  stash_item :	201
  _FillValue :	-1.073742e+09

Variable: v
Type: float
Total Size: 838874880 bytes
            209718720 values
Number of Dimensions: 4
Dimensions and sizes:	[time | 279] x [z1_p_level | 12] x [lat | 145] x [lon | 432]
Coordinates: 
            time: [12691..12969]
            z1_p_level: [1000..100]
            lat: [-40..40]
            lon: [ 0..359.1667]
Number Of Attributes: 9
  standard_name :	northward_wind
  long_name :	V COMPNT OF WIND ON P LEV/UV GRID
  missing_value :	-1.073742e+09
  stash_section :	30
  units :	m s-1
  lookup_source :	defaults (cdunifpp V0.14pre1)
  stash_model :	1
  stash_item :	202
  _FillValue :	-1.073742e+09
(0)	u contains missing values
(0)	u filled
(0)	v contains missing values
(0)	v filled
(0)	q contains missing values
(0)	q filled
(0)	w contains missing values
(0)	w filled
(0)	Calculating advection of moisture...
(0)	Calculating temporal tendency of moisture...

Variable: dq_dt
Type: float
Total Size: 838874880 bytes
            209718720 values
Number of Dimensions: 4
Dimensions and sizes:	[time | 279] x [z1_p_level | 12] x [lat | 145] x [lon | 432]
Coordinates: 
            time: [12691..12969]
            z1_p_level: [1000..100]
            lat: [-40..40]
            lon: [ 0..359.1667]
Number Of Attributes: 3
  units :	kg/kg s**-1
  long_name :	Temporal tendency of moisture
  _FillValue :	-1.073742e+09
(0)	Temporal tendency of moisture (kg/kg s**-1) : min=-1.71362e-07   max=1.87787e-07
(0)	Calculating convergence of moisture...
(0)	Calculating moisture loss (gain) due to the condensational heating
(0)	Calculating horizontal convergence of moisture flux...

Variable: fo_q
Type: float
Total Size: 63638784 bytes
            15909696 values
Number of Dimensions: 4
Dimensions and sizes:	[time | 279] x [z1_p_level | 12] x [lat | 33] x [lon | 144]
Coordinates: 
            time: [12691..12969]
            z1_p_level: [1000..100]
            lat: [ -40..  40]
            lon: [   0..357.5]
Number Of Attributes: 9
  missing_value :	-1.073742e+09
  _FillValue :	-1.073742e+09
  stash_item :	205
  stash_model :	1
  lookup_source :	defaults (cdunifpp V0.14pre1)
  units :	kg/kg
  stash_section :	30
  long_name :	SPECIFIC HUMIDITY ON P LEV/UV GRID
  standard_name :	specific_humidity

Variable: fo_dq_dt
Type: float
Total Size: 63638784 bytes
            15909696 values
Number of Dimensions: 4
Dimensions and sizes:	[time | 279] x [z1_p_level | 12] x [lat | 33] x [lon | 144]
Coordinates: 
            time: [12691..12969]
            z1_p_level: [1000..100]
            lat: [ -40..  40]
            lon: [   0..357.5]
Number Of Attributes: 3
  _FillValue :	-1.073742e+09
  long_name :	Temporal tendency of moisture
  units :	kg/kg s**-1
(0)	Writing output files...
20041001 e01
 Copyright (C) 1995-2019 - All Rights Reserved
 University Corporation for Atmospheric Research
 NCAR Command Language Version 6.6.2
 The use of this software is governed by a License Agreement.
 See http://www.ncl.ucar.edu/ for more details.
(0)	Script started at: Mon Aug 24 19:40:27 AEST 2026
(0)	short2flt: input variable is already type float: SPECIFIC HUMIDITY ON P LEV/UV GRID
(0)	short2flt: no conversion performed
(0)	short2flt: input variable is already type float: U COMPNT OF WIND ON P LEV/UV GRID
(0)	short2flt: no conversion performed
(0)	short2flt: input variable is already type float: V COMPNT OF WIND ON P LEV/UV GRID
(0)	short2flt: no conversion performed
(0)	short2flt: input variable is already type float: W COMPNT OF WIND ON P LEV/UV GRID
(0)	short2flt: no conversion performed
(0)	Reading variables...

Variable: q
Type: float
Total Size: 838874880 bytes
            209718720 values
Number of Dimensions: 4
Dimensions and sizes:	[time | 279] x [z1_p_level | 12] x [lat | 145] x [lon | 432]
Coordinates: 
            time: [12693..12971]
            z1_p_level: [1000..100]
            lat: [-40..40]
            lon: [ 0..359.1667]
Number Of Attributes: 9
  standard_name :	specific_humidity
  long_name :	SPECIFIC HUMIDITY ON P LEV/UV GRID
  missing_value :	-1.073742e+09
  stash_section :	30
  units :	1
  lookup_source :	defaults (cdunifpp V0.14pre1)
  stash_model :	1
  stash_item :	205
  _FillValue :	-1.073742e+09

Variable: u
Type: float
Total Size: 838874880 bytes
            209718720 values
Number of Dimensions: 4
Dimensions and sizes:	[time | 279] x [z1_p_level | 12] x [lat | 145] x [lon | 432]
Coordinates: 
            time: [12693..12971]
            z1_p_level: [1000..100]
            lat: [-40..40]
            lon: [ 0..359.1667]
Number Of Attributes: 9
  standard_name :	eastward_wind
  long_name :	U COMPNT OF WIND ON P LEV/UV GRID
  missing_value :	-1.073742e+09
  stash_section :	30
  units :	m s-1
  lookup_source :	defaults (cdunifpp V0.14pre1)
  stash_model :	1
  stash_item :	201
  _FillValue :	-1.073742e+09

Variable: v
Type: float
Total Size: 838874880 bytes
            209718720 values
Number of Dimensions: 4
Dimensions and sizes:	[time | 279] x [z1_p_level | 12] x [lat | 145] x [lon | 432]
Coordinates: 
            time: [12693..12971]
            z1_p_level: [1000..100]
            lat: [-40..40]
            lon: [ 0..359.1667]
Number Of Attributes: 9
  standard_name :	northward_wind
  long_name :	V COMPNT OF WIND ON P LEV/UV GRID
  missing_value :	-1.073742e+09
  stash_section :	30
  units :	m s-1
  lookup_source :	defaults (cdunifpp V0.14pre1)
  stash_model :	1
  stash_item :	202
  _FillValue :	-1.073742e+09
(0)	u contains missing values
(0)	u filled
(0)	v contains missing values
(0)	v filled
(0)	q contains missing values
(0)	q filled
(0)	w contains missing values
(0)	w filled
(0)	Calculating advection of moisture...
(0)	Calculating temporal tendency of moisture...

Variable: dq_dt
Type: float
Total Size: 838874880 bytes
            209718720 values
Number of Dimensions: 4
Dimensions and sizes:	[time | 279] x [z1_p_level | 12] x [lat | 145] x [lon | 432]
Coordinates: 
            time: [12693..12971]
            z1_p_level: [1000..100]
            lat: [-40..40]
            lon: [ 0..359.1667]
Number Of Attributes: 3
  units :	kg/kg s**-1
  long_name :	Temporal tendency of moisture
  _FillValue :	-1.073742e+09
(0)	Temporal tendency of moisture (kg/kg s**-1) : min=-1.86588e-07   max=1.83498e-07
(0)	Calculating convergence of moisture...
(0)	Calculating moisture loss (gain) due to the condensational heating
(0)	Calculating horizontal convergence of moisture flux...

Variable: fo_q
Type: float
Total Size: 63638784 bytes
            15909696 values
Number of Dimensions: 4
Dimensions and sizes:	[time | 279] x [z1_p_level | 12] x [lat | 33] x [lon | 144]
Coordinates: 
            time: [12693..12971]
            z1_p_level: [1000..100]
            lat: [ -40..  40]
            lon: [   0..357.5]
Number Of Attributes: 9
  missing_value :	-1.073742e+09
  _FillValue :	-1.073742e+09
  stash_item :	205
  stash_model :	1
  lookup_source :	defaults (cdunifpp V0.14pre1)
  units :	kg/kg
  stash_section :	30
  long_name :	SPECIFIC HUMIDITY ON P LEV/UV GRID
  standard_name :	specific_humidity

Variable: fo_dq_dt
Type: float
Total Size: 63638784 bytes
            15909696 values
Number of Dimensions: 4
Dimensions and sizes:	[time | 279] x [z1_p_level | 12] x [lat | 33] x [lon | 144]
Coordinates: 
            time: [12693..12971]
            z1_p_level: [1000..100]
            lat: [ -40..  40]
            lon: [   0..357.5]
Number Of Attributes: 3
  _FillValue :	-1.073742e+09
  long_name :	Temporal tendency of moisture
  units :	kg/kg s**-1
(0)	Writing output files...
20041031 e01
 Copyright (C) 1995-2019 - All Rights Reserved
 University Corporation for Atmospheric Research
 NCAR Command Language Version 6.6.2
 The use of this software is governed by a License Agreement.
 See http://www.ncl.ucar.edu/ for more details.
(0)	Script started at: Mon Aug 24 19:45:37 AEST 2026
(0)	short2flt: input variable is already type float: SPECIFIC HUMIDITY ON P LEV/UV GRID
(0)	short2flt: no conversion performed
(0)	short2flt: input variable is already type float: U COMPNT OF WIND ON P LEV/UV GRID
(0)	short2flt: no conversion performed
(0)	short2flt: input variable is already type float: V COMPNT OF WIND ON P LEV/UV GRID
(0)	short2flt: no conversion performed
(0)	short2flt: input variable is already type float: W COMPNT OF WIND ON P LEV/UV GRID
(0)	short2flt: no conversion performed
(0)	Reading variables...

Variable: q
Type: float
Total Size: 838874880 bytes
            209718720 values
Number of Dimensions: 4
Dimensions and sizes:	[time | 279] x [z1_p_level | 12] x [lat | 145] x [lon | 432]
Coordinates: 
            time: [12723..13001]
            z1_p_level: [1000..100]
            lat: [-40..40]
            lon: [ 0..359.1667]
Number Of Attributes: 9
  standard_name :	specific_humidity
  long_name :	SPECIFIC HUMIDITY ON P LEV/UV GRID
  missing_value :	-1.073742e+09
  stash_section :	30
  units :	1
  lookup_source :	defaults (cdunifpp V0.14pre1)
  stash_model :	1
  stash_item :	205
  _FillValue :	-1.073742e+09

Variable: u
Type: float
Total Size: 838874880 bytes
            209718720 values
Number of Dimensions: 4
Dimensions and sizes:	[time | 279] x [z1_p_level | 12] x [lat | 145] x [lon | 432]
Coordinates: 
            time: [12723..13001]
            z1_p_level: [1000..100]
            lat: [-40..40]
            lon: [ 0..359.1667]
Number Of Attributes: 9
  standard_name :	eastward_wind
  long_name :	U COMPNT OF WIND ON P LEV/UV GRID
  missing_value :	-1.073742e+09
  stash_section :	30
  units :	m s-1
  lookup_source :	defaults (cdunifpp V0.14pre1)
  stash_model :	1
  stash_item :	201
  _FillValue :	-1.073742e+09

Variable: v
Type: float
Total Size: 838874880 bytes
            209718720 values
Number of Dimensions: 4
Dimensions and sizes:	[time | 279] x [z1_p_level | 12] x [lat | 145] x [lon | 432]
Coordinates: 
            time: [12723..13001]
            z1_p_level: [1000..100]
            lat: [-40..40]
            lon: [ 0..359.1667]
Number Of Attributes: 9
  standard_name :	northward_wind
  long_name :	V COMPNT OF WIND ON P LEV/UV GRID
  missing_value :	-1.073742e+09
  stash_section :	30
  units :	m s-1
  lookup_source :	defaults (cdunifpp V0.14pre1)
  stash_model :	1
  stash_item :	202
  _FillValue :	-1.073742e+09
(0)	u contains missing values
(0)	u filled
(0)	v contains missing values
(0)	v filled
(0)	q contains missing values
(0)	q filled
(0)	w contains missing values
(0)	w filled
(0)	Calculating advection of moisture...
(0)	Calculating temporal tendency of moisture...

Variable: dq_dt
Type: float
Total Size: 838874880 bytes
            209718720 values
Number of Dimensions: 4
Dimensions and sizes:	[time | 279] x [z1_p_level | 12] x [lat | 145] x [lon | 432]
Coordinates: 
            time: [12723..13001]
            z1_p_level: [1000..100]
            lat: [-40..40]
            lon: [ 0..359.1667]
Number Of Attributes: 3
  units :	kg/kg s**-1
  long_name :	Temporal tendency of moisture
  _FillValue :	-1.073742e+09
(0)	Temporal tendency of moisture (kg/kg s**-1) : min=-1.88942e-07   max=1.79542e-07
(0)	Calculating convergence of moisture...
(0)	Calculating moisture loss (gain) due to the condensational heating
(0)	Calculating horizontal convergence of moisture flux...

Variable: fo_q
Type: float
Total Size: 63638784 bytes
            15909696 values
Number of Dimensions: 4
Dimensions and sizes:	[time | 279] x [z1_p_level | 12] x [lat | 33] x [lon | 144]
Coordinates: 
            time: [12723..13001]
            z1_p_level: [1000..100]
            lat: [ -40..  40]
            lon: [   0..357.5]
Number Of Attributes: 9
  missing_value :	-1.073742e+09
  _FillValue :	-1.073742e+09
  stash_item :	205
  stash_model :	1
  lookup_source :	defaults (cdunifpp V0.14pre1)
  units :	kg/kg
  stash_section :	30
  long_name :	SPECIFIC HUMIDITY ON P LEV/UV GRID
  standard_name :	specific_humidity

Variable: fo_dq_dt
Type: float
Total Size: 63638784 bytes
            15909696 values
Number of Dimensions: 4
Dimensions and sizes:	[time | 279] x [z1_p_level | 12] x [lat | 33] x [lon | 144]
Coordinates: 
            time: [12723..13001]
            z1_p_level: [1000..100]
            lat: [ -40..  40]
            lon: [   0..357.5]
Number Of Attributes: 3
  _FillValue :	-1.073742e+09
  long_name :	Temporal tendency of moisture
  units :	kg/kg s**-1
(0)	Writing output files...
20041030 e01
 Copyright (C) 1995-2019 - All Rights Reserved
 University Corporation for Atmospheric Research
 NCAR Command Language Version 6.6.2
 The use of this software is governed by a License Agreement.
 See http://www.ncl.ucar.edu/ for more details.
(0)	Script started at: Mon Aug 24 19:45:14 AEST 2026
(0)	short2flt: input variable is already type float: SPECIFIC HUMIDITY ON P LEV/UV GRID
(0)	short2flt: no conversion performed
(0)	short2flt: input variable is already type float: U COMPNT OF WIND ON P LEV/UV GRID
(0)	short2flt: no conversion performed
(0)	short2flt: input variable is already type float: V COMPNT OF WIND ON P LEV/UV GRID
(0)	short2flt: no conversion performed
(0)	short2flt: input variable is already type float: W COMPNT OF WIND ON P LEV/UV GRID
(0)	short2flt: no conversion performed
(0)	Reading variables...

Variable: q
Type: float
Total Size: 838874880 bytes
            209718720 values
Number of Dimensions: 4
Dimensions and sizes:	[time | 279] x [z1_p_level | 12] x [lat | 145] x [lon | 432]
Coordinates: 
            time: [12722..13000]
            z1_p_level: [1000..100]
            lat: [-40..40]
            lon: [ 0..359.1667]
Number Of Attributes: 9
  standard_name :	specific_humidity
  long_name :	SPECIFIC HUMIDITY ON P LEV/UV GRID
  missing_value :	-1.073742e+09
  stash_section :	30
  units :	1
  lookup_source :	defaults (cdunifpp V0.14pre1)
  stash_model :	1
  stash_item :	205
  _FillValue :	-1.073742e+09

Variable: u
Type: float
Total Size: 838874880 bytes
            209718720 values
Number of Dimensions: 4
Dimensions and sizes:	[time | 279] x [z1_p_level | 12] x [lat | 145] x [lon | 432]
Coordinates: 
            time: [12722..13000]
            z1_p_level: [1000..100]
            lat: [-40..40]
            lon: [ 0..359.1667]
Number Of Attributes: 9
  standard_name :	eastward_wind
  long_name :	U COMPNT OF WIND ON P LEV/UV GRID
  missing_value :	-1.073742e+09
  stash_section :	30
  units :	m s-1
  lookup_source :	defaults (cdunifpp V0.14pre1)
  stash_model :	1
  stash_item :	201
  _FillValue :	-1.073742e+09

Variable: v
Type: float
Total Size: 838874880 bytes
            209718720 values
Number of Dimensions: 4
Dimensions and sizes:	[time | 279] x [z1_p_level | 12] x [lat | 145] x [lon | 432]
Coordinates: 
            time: [12722..13000]
            z1_p_level: [1000..100]
            lat: [-40..40]
            lon: [ 0..359.1667]
Number Of Attributes: 9
  standard_name :	northward_wind
  long_name :	V COMPNT OF WIND ON P LEV/UV GRID
  missing_value :	-1.073742e+09
  stash_section :	30
  units :	m s-1
  lookup_source :	defaults (cdunifpp V0.14pre1)
  stash_model :	1
  stash_item :	202
  _FillValue :	-1.073742e+09
(0)	u contains missing values
(0)	u filled
(0)	v contains missing values
(0)	v filled
(0)	q contains missing values
(0)	q filled
(0)	w contains missing values
(0)	w filled
(0)	Calculating advection of moisture...
(0)	Calculating temporal tendency of moisture...

Variable: dq_dt
Type: float
Total Size: 838874880 bytes
            209718720 values
Number of Dimensions: 4
Dimensions and sizes:	[time | 279] x [z1_p_level | 12] x [lat | 145] x [lon | 432]
Coordinates: 
            time: [12722..13000]
            z1_p_level: [1000..100]
            lat: [-40..40]
            lon: [ 0..359.1667]
Number Of Attributes: 3
  units :	kg/kg s**-1
  long_name :	Temporal tendency of moisture
  _FillValue :	-1.073742e+09
(0)	Temporal tendency of moisture (kg/kg s**-1) : min=-2.00753e-07   max=1.83484e-07
(0)	Calculating convergence of moisture...
(0)	Calculating moisture loss (gain) due to the condensational heating
(0)	Calculating horizontal convergence of moisture flux...

Variable: fo_q
Type: float
Total Size: 63638784 bytes
            15909696 values
Number of Dimensions: 4
Dimensions and sizes:	[time | 279] x [z1_p_level | 12] x [lat | 33] x [lon | 144]
Coordinates: 
            time: [12722..13000]
            z1_p_level: [1000..100]
            lat: [ -40..  40]
            lon: [   0..357.5]
Number Of Attributes: 9
  missing_value :	-1.073742e+09
  _FillValue :	-1.073742e+09
  stash_item :	205
  stash_model :	1
  lookup_source :	defaults (cdunifpp V0.14pre1)
  units :	kg/kg
  stash_section :	30
  long_name :	SPECIFIC HUMIDITY ON P LEV/UV GRID
  standard_name :	specific_humidity

Variable: fo_dq_dt
Type: float
Total Size: 63638784 bytes
            15909696 values
Number of Dimensions: 4
Dimensions and sizes:	[time | 279] x [z1_p_level | 12] x [lat | 33] x [lon | 144]
Coordinates: 
            time: [12722..13000]
            z1_p_level: [1000..100]
            lat: [ -40..  40]
            lon: [   0..357.5]
Number Of Attributes: 3
  _FillValue :	-1.073742e+09
  long_name :	Temporal tendency of moisture
  units :	kg/kg s**-1
(0)	Writing output files...
20041129 e01
 Copyright (C) 1995-2019 - All Rights Reserved
 University Corporation for Atmospheric Research
 NCAR Command Language Version 6.6.2
 The use of this software is governed by a License Agreement.
 See http://www.ncl.ucar.edu/ for more details.
(0)	Script started at: Mon Aug 24 19:45:59 AEST 2026
(0)	short2flt: input variable is already type float: SPECIFIC HUMIDITY ON P LEV/UV GRID
(0)	short2flt: no conversion performed
(0)	short2flt: input variable is already type float: U COMPNT OF WIND ON P LEV/UV GRID
(0)	short2flt: no conversion performed
(0)	short2flt: input variable is already type float: V COMPNT OF WIND ON P LEV/UV GRID
(0)	short2flt: no conversion performed
(0)	short2flt: input variable is already type float: W COMPNT OF WIND ON P LEV/UV GRID
(0)	short2flt: no conversion performed
(0)	Reading variables...

Variable: q
Type: float
Total Size: 838874880 bytes
            209718720 values
Number of Dimensions: 4
Dimensions and sizes:	[time | 279] x [z1_p_level | 12] x [lat | 145] x [lon | 432]
Coordinates: 
            time: [12752..13030]
            z1_p_level: [1000..100]
            lat: [-40..40]
            lon: [ 0..359.1667]
Number Of Attributes: 9
  standard_name :	specific_humidity
  long_name :	SPECIFIC HUMIDITY ON P LEV/UV GRID
  missing_value :	-1.073742e+09
  stash_section :	30
  units :	1
  lookup_source :	defaults (cdunifpp V0.14pre1)
  stash_model :	1
  stash_item :	205
  _FillValue :	-1.073742e+09

Variable: u
Type: float
Total Size: 838874880 bytes
            209718720 values
Number of Dimensions: 4
Dimensions and sizes:	[time | 279] x [z1_p_level | 12] x [lat | 145] x [lon | 432]
Coordinates: 
            time: [12752..13030]
            z1_p_level: [1000..100]
            lat: [-40..40]
            lon: [ 0..359.1667]
Number Of Attributes: 9
  standard_name :	eastward_wind
  long_name :	U COMPNT OF WIND ON P LEV/UV GRID
  missing_value :	-1.073742e+09
  stash_section :	30
  units :	m s-1
  lookup_source :	defaults (cdunifpp V0.14pre1)
  stash_model :	1
  stash_item :	201
  _FillValue :	-1.073742e+09

Variable: v
Type: float
Total Size: 838874880 bytes
            209718720 values
Number of Dimensions: 4
Dimensions and sizes:	[time | 279] x [z1_p_level | 12] x [lat | 145] x [lon | 432]
Coordinates: 
            time: [12752..13030]
            z1_p_level: [1000..100]
            lat: [-40..40]
            lon: [ 0..359.1667]
Number Of Attributes: 9
  standard_name :	northward_wind
  long_name :	V COMPNT OF WIND ON P LEV/UV GRID
  missing_value :	-1.073742e+09
  stash_section :	30
  units :	m s-1
  lookup_source :	defaults (cdunifpp V0.14pre1)
  stash_model :	1
  stash_item :	202
  _FillValue :	-1.073742e+09
(0)	u contains missing values
(0)	u filled
(0)	v contains missing values
(0)	v filled
(0)	q contains missing values
(0)	q filled
(0)	w contains missing values
(0)	w filled
(0)	Calculating advection of moisture...
(0)	Calculating temporal tendency of moisture...

Variable: dq_dt
Type: float
Total Size: 838874880 bytes
            209718720 values
Number of Dimensions: 4
Dimensions and sizes:	[time | 279] x [z1_p_level | 12] x [lat | 145] x [lon | 432]
Coordinates: 
            time: [12752..13030]
            z1_p_level: [1000..100]
            lat: [-40..40]
            lon: [ 0..359.1667]
Number Of Attributes: 3
  units :	kg/kg s**-1
  long_name :	Temporal tendency of moisture
  _FillValue :	-1.073742e+09
(0)	Temporal tendency of moisture (kg/kg s**-1) : min=-1.84253e-07   max=1.77285e-07
(0)	Calculating convergence of moisture...
(0)	Calculating moisture loss (gain) due to the condensational heating
(0)	Calculating horizontal convergence of moisture flux...

Variable: fo_q
Type: float
Total Size: 63638784 bytes
            15909696 values
Number of Dimensions: 4
Dimensions and sizes:	[time | 279] x [z1_p_level | 12] x [lat | 33] x [lon | 144]
Coordinates: 
            time: [12752..13030]
            z1_p_level: [1000..100]
            lat: [ -40..  40]
            lon: [   0..357.5]
Number Of Attributes: 9
  missing_value :	-1.073742e+09
  _FillValue :	-1.073742e+09
  stash_item :	205
  stash_model :	1
  lookup_source :	defaults (cdunifpp V0.14pre1)
  units :	kg/kg
  stash_section :	30
  long_name :	SPECIFIC HUMIDITY ON P LEV/UV GRID
  standard_name :	specific_humidity

Variable: fo_dq_dt
Type: float
Total Size: 63638784 bytes
            15909696 values
Number of Dimensions: 4
Dimensions and sizes:	[time | 279] x [z1_p_level | 12] x [lat | 33] x [lon | 144]
Coordinates: 
            time: [12752..13030]
            z1_p_level: [1000..100]
            lat: [ -40..  40]
            lon: [   0..357.5]
Number Of Attributes: 3
  _FillValue :	-1.073742e+09
  long_name :	Temporal tendency of moisture
  units :	kg/kg s**-1
(0)	Writing output files...
20041101 e01
 Copyright (C) 1995-2019 - All Rights Reserved
 University Corporation for Atmospheric Research
 NCAR Command Language Version 6.6.2
 The use of this software is governed by a License Agreement.
 See http://www.ncl.ucar.edu/ for more details.
(0)	Script started at: Mon Aug 24 19:45:56 AEST 2026
(0)	short2flt: input variable is already type float: SPECIFIC HUMIDITY ON P LEV/UV GRID
(0)	short2flt: no conversion performed
(0)	short2flt: input variable is already type float: U COMPNT OF WIND ON P LEV/UV GRID
(0)	short2flt: no conversion performed
(0)	short2flt: input variable is already type float: V COMPNT OF WIND ON P LEV/UV GRID
(0)	short2flt: no conversion performed
(0)	short2flt: input variable is already type float: W COMPNT OF WIND ON P LEV/UV GRID
(0)	short2flt: no conversion performed
(0)	Reading variables...

Variable: q
Type: float
Total Size: 838874880 bytes
            209718720 values
Number of Dimensions: 4
Dimensions and sizes:	[time | 279] x [z1_p_level | 12] x [lat | 145] x [lon | 432]
Coordinates: 
            time: [12724..13002]
            z1_p_level: [1000..100]
            lat: [-40..40]
            lon: [ 0..359.1667]
Number Of Attributes: 9
  standard_name :	specific_humidity
  long_name :	SPECIFIC HUMIDITY ON P LEV/UV GRID
  missing_value :	-1.073742e+09
  stash_section :	30
  units :	1
  lookup_source :	defaults (cdunifpp V0.14pre1)
  stash_model :	1
  stash_item :	205
  _FillValue :	-1.073742e+09

Variable: u
Type: float
Total Size: 838874880 bytes
            209718720 values
Number of Dimensions: 4
Dimensions and sizes:	[time | 279] x [z1_p_level | 12] x [lat | 145] x [lon | 432]
Coordinates: 
            time: [12724..13002]
            z1_p_level: [1000..100]
            lat: [-40..40]
            lon: [ 0..359.1667]
Number Of Attributes: 9
  standard_name :	eastward_wind
  long_name :	U COMPNT OF WIND ON P LEV/UV GRID
  missing_value :	-1.073742e+09
  stash_section :	30
  units :	m s-1
  lookup_source :	defaults (cdunifpp V0.14pre1)
  stash_model :	1
  stash_item :	201
  _FillValue :	-1.073742e+09

Variable: v
Type: float
Total Size: 838874880 bytes
            209718720 values
Number of Dimensions: 4
Dimensions and sizes:	[time | 279] x [z1_p_level | 12] x [lat | 145] x [lon | 432]
Coordinates: 
            time: [12724..13002]
            z1_p_level: [1000..100]
            lat: [-40..40]
            lon: [ 0..359.1667]
Number Of Attributes: 9
  standard_name :	northward_wind
  long_name :	V COMPNT OF WIND ON P LEV/UV GRID
  missing_value :	-1.073742e+09
  stash_section :	30
  units :	m s-1
  lookup_source :	defaults (cdunifpp V0.14pre1)
  stash_model :	1
  stash_item :	202
  _FillValue :	-1.073742e+09
(0)	u contains missing values
(0)	u filled
(0)	v contains missing values
(0)	v filled
(0)	q contains missing values
(0)	q filled
(0)	w contains missing values
(0)	w filled
(0)	Calculating advection of moisture...
(0)	Calculating temporal tendency of moisture...

Variable: dq_dt
Type: float
Total Size: 838874880 bytes
            209718720 values
Number of Dimensions: 4
Dimensions and sizes:	[time | 279] x [z1_p_level | 12] x [lat | 145] x [lon | 432]
Coordinates: 
            time: [12724..13002]
            z1_p_level: [1000..100]
            lat: [-40..40]
            lon: [ 0..359.1667]
Number Of Attributes: 3
  units :	kg/kg s**-1
  long_name :	Temporal tendency of moisture
  _FillValue :	-1.073742e+09
(0)	Temporal tendency of moisture (kg/kg s**-1) : min=-1.98665e-07   max=1.94735e-07
(0)	Calculating convergence of moisture...
(0)	Calculating moisture loss (gain) due to the condensational heating
(0)	Calculating horizontal convergence of moisture flux...

Variable: fo_q
Type: float
Total Size: 63638784 bytes
            15909696 values
Number of Dimensions: 4
Dimensions and sizes:	[time | 279] x [z1_p_level | 12] x [lat | 33] x [lon | 144]
Coordinates: 
            time: [12724..13002]
            z1_p_level: [1000..100]
            lat: [ -40..  40]
            lon: [   0..357.5]
Number Of Attributes: 9
  missing_value :	-1.073742e+09
  _FillValue :	-1.073742e+09
  stash_item :	205
  stash_model :	1
  lookup_source :	defaults (cdunifpp V0.14pre1)
  units :	kg/kg
  stash_section :	30
  long_name :	SPECIFIC HUMIDITY ON P LEV/UV GRID
  standard_name :	specific_humidity

Variable: fo_dq_dt
Type: float
Total Size: 63638784 bytes
            15909696 values
Number of Dimensions: 4
Dimensions and sizes:	[time | 279] x [z1_p_level | 12] x [lat | 33] x [lon | 144]
Coordinates: 
            time: [12724..13002]
            z1_p_level: [1000..100]
            lat: [ -40..  40]
            lon: [   0..357.5]
Number Of Attributes: 3
  _FillValue :	-1.073742e+09
  long_name :	Temporal tendency of moisture
  units :	kg/kg s**-1
(0)	Writing output files...
20041130 e01
 Copyright (C) 1995-2019 - All Rights Reserved
 University Corporation for Atmospheric Research
 NCAR Command Language Version 6.6.2
 The use of this software is governed by a License Agreement.
 See http://www.ncl.ucar.edu/ for more details.
(0)	Script started at: Mon Aug 24 19:46:36 AEST 2026
(0)	short2flt: input variable is already type float: SPECIFIC HUMIDITY ON P LEV/UV GRID
(0)	short2flt: no conversion performed
(0)	short2flt: input variable is already type float: U COMPNT OF WIND ON P LEV/UV GRID
(0)	short2flt: no conversion performed
(0)	short2flt: input variable is already type float: V COMPNT OF WIND ON P LEV/UV GRID
(0)	short2flt: no conversion performed
(0)	short2flt: input variable is already type float: W COMPNT OF WIND ON P LEV/UV GRID
(0)	short2flt: no conversion performed
(0)	Reading variables...

Variable: q
Type: float
Total Size: 838874880 bytes
            209718720 values
Number of Dimensions: 4
Dimensions and sizes:	[time | 279] x [z1_p_level | 12] x [lat | 145] x [lon | 432]
Coordinates: 
            time: [12753..13031]
            z1_p_level: [1000..100]
            lat: [-40..40]
            lon: [ 0..359.1667]
Number Of Attributes: 9
  standard_name :	specific_humidity
  long_name :	SPECIFIC HUMIDITY ON P LEV/UV GRID
  missing_value :	-1.073742e+09
  stash_section :	30
  units :	1
  lookup_source :	defaults (cdunifpp V0.14pre1)
  stash_model :	1
  stash_item :	205
  _FillValue :	-1.073742e+09

Variable: u
Type: float
Total Size: 838874880 bytes
            209718720 values
Number of Dimensions: 4
Dimensions and sizes:	[time | 279] x [z1_p_level | 12] x [lat | 145] x [lon | 432]
Coordinates: 
            time: [12753..13031]
            z1_p_level: [1000..100]
            lat: [-40..40]
            lon: [ 0..359.1667]
Number Of Attributes: 9
  standard_name :	eastward_wind
  long_name :	U COMPNT OF WIND ON P LEV/UV GRID
  missing_value :	-1.073742e+09
  stash_section :	30
  units :	m s-1
  lookup_source :	defaults (cdunifpp V0.14pre1)
  stash_model :	1
  stash_item :	201
  _FillValue :	-1.073742e+09

Variable: v
Type: float
Total Size: 838874880 bytes
            209718720 values
Number of Dimensions: 4
Dimensions and sizes:	[time | 279] x [z1_p_level | 12] x [lat | 145] x [lon | 432]
Coordinates: 
            time: [12753..13031]
            z1_p_level: [1000..100]
            lat: [-40..40]
            lon: [ 0..359.1667]
Number Of Attributes: 9
  standard_name :	northward_wind
  long_name :	V COMPNT OF WIND ON P LEV/UV GRID
  missing_value :	-1.073742e+09
  stash_section :	30
  units :	m s-1
  lookup_source :	defaults (cdunifpp V0.14pre1)
  stash_model :	1
  stash_item :	202
  _FillValue :	-1.073742e+09
(0)	u contains missing values
(0)	u filled
(0)	v contains missing values
(0)	v filled
(0)	q contains missing values
(0)	q filled
(0)	w contains missing values
(0)	w filled
(0)	Calculating advection of moisture...
(0)	Calculating temporal tendency of moisture...

Variable: dq_dt
Type: float
Total Size: 838874880 bytes
            209718720 values
Number of Dimensions: 4
Dimensions and sizes:	[time | 279] x [z1_p_level | 12] x [lat | 145] x [lon | 432]
Coordinates: 
            time: [12753..13031]
            z1_p_level: [1000..100]
            lat: [-40..40]
            lon: [ 0..359.1667]
Number Of Attributes: 3
  units :	kg/kg s**-1
  long_name :	Temporal tendency of moisture
  _FillValue :	-1.073742e+09
(0)	Temporal tendency of moisture (kg/kg s**-1) : min=-1.85606e-07   max=1.88879e-07
(0)	Calculating convergence of moisture...
(0)	Calculating moisture loss (gain) due to the condensational heating
(0)	Calculating horizontal convergence of moisture flux...

Variable: fo_q
Type: float
Total Size: 63638784 bytes
            15909696 values
Number of Dimensions: 4
Dimensions and sizes:	[time | 279] x [z1_p_level | 12] x [lat | 33] x [lon | 144]
Coordinates: 
            time: [12753..13031]
            z1_p_level: [1000..100]
            lat: [ -40..  40]
            lon: [   0..357.5]
Number Of Attributes: 9
  missing_value :	-1.073742e+09
  _FillValue :	-1.073742e+09
  stash_item :	205
  stash_model :	1
  lookup_source :	defaults (cdunifpp V0.14pre1)
  units :	kg/kg
  stash_section :	30
  long_name :	SPECIFIC HUMIDITY ON P LEV/UV GRID
  standard_name :	specific_humidity

Variable: fo_dq_dt
Type: float
Total Size: 63638784 bytes
            15909696 values
Number of Dimensions: 4
Dimensions and sizes:	[time | 279] x [z1_p_level | 12] x [lat | 33] x [lon | 144]
Coordinates: 
            time: [12753..13031]
            z1_p_level: [1000..100]
            lat: [ -40..  40]
            lon: [   0..357.5]
Number Of Attributes: 3
  _FillValue :	-1.073742e+09
  long_name :	Temporal tendency of moisture
  units :	kg/kg s**-1
(0)	Writing output files...
20041230 e01
 Copyright (C) 1995-2019 - All Rights Reserved
 University Corporation for Atmospheric Research
 NCAR Command Language Version 6.6.2
 The use of this software is governed by a License Agreement.
 See http://www.ncl.ucar.edu/ for more details.
(0)	Script started at: Mon Aug 24 19:51:48 AEST 2026
(0)	short2flt: input variable is already type float: SPECIFIC HUMIDITY ON P LEV/UV GRID
(0)	short2flt: no conversion performed
(0)	short2flt: input variable is already type float: U COMPNT OF WIND ON P LEV/UV GRID
(0)	short2flt: no conversion performed
(0)	short2flt: input variable is already type float: V COMPNT OF WIND ON P LEV/UV GRID
(0)	short2flt: no conversion performed
(0)	short2flt: input variable is already type float: W COMPNT OF WIND ON P LEV/UV GRID
(0)	short2flt: no conversion performed
(0)	Reading variables...

Variable: q
Type: float
Total Size: 838874880 bytes
            209718720 values
Number of Dimensions: 4
Dimensions and sizes:	[time | 279] x [z1_p_level | 12] x [lat | 145] x [lon | 432]
Coordinates: 
            time: [12783..13061]
            z1_p_level: [1000..100]
            lat: [-40..40]
            lon: [ 0..359.1667]
Number Of Attributes: 9
  standard_name :	specific_humidity
  long_name :	SPECIFIC HUMIDITY ON P LEV/UV GRID
  missing_value :	-1.073742e+09
  stash_section :	30
  units :	1
  lookup_source :	defaults (cdunifpp V0.14pre1)
  stash_model :	1
  stash_item :	205
  _FillValue :	-1.073742e+09

Variable: u
Type: float
Total Size: 838874880 bytes
            209718720 values
Number of Dimensions: 4
Dimensions and sizes:	[time | 279] x [z1_p_level | 12] x [lat | 145] x [lon | 432]
Coordinates: 
            time: [12783..13061]
            z1_p_level: [1000..100]
            lat: [-40..40]
            lon: [ 0..359.1667]
Number Of Attributes: 9
  standard_name :	eastward_wind
  long_name :	U COMPNT OF WIND ON P LEV/UV GRID
  missing_value :	-1.073742e+09
  stash_section :	30
  units :	m s-1
  lookup_source :	defaults (cdunifpp V0.14pre1)
  stash_model :	1
  stash_item :	201
  _FillValue :	-1.073742e+09

Variable: v
Type: float
Total Size: 838874880 bytes
            209718720 values
Number of Dimensions: 4
Dimensions and sizes:	[time | 279] x [z1_p_level | 12] x [lat | 145] x [lon | 432]
Coordinates: 
            time: [12783..13061]
            z1_p_level: [1000..100]
            lat: [-40..40]
            lon: [ 0..359.1667]
Number Of Attributes: 9
  standard_name :	northward_wind
  long_name :	V COMPNT OF WIND ON P LEV/UV GRID
  missing_value :	-1.073742e+09
  stash_section :	30
  units :	m s-1
  lookup_source :	defaults (cdunifpp V0.14pre1)
  stash_model :	1
  stash_item :	202
  _FillValue :	-1.073742e+09
(0)	u contains missing values
(0)	u filled
(0)	v contains missing values
(0)	v filled
(0)	q contains missing values
(0)	q filled
(0)	w contains missing values
(0)	w filled
(0)	Calculating advection of moisture...
(0)	Calculating temporal tendency of moisture...

Variable: dq_dt
Type: float
Total Size: 838874880 bytes
            209718720 values
Number of Dimensions: 4
Dimensions and sizes:	[time | 279] x [z1_p_level | 12] x [lat | 145] x [lon | 432]
Coordinates: 
            time: [12783..13061]
            z1_p_level: [1000..100]
            lat: [-40..40]
            lon: [ 0..359.1667]
Number Of Attributes: 3
  units :	kg/kg s**-1
  long_name :	Temporal tendency of moisture
  _FillValue :	-1.073742e+09
(0)	Temporal tendency of moisture (kg/kg s**-1) : min=-1.79424e-07   max=2.05075e-07
(0)	Calculating convergence of moisture...
(0)	Calculating moisture loss (gain) due to the condensational heating
(0)	Calculating horizontal convergence of moisture flux...

Variable: fo_q
Type: float
Total Size: 63638784 bytes
            15909696 values
Number of Dimensions: 4
Dimensions and sizes:	[time | 279] x [z1_p_level | 12] x [lat | 33] x [lon | 144]
Coordinates: 
            time: [12783..13061]
            z1_p_level: [1000..100]
            lat: [ -40..  40]
            lon: [   0..357.5]
Number Of Attributes: 9
  missing_value :	-1.073742e+09
  _FillValue :	-1.073742e+09
  stash_item :	205
  stash_model :	1
  lookup_source :	defaults (cdunifpp V0.14pre1)
  units :	kg/kg
  stash_section :	30
  long_name :	SPECIFIC HUMIDITY ON P LEV/UV GRID
  standard_name :	specific_humidity

Variable: fo_dq_dt
Type: float
Total Size: 63638784 bytes
            15909696 values
Number of Dimensions: 4
Dimensions and sizes:	[time | 279] x [z1_p_level | 12] x [lat | 33] x [lon | 144]
Coordinates: 
            time: [12783..13061]
            z1_p_level: [1000..100]
            lat: [ -40..  40]
            lon: [   0..357.5]
Number Of Attributes: 3
  _FillValue :	-1.073742e+09
  long_name :	Temporal tendency of moisture
  units :	kg/kg s**-1
(0)	Writing output files...
20041201 e01
 Copyright (C) 1995-2019 - All Rights Reserved
 University Corporation for Atmospheric Research
 NCAR Command Language Version 6.6.2
 The use of this software is governed by a License Agreement.
 See http://www.ncl.ucar.edu/ for more details.
(0)	Script started at: Mon Aug 24 19:51:37 AEST 2026
(0)	short2flt: input variable is already type float: SPECIFIC HUMIDITY ON P LEV/UV GRID
(0)	short2flt: no conversion performed
(0)	short2flt: input variable is already type float: U COMPNT OF WIND ON P LEV/UV GRID
(0)	short2flt: no conversion performed
(0)	short2flt: input variable is already type float: V COMPNT OF WIND ON P LEV/UV GRID
(0)	short2flt: no conversion performed
(0)	short2flt: input variable is already type float: W COMPNT OF WIND ON P LEV/UV GRID
(0)	short2flt: no conversion performed
(0)	Reading variables...

Variable: q
Type: float
Total Size: 838874880 bytes
            209718720 values
Number of Dimensions: 4
Dimensions and sizes:	[time | 279] x [z1_p_level | 12] x [lat | 145] x [lon | 432]
Coordinates: 
            time: [12754..13032]
            z1_p_level: [1000..100]
            lat: [-40..40]
            lon: [ 0..359.1667]
Number Of Attributes: 9
  standard_name :	specific_humidity
  long_name :	SPECIFIC HUMIDITY ON P LEV/UV GRID
  missing_value :	-1.073742e+09
  stash_section :	30
  units :	1
  lookup_source :	defaults (cdunifpp V0.14pre1)
  stash_model :	1
  stash_item :	205
  _FillValue :	-1.073742e+09

Variable: u
Type: float
Total Size: 838874880 bytes
            209718720 values
Number of Dimensions: 4
Dimensions and sizes:	[time | 279] x [z1_p_level | 12] x [lat | 145] x [lon | 432]
Coordinates: 
            time: [12754..13032]
            z1_p_level: [1000..100]
            lat: [-40..40]
            lon: [ 0..359.1667]
Number Of Attributes: 9
  standard_name :	eastward_wind
  long_name :	U COMPNT OF WIND ON P LEV/UV GRID
  missing_value :	-1.073742e+09
  stash_section :	30
  units :	m s-1
  lookup_source :	defaults (cdunifpp V0.14pre1)
  stash_model :	1
  stash_item :	201
  _FillValue :	-1.073742e+09

Variable: v
Type: float
Total Size: 838874880 bytes
            209718720 values
Number of Dimensions: 4
Dimensions and sizes:	[time | 279] x [z1_p_level | 12] x [lat | 145] x [lon | 432]
Coordinates: 
            time: [12754..13032]
            z1_p_level: [1000..100]
            lat: [-40..40]
            lon: [ 0..359.1667]
Number Of Attributes: 9
  standard_name :	northward_wind
  long_name :	V COMPNT OF WIND ON P LEV/UV GRID
  missing_value :	-1.073742e+09
  stash_section :	30
  units :	m s-1
  lookup_source :	defaults (cdunifpp V0.14pre1)
  stash_model :	1
  stash_item :	202
  _FillValue :	-1.073742e+09
(0)	u contains missing values
(0)	u filled
(0)	v contains missing values
(0)	v filled
(0)	q contains missing values
(0)	q filled
(0)	w contains missing values
(0)	w filled
(0)	Calculating advection of moisture...
(0)	Calculating temporal tendency of moisture...

Variable: dq_dt
Type: float
Total Size: 838874880 bytes
            209718720 values
Number of Dimensions: 4
Dimensions and sizes:	[time | 279] x [z1_p_level | 12] x [lat | 145] x [lon | 432]
Coordinates: 
            time: [12754..13032]
            z1_p_level: [1000..100]
            lat: [-40..40]
            lon: [ 0..359.1667]
Number Of Attributes: 3
  units :	kg/kg s**-1
  long_name :	Temporal tendency of moisture
  _FillValue :	-1.073742e+09
(0)	Temporal tendency of moisture (kg/kg s**-1) : min=-1.8175e-07   max=1.93937e-07
(0)	Calculating convergence of moisture...
(0)	Calculating moisture loss (gain) due to the condensational heating
(0)	Calculating horizontal convergence of moisture flux...

Variable: fo_q
Type: float
Total Size: 63638784 bytes
            15909696 values
Number of Dimensions: 4
Dimensions and sizes:	[time | 279] x [z1_p_level | 12] x [lat | 33] x [lon | 144]
Coordinates: 
            time: [12754..13032]
            z1_p_level: [1000..100]
            lat: [ -40..  40]
            lon: [   0..357.5]
Number Of Attributes: 9
  missing_value :	-1.073742e+09
  _FillValue :	-1.073742e+09
  stash_item :	205
  stash_model :	1
  lookup_source :	defaults (cdunifpp V0.14pre1)
  units :	kg/kg
  stash_section :	30
  long_name :	SPECIFIC HUMIDITY ON P LEV/UV GRID
  standard_name :	specific_humidity

Variable: fo_dq_dt
Type: float
Total Size: 63638784 bytes
            15909696 values
Number of Dimensions: 4
Dimensions and sizes:	[time | 279] x [z1_p_level | 12] x [lat | 33] x [lon | 144]
Coordinates: 
            time: [12754..13032]
            z1_p_level: [1000..100]
            lat: [ -40..  40]
            lon: [   0..357.5]
Number Of Attributes: 3
  _FillValue :	-1.073742e+09
  long_name :	Temporal tendency of moisture
  units :	kg/kg s**-1
(0)	Writing output files...
20050101 e01
 Copyright (C) 1995-2019 - All Rights Reserved
 University Corporation for Atmospheric Research
 NCAR Command Language Version 6.6.2
 The use of this software is governed by a License Agreement.
 See http://www.ncl.ucar.edu/ for more details.
(0)	Script started at: Mon Aug 24 19:52:15 AEST 2026
(0)	short2flt: input variable is already type float: SPECIFIC HUMIDITY ON P LEV/UV GRID
(0)	short2flt: no conversion performed
(0)	short2flt: input variable is already type float: U COMPNT OF WIND ON P LEV/UV GRID
(0)	short2flt: no conversion performed
(0)	short2flt: input variable is already type float: V COMPNT OF WIND ON P LEV/UV GRID
(0)	short2flt: no conversion performed
(0)	short2flt: input variable is already type float: W COMPNT OF WIND ON P LEV/UV GRID
(0)	short2flt: no conversion performed
(0)	Reading variables...

Variable: q
Type: float
Total Size: 838874880 bytes
            209718720 values
Number of Dimensions: 4
Dimensions and sizes:	[time | 279] x [z1_p_level | 12] x [lat | 145] x [lon | 432]
Coordinates: 
            time: [12785..13063]
            z1_p_level: [1000..100]
            lat: [-40..40]
            lon: [ 0..359.1667]
Number Of Attributes: 9
  standard_name :	specific_humidity
  long_name :	SPECIFIC HUMIDITY ON P LEV/UV GRID
  missing_value :	-1.073742e+09
  stash_section :	30
  units :	1
  lookup_source :	defaults (cdunifpp V0.14pre1)
  stash_model :	1
  stash_item :	205
  _FillValue :	-1.073742e+09

Variable: u
Type: float
Total Size: 838874880 bytes
            209718720 values
Number of Dimensions: 4
Dimensions and sizes:	[time | 279] x [z1_p_level | 12] x [lat | 145] x [lon | 432]
Coordinates: 
            time: [12785..13063]
            z1_p_level: [1000..100]
            lat: [-40..40]
            lon: [ 0..359.1667]
Number Of Attributes: 9
  standard_name :	eastward_wind
  long_name :	U COMPNT OF WIND ON P LEV/UV GRID
  missing_value :	-1.073742e+09
  stash_section :	30
  units :	m s-1
  lookup_source :	defaults (cdunifpp V0.14pre1)
  stash_model :	1
  stash_item :	201
  _FillValue :	-1.073742e+09

Variable: v
Type: float
Total Size: 838874880 bytes
            209718720 values
Number of Dimensions: 4
Dimensions and sizes:	[time | 279] x [z1_p_level | 12] x [lat | 145] x [lon | 432]
Coordinates: 
            time: [12785..13063]
            z1_p_level: [1000..100]
            lat: [-40..40]
            lon: [ 0..359.1667]
Number Of Attributes: 9
  standard_name :	northward_wind
  long_name :	V COMPNT OF WIND ON P LEV/UV GRID
  missing_value :	-1.073742e+09
  stash_section :	30
  units :	m s-1
  lookup_source :	defaults (cdunifpp V0.14pre1)
  stash_model :	1
  stash_item :	202
  _FillValue :	-1.073742e+09
(0)	u contains missing values
(0)	u filled
(0)	v contains missing values
(0)	v filled
(0)	q contains missing values
(0)	q filled
(0)	w contains missing values
(0)	w filled
(0)	Calculating advection of moisture...
(0)	Calculating temporal tendency of moisture...

Variable: dq_dt
Type: float
Total Size: 838874880 bytes
            209718720 values
Number of Dimensions: 4
Dimensions and sizes:	[time | 279] x [z1_p_level | 12] x [lat | 145] x [lon | 432]
Coordinates: 
            time: [12785..13063]
            z1_p_level: [1000..100]
            lat: [-40..40]
            lon: [ 0..359.1667]
Number Of Attributes: 3
  units :	kg/kg s**-1
  long_name :	Temporal tendency of moisture
  _FillValue :	-1.073742e+09
(0)	Temporal tendency of moisture (kg/kg s**-1) : min=-2.0266e-07   max=1.90349e-07
(0)	Calculating convergence of moisture...
(0)	Calculating moisture loss (gain) due to the condensational heating
(0)	Calculating horizontal convergence of moisture flux...

Variable: fo_q
Type: float
Total Size: 63638784 bytes
            15909696 values
Number of Dimensions: 4
Dimensions and sizes:	[time | 279] x [z1_p_level | 12] x [lat | 33] x [lon | 144]
Coordinates: 
            time: [12785..13063]
            z1_p_level: [1000..100]
            lat: [ -40..  40]
            lon: [   0..357.5]
Number Of Attributes: 9
  missing_value :	-1.073742e+09
  _FillValue :	-1.073742e+09
  stash_item :	205
  stash_model :	1
  lookup_source :	defaults (cdunifpp V0.14pre1)
  units :	kg/kg
  stash_section :	30
  long_name :	SPECIFIC HUMIDITY ON P LEV/UV GRID
  standard_name :	specific_humidity

Variable: fo_dq_dt
Type: float
Total Size: 63638784 bytes
            15909696 values
Number of Dimensions: 4
Dimensions and sizes:	[time | 279] x [z1_p_level | 12] x [lat | 33] x [lon | 144]
Coordinates: 
            time: [12785..13063]
            z1_p_level: [1000..100]
            lat: [ -40..  40]
            lon: [   0..357.5]
Number Of Attributes: 3
  _FillValue :	-1.073742e+09
  long_name :	Temporal tendency of moisture
  units :	kg/kg s**-1
(0)	Writing output files...
20041231 e01
 Copyright (C) 1995-2019 - All Rights Reserved
 University Corporation for Atmospheric Research
 NCAR Command Language Version 6.6.2
 The use of this software is governed by a License Agreement.
 See http://www.ncl.ucar.edu/ for more details.
(0)	Script started at: Mon Aug 24 19:52:01 AEST 2026
(0)	short2flt: input variable is already type float: SPECIFIC HUMIDITY ON P LEV/UV GRID
(0)	short2flt: no conversion performed
(0)	short2flt: input variable is already type float: U COMPNT OF WIND ON P LEV/UV GRID
(0)	short2flt: no conversion performed
(0)	short2flt: input variable is already type float: V COMPNT OF WIND ON P LEV/UV GRID
(0)	short2flt: no conversion performed
(0)	short2flt: input variable is already type float: W COMPNT OF WIND ON P LEV/UV GRID
(0)	short2flt: no conversion performed
(0)	Reading variables...

Variable: q
Type: float
Total Size: 838874880 bytes
            209718720 values
Number of Dimensions: 4
Dimensions and sizes:	[time | 279] x [z1_p_level | 12] x [lat | 145] x [lon | 432]
Coordinates: 
            time: [12784..13062]
            z1_p_level: [1000..100]
            lat: [-40..40]
            lon: [ 0..359.1667]
Number Of Attributes: 9
  standard_name :	specific_humidity
  long_name :	SPECIFIC HUMIDITY ON P LEV/UV GRID
  missing_value :	-1.073742e+09
  stash_section :	30
  units :	1
  lookup_source :	defaults (cdunifpp V0.14pre1)
  stash_model :	1
  stash_item :	205
  _FillValue :	-1.073742e+09

Variable: u
Type: float
Total Size: 838874880 bytes
            209718720 values
Number of Dimensions: 4
Dimensions and sizes:	[time | 279] x [z1_p_level | 12] x [lat | 145] x [lon | 432]
Coordinates: 
            time: [12784..13062]
            z1_p_level: [1000..100]
            lat: [-40..40]
            lon: [ 0..359.1667]
Number Of Attributes: 9
  standard_name :	eastward_wind
  long_name :	U COMPNT OF WIND ON P LEV/UV GRID
  missing_value :	-1.073742e+09
  stash_section :	30
  units :	m s-1
  lookup_source :	defaults (cdunifpp V0.14pre1)
  stash_model :	1
  stash_item :	201
  _FillValue :	-1.073742e+09

Variable: v
Type: float
Total Size: 838874880 bytes
            209718720 values
Number of Dimensions: 4
Dimensions and sizes:	[time | 279] x [z1_p_level | 12] x [lat | 145] x [lon | 432]
Coordinates: 
            time: [12784..13062]
            z1_p_level: [1000..100]
            lat: [-40..40]
            lon: [ 0..359.1667]
Number Of Attributes: 9
  standard_name :	northward_wind
  long_name :	V COMPNT OF WIND ON P LEV/UV GRID
  missing_value :	-1.073742e+09
  stash_section :	30
  units :	m s-1
  lookup_source :	defaults (cdunifpp V0.14pre1)
  stash_model :	1
  stash_item :	202
  _FillValue :	-1.073742e+09
(0)	u contains missing values
(0)	u filled
(0)	v contains missing values
(0)	v filled
(0)	q contains missing values
(0)	q filled
(0)	w contains missing values
(0)	w filled
(0)	Calculating advection of moisture...
(0)	Calculating temporal tendency of moisture...

Variable: dq_dt
Type: float
Total Size: 838874880 bytes
            209718720 values
Number of Dimensions: 4
Dimensions and sizes:	[time | 279] x [z1_p_level | 12] x [lat | 145] x [lon | 432]
Coordinates: 
            time: [12784..13062]
            z1_p_level: [1000..100]
            lat: [-40..40]
            lon: [ 0..359.1667]
Number Of Attributes: 3
  units :	kg/kg s**-1
  long_name :	Temporal tendency of moisture
  _FillValue :	-1.073742e+09
(0)	Temporal tendency of moisture (kg/kg s**-1) : min=-1.81521e-07   max=1.81377e-07
(0)	Calculating convergence of moisture...
(0)	Calculating moisture loss (gain) due to the condensational heating
(0)	Calculating horizontal convergence of moisture flux...

Variable: fo_q
Type: float
Total Size: 63638784 bytes
            15909696 values
Number of Dimensions: 4
Dimensions and sizes:	[time | 279] x [z1_p_level | 12] x [lat | 33] x [lon | 144]
Coordinates: 
            time: [12784..13062]
            z1_p_level: [1000..100]
            lat: [ -40..  40]
            lon: [   0..357.5]
Number Of Attributes: 9
  missing_value :	-1.073742e+09
  _FillValue :	-1.073742e+09
  stash_item :	205
  stash_model :	1
  lookup_source :	defaults (cdunifpp V0.14pre1)
  units :	kg/kg
  stash_section :	30
  long_name :	SPECIFIC HUMIDITY ON P LEV/UV GRID
  standard_name :	specific_humidity

Variable: fo_dq_dt
Type: float
Total Size: 63638784 bytes
            15909696 values
Number of Dimensions: 4
Dimensions and sizes:	[time | 279] x [z1_p_level | 12] x [lat | 33] x [lon | 144]
Coordinates: 
            time: [12784..13062]
            z1_p_level: [1000..100]
            lat: [ -40..  40]
            lon: [   0..357.5]
Number Of Attributes: 3
  _FillValue :	-1.073742e+09
  long_name :	Temporal tendency of moisture
  units :	kg/kg s**-1
(0)	Writing output files...
20050130 e01
 Copyright (C) 1995-2019 - All Rights Reserved
 University Corporation for Atmospheric Research
 NCAR Command Language Version 6.6.2
 The use of this software is governed by a License Agreement.
 See http://www.ncl.ucar.edu/ for more details.
(0)	Script started at: Mon Aug 24 19:52:31 AEST 2026
(0)	short2flt: input variable is already type float: SPECIFIC HUMIDITY ON P LEV/UV GRID
(0)	short2flt: no conversion performed
(0)	short2flt: input variable is already type float: U COMPNT OF WIND ON P LEV/UV GRID
(0)	short2flt: no conversion performed
(0)	short2flt: input variable is already type float: V COMPNT OF WIND ON P LEV/UV GRID
(0)	short2flt: no conversion performed
(0)	short2flt: input variable is already type float: W COMPNT OF WIND ON P LEV/UV GRID
(0)	short2flt: no conversion performed
(0)	Reading variables...

Variable: q
Type: float
Total Size: 838874880 bytes
            209718720 values
Number of Dimensions: 4
Dimensions and sizes:	[time | 279] x [z1_p_level | 12] x [lat | 145] x [lon | 432]
Coordinates: 
            time: [12814..13092]
            z1_p_level: [1000..100]
            lat: [-40..40]
            lon: [ 0..359.1667]
Number Of Attributes: 9
  standard_name :	specific_humidity
  long_name :	SPECIFIC HUMIDITY ON P LEV/UV GRID
  missing_value :	-1.073742e+09
  stash_section :	30
  units :	1
  lookup_source :	defaults (cdunifpp V0.14pre1)
  stash_model :	1
  stash_item :	205
  _FillValue :	-1.073742e+09

Variable: u
Type: float
Total Size: 838874880 bytes
            209718720 values
Number of Dimensions: 4
Dimensions and sizes:	[time | 279] x [z1_p_level | 12] x [lat | 145] x [lon | 432]
Coordinates: 
            time: [12814..13092]
            z1_p_level: [1000..100]
            lat: [-40..40]
            lon: [ 0..359.1667]
Number Of Attributes: 9
  standard_name :	eastward_wind
  long_name :	U COMPNT OF WIND ON P LEV/UV GRID
  missing_value :	-1.073742e+09
  stash_section :	30
  units :	m s-1
  lookup_source :	defaults (cdunifpp V0.14pre1)
  stash_model :	1
  stash_item :	201
  _FillValue :	-1.073742e+09

Variable: v
Type: float
Total Size: 838874880 bytes
            209718720 values
Number of Dimensions: 4
Dimensions and sizes:	[time | 279] x [z1_p_level | 12] x [lat | 145] x [lon | 432]
Coordinates: 
            time: [12814..13092]
            z1_p_level: [1000..100]
            lat: [-40..40]
            lon: [ 0..359.1667]
Number Of Attributes: 9
  standard_name :	northward_wind
  long_name :	V COMPNT OF WIND ON P LEV/UV GRID
  missing_value :	-1.073742e+09
  stash_section :	30
  units :	m s-1
  lookup_source :	defaults (cdunifpp V0.14pre1)
  stash_model :	1
  stash_item :	202
  _FillValue :	-1.073742e+09
(0)	u contains missing values
(0)	u filled
(0)	v contains missing values
(0)	v filled
(0)	q contains missing values
(0)	q filled
(0)	w contains missing values
(0)	w filled
(0)	Calculating advection of moisture...
(0)	Calculating temporal tendency of moisture...

Variable: dq_dt
Type: float
Total Size: 838874880 bytes
            209718720 values
Number of Dimensions: 4
Dimensions and sizes:	[time | 279] x [z1_p_level | 12] x [lat | 145] x [lon | 432]
Coordinates: 
            time: [12814..13092]
            z1_p_level: [1000..100]
            lat: [-40..40]
            lon: [ 0..359.1667]
Number Of Attributes: 3
  units :	kg/kg s**-1
  long_name :	Temporal tendency of moisture
  _FillValue :	-1.073742e+09
(0)	Temporal tendency of moisture (kg/kg s**-1) : min=-1.82601e-07   max=1.89452e-07
(0)	Calculating convergence of moisture...
(0)	Calculating moisture loss (gain) due to the condensational heating
(0)	Calculating horizontal convergence of moisture flux...

Variable: fo_q
Type: float
Total Size: 63638784 bytes
            15909696 values
Number of Dimensions: 4
Dimensions and sizes:	[time | 279] x [z1_p_level | 12] x [lat | 33] x [lon | 144]
Coordinates: 
            time: [12814..13092]
            z1_p_level: [1000..100]
            lat: [ -40..  40]
            lon: [   0..357.5]
Number Of Attributes: 9
  missing_value :	-1.073742e+09
  _FillValue :	-1.073742e+09
  stash_item :	205
  stash_model :	1
  lookup_source :	defaults (cdunifpp V0.14pre1)
  units :	kg/kg
  stash_section :	30
  long_name :	SPECIFIC HUMIDITY ON P LEV/UV GRID
  standard_name :	specific_humidity

Variable: fo_dq_dt
Type: float
Total Size: 63638784 bytes
            15909696 values
Number of Dimensions: 4
Dimensions and sizes:	[time | 279] x [z1_p_level | 12] x [lat | 33] x [lon | 144]
Coordinates: 
            time: [12814..13092]
            z1_p_level: [1000..100]
            lat: [ -40..  40]
            lon: [   0..357.5]
Number Of Attributes: 3
  _FillValue :	-1.073742e+09
  long_name :	Temporal tendency of moisture
  units :	kg/kg s**-1
(0)	Writing output files...
20050131 e01
 Copyright (C) 1995-2019 - All Rights Reserved
 University Corporation for Atmospheric Research
 NCAR Command Language Version 6.6.2
 The use of this software is governed by a License Agreement.
 See http://www.ncl.ucar.edu/ for more details.
(0)	Script started at: Mon Aug 24 19:57:46 AEST 2026
(0)	short2flt: input variable is already type float: SPECIFIC HUMIDITY ON P LEV/UV GRID
(0)	short2flt: no conversion performed
(0)	short2flt: input variable is already type float: U COMPNT OF WIND ON P LEV/UV GRID
(0)	short2flt: no conversion performed
(0)	short2flt: input variable is already type float: V COMPNT OF WIND ON P LEV/UV GRID
(0)	short2flt: no conversion performed
(0)	short2flt: input variable is already type float: W COMPNT OF WIND ON P LEV/UV GRID
(0)	short2flt: no conversion performed
(0)	Reading variables...

Variable: q
Type: float
Total Size: 838874880 bytes
            209718720 values
Number of Dimensions: 4
Dimensions and sizes:	[time | 279] x [z1_p_level | 12] x [lat | 145] x [lon | 432]
Coordinates: 
            time: [12815..13093]
            z1_p_level: [1000..100]
            lat: [-40..40]
            lon: [ 0..359.1667]
Number Of Attributes: 9
  standard_name :	specific_humidity
  long_name :	SPECIFIC HUMIDITY ON P LEV/UV GRID
  missing_value :	-1.073742e+09
  stash_section :	30
  units :	1
  lookup_source :	defaults (cdunifpp V0.14pre1)
  stash_model :	1
  stash_item :	205
  _FillValue :	-1.073742e+09

Variable: u
Type: float
Total Size: 838874880 bytes
            209718720 values
Number of Dimensions: 4
Dimensions and sizes:	[time | 279] x [z1_p_level | 12] x [lat | 145] x [lon | 432]
Coordinates: 
            time: [12815..13093]
            z1_p_level: [1000..100]
            lat: [-40..40]
            lon: [ 0..359.1667]
Number Of Attributes: 9
  standard_name :	eastward_wind
  long_name :	U COMPNT OF WIND ON P LEV/UV GRID
  missing_value :	-1.073742e+09
  stash_section :	30
  units :	m s-1
  lookup_source :	defaults (cdunifpp V0.14pre1)
  stash_model :	1
  stash_item :	201
  _FillValue :	-1.073742e+09

Variable: v
Type: float
Total Size: 838874880 bytes
            209718720 values
Number of Dimensions: 4
Dimensions and sizes:	[time | 279] x [z1_p_level | 12] x [lat | 145] x [lon | 432]
Coordinates: 
            time: [12815..13093]
            z1_p_level: [1000..100]
            lat: [-40..40]
            lon: [ 0..359.1667]
Number Of Attributes: 9
  standard_name :	northward_wind
  long_name :	V COMPNT OF WIND ON P LEV/UV GRID
  missing_value :	-1.073742e+09
  stash_section :	30
  units :	m s-1
  lookup_source :	defaults (cdunifpp V0.14pre1)
  stash_model :	1
  stash_item :	202
  _FillValue :	-1.073742e+09
(0)	u contains missing values
(0)	u filled
(0)	v contains missing values
(0)	v filled
(0)	q contains missing values
(0)	q filled
(0)	w contains missing values
(0)	w filled
(0)	Calculating advection of moisture...
(0)	Calculating temporal tendency of moisture...

Variable: dq_dt
Type: float
Total Size: 838874880 bytes
            209718720 values
Number of Dimensions: 4
Dimensions and sizes:	[time | 279] x [z1_p_level | 12] x [lat | 145] x [lon | 432]
Coordinates: 
            time: [12815..13093]
            z1_p_level: [1000..100]
            lat: [-40..40]
            lon: [ 0..359.1667]
Number Of Attributes: 3
  units :	kg/kg s**-1
  long_name :	Temporal tendency of moisture
  _FillValue :	-1.073742e+09
(0)	Temporal tendency of moisture (kg/kg s**-1) : min=-1.81703e-07   max=1.83638e-07
(0)	Calculating convergence of moisture...
(0)	Calculating moisture loss (gain) due to the condensational heating
(0)	Calculating horizontal convergence of moisture flux...

Variable: fo_q
Type: float
Total Size: 63638784 bytes
            15909696 values
Number of Dimensions: 4
Dimensions and sizes:	[time | 279] x [z1_p_level | 12] x [lat | 33] x [lon | 144]
Coordinates: 
            time: [12815..13093]
            z1_p_level: [1000..100]
            lat: [ -40..  40]
            lon: [   0..357.5]
Number Of Attributes: 9
  missing_value :	-1.073742e+09
  _FillValue :	-1.073742e+09
  stash_item :	205
  stash_model :	1
  lookup_source :	defaults (cdunifpp V0.14pre1)
  units :	kg/kg
  stash_section :	30
  long_name :	SPECIFIC HUMIDITY ON P LEV/UV GRID
  standard_name :	specific_humidity

Variable: fo_dq_dt
Type: float
Total Size: 63638784 bytes
            15909696 values
Number of Dimensions: 4
Dimensions and sizes:	[time | 279] x [z1_p_level | 12] x [lat | 33] x [lon | 144]
Coordinates: 
            time: [12815..13093]
            z1_p_level: [1000..100]
            lat: [ -40..  40]
            lon: [   0..357.5]
Number Of Attributes: 3
  _FillValue :	-1.073742e+09
  long_name :	Temporal tendency of moisture
  units :	kg/kg s**-1
(0)	Writing output files...
20050227 e01
 Copyright (C) 1995-2019 - All Rights Reserved
 University Corporation for Atmospheric Research
 NCAR Command Language Version 6.6.2
 The use of this software is governed by a License Agreement.
 See http://www.ncl.ucar.edu/ for more details.
(0)	Script started at: Mon Aug 24 19:58:19 AEST 2026
(0)	short2flt: input variable is already type float: SPECIFIC HUMIDITY ON P LEV/UV GRID
(0)	short2flt: no conversion performed
(0)	short2flt: input variable is already type float: U COMPNT OF WIND ON P LEV/UV GRID
(0)	short2flt: no conversion performed
(0)	short2flt: input variable is already type float: V COMPNT OF WIND ON P LEV/UV GRID
(0)	short2flt: no conversion performed
(0)	short2flt: input variable is already type float: W COMPNT OF WIND ON P LEV/UV GRID
(0)	short2flt: no conversion performed
(0)	Reading variables...

Variable: q
Type: float
Total Size: 838874880 bytes
            209718720 values
Number of Dimensions: 4
Dimensions and sizes:	[time | 279] x [z1_p_level | 12] x [lat | 145] x [lon | 432]
Coordinates: 
            time: [12842..13120]
            z1_p_level: [1000..100]
            lat: [-40..40]
            lon: [ 0..359.1667]
Number Of Attributes: 9
  standard_name :	specific_humidity
  long_name :	SPECIFIC HUMIDITY ON P LEV/UV GRID
  missing_value :	-1.073742e+09
  stash_section :	30
  units :	1
  lookup_source :	defaults (cdunifpp V0.14pre1)
  stash_model :	1
  stash_item :	205
  _FillValue :	-1.073742e+09

Variable: u
Type: float
Total Size: 838874880 bytes
            209718720 values
Number of Dimensions: 4
Dimensions and sizes:	[time | 279] x [z1_p_level | 12] x [lat | 145] x [lon | 432]
Coordinates: 
            time: [12842..13120]
            z1_p_level: [1000..100]
            lat: [-40..40]
            lon: [ 0..359.1667]
Number Of Attributes: 9
  standard_name :	eastward_wind
  long_name :	U COMPNT OF WIND ON P LEV/UV GRID
  missing_value :	-1.073742e+09
  stash_section :	30
  units :	m s-1
  lookup_source :	defaults (cdunifpp V0.14pre1)
  stash_model :	1
  stash_item :	201
  _FillValue :	-1.073742e+09

Variable: v
Type: float
Total Size: 838874880 bytes
            209718720 values
Number of Dimensions: 4
Dimensions and sizes:	[time | 279] x [z1_p_level | 12] x [lat | 145] x [lon | 432]
Coordinates: 
            time: [12842..13120]
            z1_p_level: [1000..100]
            lat: [-40..40]
            lon: [ 0..359.1667]
Number Of Attributes: 9
  standard_name :	northward_wind
  long_name :	V COMPNT OF WIND ON P LEV/UV GRID
  missing_value :	-1.073742e+09
  stash_section :	30
  units :	m s-1
  lookup_source :	defaults (cdunifpp V0.14pre1)
  stash_model :	1
  stash_item :	202
  _FillValue :	-1.073742e+09
(0)	u contains missing values
(0)	u filled
(0)	v contains missing values
(0)	v filled
(0)	q contains missing values
(0)	q filled
(0)	w contains missing values
(0)	w filled
(0)	Calculating advection of moisture...
(0)	Calculating temporal tendency of moisture...

Variable: dq_dt
Type: float
Total Size: 838874880 bytes
            209718720 values
Number of Dimensions: 4
Dimensions and sizes:	[time | 279] x [z1_p_level | 12] x [lat | 145] x [lon | 432]
Coordinates: 
            time: [12842..13120]
            z1_p_level: [1000..100]
            lat: [-40..40]
            lon: [ 0..359.1667]
Number Of Attributes: 3
  units :	kg/kg s**-1
  long_name :	Temporal tendency of moisture
  _FillValue :	-1.073742e+09
(0)	Temporal tendency of moisture (kg/kg s**-1) : min=-1.81147e-07   max=1.83837e-07
(0)	Calculating convergence of moisture...
(0)	Calculating moisture loss (gain) due to the condensational heating
(0)	Calculating horizontal convergence of moisture flux...

Variable: fo_q
Type: float
Total Size: 63638784 bytes
            15909696 values
Number of Dimensions: 4
Dimensions and sizes:	[time | 279] x [z1_p_level | 12] x [lat | 33] x [lon | 144]
Coordinates: 
            time: [12842..13120]
            z1_p_level: [1000..100]
            lat: [ -40..  40]
            lon: [   0..357.5]
Number Of Attributes: 9
  missing_value :	-1.073742e+09
  _FillValue :	-1.073742e+09
  stash_item :	205
  stash_model :	1
  lookup_source :	defaults (cdunifpp V0.14pre1)
  units :	kg/kg
  stash_section :	30
  long_name :	SPECIFIC HUMIDITY ON P LEV/UV GRID
  standard_name :	specific_humidity

Variable: fo_dq_dt
Type: float
Total Size: 63638784 bytes
            15909696 values
Number of Dimensions: 4
Dimensions and sizes:	[time | 279] x [z1_p_level | 12] x [lat | 33] x [lon | 144]
Coordinates: 
            time: [12842..13120]
            z1_p_level: [1000..100]
            lat: [ -40..  40]
            lon: [   0..357.5]
Number Of Attributes: 3
  _FillValue :	-1.073742e+09
  long_name :	Temporal tendency of moisture
  units :	kg/kg s**-1
(0)	Writing output files...
20050228 e01
 Copyright (C) 1995-2019 - All Rights Reserved
 University Corporation for Atmospheric Research
 NCAR Command Language Version 6.6.2
 The use of this software is governed by a License Agreement.
 See http://www.ncl.ucar.edu/ for more details.
(0)	Script started at: Mon Aug 24 19:58:29 AEST 2026
(0)	short2flt: input variable is already type float: SPECIFIC HUMIDITY ON P LEV/UV GRID
(0)	short2flt: no conversion performed
(0)	short2flt: input variable is already type float: U COMPNT OF WIND ON P LEV/UV GRID
(0)	short2flt: no conversion performed
(0)	short2flt: input variable is already type float: V COMPNT OF WIND ON P LEV/UV GRID
(0)	short2flt: no conversion performed
(0)	short2flt: input variable is already type float: W COMPNT OF WIND ON P LEV/UV GRID
(0)	short2flt: no conversion performed
(0)	Reading variables...

Variable: q
Type: float
Total Size: 838874880 bytes
            209718720 values
Number of Dimensions: 4
Dimensions and sizes:	[time | 279] x [z1_p_level | 12] x [lat | 145] x [lon | 432]
Coordinates: 
            time: [12843..13121]
            z1_p_level: [1000..100]
            lat: [-40..40]
            lon: [ 0..359.1667]
Number Of Attributes: 9
  standard_name :	specific_humidity
  long_name :	SPECIFIC HUMIDITY ON P LEV/UV GRID
  missing_value :	-1.073742e+09
  stash_section :	30
  units :	1
  lookup_source :	defaults (cdunifpp V0.14pre1)
  stash_model :	1
  stash_item :	205
  _FillValue :	-1.073742e+09

Variable: u
Type: float
Total Size: 838874880 bytes
            209718720 values
Number of Dimensions: 4
Dimensions and sizes:	[time | 279] x [z1_p_level | 12] x [lat | 145] x [lon | 432]
Coordinates: 
            time: [12843..13121]
            z1_p_level: [1000..100]
            lat: [-40..40]
            lon: [ 0..359.1667]
Number Of Attributes: 9
  standard_name :	eastward_wind
  long_name :	U COMPNT OF WIND ON P LEV/UV GRID
  missing_value :	-1.073742e+09
  stash_section :	30
  units :	m s-1
  lookup_source :	defaults (cdunifpp V0.14pre1)
  stash_model :	1
  stash_item :	201
  _FillValue :	-1.073742e+09

Variable: v
Type: float
Total Size: 838874880 bytes
            209718720 values
Number of Dimensions: 4
Dimensions and sizes:	[time | 279] x [z1_p_level | 12] x [lat | 145] x [lon | 432]
Coordinates: 
            time: [12843..13121]
            z1_p_level: [1000..100]
            lat: [-40..40]
            lon: [ 0..359.1667]
Number Of Attributes: 9
  standard_name :	northward_wind
  long_name :	V COMPNT OF WIND ON P LEV/UV GRID
  missing_value :	-1.073742e+09
  stash_section :	30
  units :	m s-1
  lookup_source :	defaults (cdunifpp V0.14pre1)
  stash_model :	1
  stash_item :	202
  _FillValue :	-1.073742e+09
(0)	u contains missing values
(0)	u filled
(0)	v contains missing values
(0)	v filled
(0)	q contains missing values
(0)	q filled
(0)	w contains missing values
(0)	w filled
(0)	Calculating advection of moisture...
(0)	Calculating temporal tendency of moisture...

Variable: dq_dt
Type: float
Total Size: 838874880 bytes
            209718720 values
Number of Dimensions: 4
Dimensions and sizes:	[time | 279] x [z1_p_level | 12] x [lat | 145] x [lon | 432]
Coordinates: 
            time: [12843..13121]
            z1_p_level: [1000..100]
            lat: [-40..40]
            lon: [ 0..359.1667]
Number Of Attributes: 3
  units :	kg/kg s**-1
  long_name :	Temporal tendency of moisture
  _FillValue :	-1.073742e+09
(0)	Temporal tendency of moisture (kg/kg s**-1) : min=-1.78015e-07   max=1.8579e-07
(0)	Calculating convergence of moisture...
(0)	Calculating moisture loss (gain) due to the condensational heating
(0)	Calculating horizontal convergence of moisture flux...

Variable: fo_q
Type: float
Total Size: 63638784 bytes
            15909696 values
Number of Dimensions: 4
Dimensions and sizes:	[time | 279] x [z1_p_level | 12] x [lat | 33] x [lon | 144]
Coordinates: 
            time: [12843..13121]
            z1_p_level: [1000..100]
            lat: [ -40..  40]
            lon: [   0..357.5]
Number Of Attributes: 9
  missing_value :	-1.073742e+09
  _FillValue :	-1.073742e+09
  stash_item :	205
  stash_model :	1
  lookup_source :	defaults (cdunifpp V0.14pre1)
  units :	kg/kg
  stash_section :	30
  long_name :	SPECIFIC HUMIDITY ON P LEV/UV GRID
  standard_name :	specific_humidity

Variable: fo_dq_dt
Type: float
Total Size: 63638784 bytes
            15909696 values
Number of Dimensions: 4
Dimensions and sizes:	[time | 279] x [z1_p_level | 12] x [lat | 33] x [lon | 144]
Coordinates: 
            time: [12843..13121]
            z1_p_level: [1000..100]
            lat: [ -40..  40]
            lon: [   0..357.5]
Number Of Attributes: 3
  _FillValue :	-1.073742e+09
  long_name :	Temporal tendency of moisture
  units :	kg/kg s**-1
(0)	Writing output files...
20050301 e01
 Copyright (C) 1995-2019 - All Rights Reserved
 University Corporation for Atmospheric Research
 NCAR Command Language Version 6.6.2
 The use of this software is governed by a License Agreement.
 See http://www.ncl.ucar.edu/ for more details.
(0)	Script started at: Mon Aug 24 19:58:44 AEST 2026
(0)	short2flt: input variable is already type float: SPECIFIC HUMIDITY ON P LEV/UV GRID
(0)	short2flt: no conversion performed
(0)	short2flt: input variable is already type float: U COMPNT OF WIND ON P LEV/UV GRID
(0)	short2flt: no conversion performed
(0)	short2flt: input variable is already type float: V COMPNT OF WIND ON P LEV/UV GRID
(0)	short2flt: no conversion performed
(0)	short2flt: input variable is already type float: W COMPNT OF WIND ON P LEV/UV GRID
(0)	short2flt: no conversion performed
(0)	Reading variables...

Variable: q
Type: float
Total Size: 838874880 bytes
            209718720 values
Number of Dimensions: 4
Dimensions and sizes:	[time | 279] x [z1_p_level | 12] x [lat | 145] x [lon | 432]
Coordinates: 
            time: [12844..13122]
            z1_p_level: [1000..100]
            lat: [-40..40]
            lon: [ 0..359.1667]
Number Of Attributes: 9
  standard_name :	specific_humidity
  long_name :	SPECIFIC HUMIDITY ON P LEV/UV GRID
  missing_value :	-1.073742e+09
  stash_section :	30
  units :	1
  lookup_source :	defaults (cdunifpp V0.14pre1)
  stash_model :	1
  stash_item :	205
  _FillValue :	-1.073742e+09

Variable: u
Type: float
Total Size: 838874880 bytes
            209718720 values
Number of Dimensions: 4
Dimensions and sizes:	[time | 279] x [z1_p_level | 12] x [lat | 145] x [lon | 432]
Coordinates: 
            time: [12844..13122]
            z1_p_level: [1000..100]
            lat: [-40..40]
            lon: [ 0..359.1667]
Number Of Attributes: 9
  standard_name :	eastward_wind
  long_name :	U COMPNT OF WIND ON P LEV/UV GRID
  missing_value :	-1.073742e+09
  stash_section :	30
  units :	m s-1
  lookup_source :	defaults (cdunifpp V0.14pre1)
  stash_model :	1
  stash_item :	201
  _FillValue :	-1.073742e+09

Variable: v
Type: float
Total Size: 838874880 bytes
            209718720 values
Number of Dimensions: 4
Dimensions and sizes:	[time | 279] x [z1_p_level | 12] x [lat | 145] x [lon | 432]
Coordinates: 
            time: [12844..13122]
            z1_p_level: [1000..100]
            lat: [-40..40]
            lon: [ 0..359.1667]
Number Of Attributes: 9
  standard_name :	northward_wind
  long_name :	V COMPNT OF WIND ON P LEV/UV GRID
  missing_value :	-1.073742e+09
  stash_section :	30
  units :	m s-1
  lookup_source :	defaults (cdunifpp V0.14pre1)
  stash_model :	1
  stash_item :	202
  _FillValue :	-1.073742e+09
(0)	u contains missing values
(0)	u filled
(0)	v contains missing values
(0)	v filled
(0)	q contains missing values
(0)	q filled
(0)	w contains missing values
(0)	w filled
(0)	Calculating advection of moisture...
(0)	Calculating temporal tendency of moisture...

Variable: dq_dt
Type: float
Total Size: 838874880 bytes
            209718720 values
Number of Dimensions: 4
Dimensions and sizes:	[time | 279] x [z1_p_level | 12] x [lat | 145] x [lon | 432]
Coordinates: 
            time: [12844..13122]
            z1_p_level: [1000..100]
            lat: [-40..40]
            lon: [ 0..359.1667]
Number Of Attributes: 3
  units :	kg/kg s**-1
  long_name :	Temporal tendency of moisture
  _FillValue :	-1.073742e+09
(0)	Temporal tendency of moisture (kg/kg s**-1) : min=-1.82761e-07   max=1.99128e-07
(0)	Calculating convergence of moisture...
(0)	Calculating moisture loss (gain) due to the condensational heating
(0)	Calculating horizontal convergence of moisture flux...

Variable: fo_q
Type: float
Total Size: 63638784 bytes
            15909696 values
Number of Dimensions: 4
Dimensions and sizes:	[time | 279] x [z1_p_level | 12] x [lat | 33] x [lon | 144]
Coordinates: 
            time: [12844..13122]
            z1_p_level: [1000..100]
            lat: [ -40..  40]
            lon: [   0..357.5]
Number Of Attributes: 9
  missing_value :	-1.073742e+09
  _FillValue :	-1.073742e+09
  stash_item :	205
  stash_model :	1
  lookup_source :	defaults (cdunifpp V0.14pre1)
  units :	kg/kg
  stash_section :	30
  long_name :	SPECIFIC HUMIDITY ON P LEV/UV GRID
  standard_name :	specific_humidity

Variable: fo_dq_dt
Type: float
Total Size: 63638784 bytes
            15909696 values
Number of Dimensions: 4
Dimensions and sizes:	[time | 279] x [z1_p_level | 12] x [lat | 33] x [lon | 144]
Coordinates: 
            time: [12844..13122]
            z1_p_level: [1000..100]
            lat: [ -40..  40]
            lon: [   0..357.5]
Number Of Attributes: 3
  _FillValue :	-1.073742e+09
  long_name :	Temporal tendency of moisture
  units :	kg/kg s**-1
(0)	Writing output files...
20050201 e01
 Copyright (C) 1995-2019 - All Rights Reserved
 University Corporation for Atmospheric Research
 NCAR Command Language Version 6.6.2
 The use of this software is governed by a License Agreement.
 See http://www.ncl.ucar.edu/ for more details.
(0)	Script started at: Mon Aug 24 19:58:09 AEST 2026
(0)	short2flt: input variable is already type float: SPECIFIC HUMIDITY ON P LEV/UV GRID
(0)	short2flt: no conversion performed
(0)	short2flt: input variable is already type float: U COMPNT OF WIND ON P LEV/UV GRID
(0)	short2flt: no conversion performed
(0)	short2flt: input variable is already type float: V COMPNT OF WIND ON P LEV/UV GRID
(0)	short2flt: no conversion performed
(0)	short2flt: input variable is already type float: W COMPNT OF WIND ON P LEV/UV GRID
(0)	short2flt: no conversion performed
(0)	Reading variables...

Variable: q
Type: float
Total Size: 838874880 bytes
            209718720 values
Number of Dimensions: 4
Dimensions and sizes:	[time | 279] x [z1_p_level | 12] x [lat | 145] x [lon | 432]
Coordinates: 
            time: [12816..13094]
            z1_p_level: [1000..100]
            lat: [-40..40]
            lon: [ 0..359.1667]
Number Of Attributes: 9
  standard_name :	specific_humidity
  long_name :	SPECIFIC HUMIDITY ON P LEV/UV GRID
  missing_value :	-1.073742e+09
  stash_section :	30
  units :	1
  lookup_source :	defaults (cdunifpp V0.14pre1)
  stash_model :	1
  stash_item :	205
  _FillValue :	-1.073742e+09

Variable: u
Type: float
Total Size: 838874880 bytes
            209718720 values
Number of Dimensions: 4
Dimensions and sizes:	[time | 279] x [z1_p_level | 12] x [lat | 145] x [lon | 432]
Coordinates: 
            time: [12816..13094]
            z1_p_level: [1000..100]
            lat: [-40..40]
            lon: [ 0..359.1667]
Number Of Attributes: 9
  standard_name :	eastward_wind
  long_name :	U COMPNT OF WIND ON P LEV/UV GRID
  missing_value :	-1.073742e+09
  stash_section :	30
  units :	m s-1
  lookup_source :	defaults (cdunifpp V0.14pre1)
  stash_model :	1
  stash_item :	201
  _FillValue :	-1.073742e+09

Variable: v
Type: float
Total Size: 838874880 bytes
            209718720 values
Number of Dimensions: 4
Dimensions and sizes:	[time | 279] x [z1_p_level | 12] x [lat | 145] x [lon | 432]
Coordinates: 
            time: [12816..13094]
            z1_p_level: [1000..100]
            lat: [-40..40]
            lon: [ 0..359.1667]
Number Of Attributes: 9
  standard_name :	northward_wind
  long_name :	V COMPNT OF WIND ON P LEV/UV GRID
  missing_value :	-1.073742e+09
  stash_section :	30
  units :	m s-1
  lookup_source :	defaults (cdunifpp V0.14pre1)
  stash_model :	1
  stash_item :	202
  _FillValue :	-1.073742e+09
(0)	u contains missing values
(0)	u filled
(0)	v contains missing values
(0)	v filled
(0)	q contains missing values
(0)	q filled
(0)	w contains missing values
(0)	w filled
(0)	Calculating advection of moisture...
(0)	Calculating temporal tendency of moisture...

Variable: dq_dt
Type: float
Total Size: 838874880 bytes
            209718720 values
Number of Dimensions: 4
Dimensions and sizes:	[time | 279] x [z1_p_level | 12] x [lat | 145] x [lon | 432]
Coordinates: 
            time: [12816..13094]
            z1_p_level: [1000..100]
            lat: [-40..40]
            lon: [ 0..359.1667]
Number Of Attributes: 3
  units :	kg/kg s**-1
  long_name :	Temporal tendency of moisture
  _FillValue :	-1.073742e+09
(0)	Temporal tendency of moisture (kg/kg s**-1) : min=-1.84758e-07   max=1.78701e-07
(0)	Calculating convergence of moisture...
(0)	Calculating moisture loss (gain) due to the condensational heating
(0)	Calculating horizontal convergence of moisture flux...

Variable: fo_q
Type: float
Total Size: 63638784 bytes
            15909696 values
Number of Dimensions: 4
Dimensions and sizes:	[time | 279] x [z1_p_level | 12] x [lat | 33] x [lon | 144]
Coordinates: 
            time: [12816..13094]
            z1_p_level: [1000..100]
            lat: [ -40..  40]
            lon: [   0..357.5]
Number Of Attributes: 9
  missing_value :	-1.073742e+09
  _FillValue :	-1.073742e+09
  stash_item :	205
  stash_model :	1
  lookup_source :	defaults (cdunifpp V0.14pre1)
  units :	kg/kg
  stash_section :	30
  long_name :	SPECIFIC HUMIDITY ON P LEV/UV GRID
  standard_name :	specific_humidity

Variable: fo_dq_dt
Type: float
Total Size: 63638784 bytes
            15909696 values
Number of Dimensions: 4
Dimensions and sizes:	[time | 279] x [z1_p_level | 12] x [lat | 33] x [lon | 144]
Coordinates: 
            time: [12816..13094]
            z1_p_level: [1000..100]
            lat: [ -40..  40]
            lon: [   0..357.5]
Number Of Attributes: 3
  _FillValue :	-1.073742e+09
  long_name :	Temporal tendency of moisture
  units :	kg/kg s**-1
(0)	Writing output files...
20050330 e01
 Copyright (C) 1995-2019 - All Rights Reserved
 University Corporation for Atmospheric Research
 NCAR Command Language Version 6.6.2
 The use of this software is governed by a License Agreement.
 See http://www.ncl.ucar.edu/ for more details.
(0)	Script started at: Mon Aug 24 20:03:59 AEST 2026
(0)	short2flt: input variable is already type float: SPECIFIC HUMIDITY ON P LEV/UV GRID
(0)	short2flt: no conversion performed
(0)	short2flt: input variable is already type float: U COMPNT OF WIND ON P LEV/UV GRID
(0)	short2flt: no conversion performed
(0)	short2flt: input variable is already type float: V COMPNT OF WIND ON P LEV/UV GRID
(0)	short2flt: no conversion performed
(0)	short2flt: input variable is already type float: W COMPNT OF WIND ON P LEV/UV GRID
(0)	short2flt: no conversion performed
(0)	Reading variables...

Variable: q
Type: float
Total Size: 838874880 bytes
            209718720 values
Number of Dimensions: 4
Dimensions and sizes:	[time | 279] x [z1_p_level | 12] x [lat | 145] x [lon | 432]
Coordinates: 
            time: [12873..13151]
            z1_p_level: [1000..100]
            lat: [-40..40]
            lon: [ 0..359.1667]
Number Of Attributes: 9
  standard_name :	specific_humidity
  long_name :	SPECIFIC HUMIDITY ON P LEV/UV GRID
  missing_value :	-1.073742e+09
  stash_section :	30
  units :	1
  lookup_source :	defaults (cdunifpp V0.14pre1)
  stash_model :	1
  stash_item :	205
  _FillValue :	-1.073742e+09

Variable: u
Type: float
Total Size: 838874880 bytes
            209718720 values
Number of Dimensions: 4
Dimensions and sizes:	[time | 279] x [z1_p_level | 12] x [lat | 145] x [lon | 432]
Coordinates: 
            time: [12873..13151]
            z1_p_level: [1000..100]
            lat: [-40..40]
            lon: [ 0..359.1667]
Number Of Attributes: 9
  standard_name :	eastward_wind
  long_name :	U COMPNT OF WIND ON P LEV/UV GRID
  missing_value :	-1.073742e+09
  stash_section :	30
  units :	m s-1
  lookup_source :	defaults (cdunifpp V0.14pre1)
  stash_model :	1
  stash_item :	201
  _FillValue :	-1.073742e+09

Variable: v
Type: float
Total Size: 838874880 bytes
            209718720 values
Number of Dimensions: 4
Dimensions and sizes:	[time | 279] x [z1_p_level | 12] x [lat | 145] x [lon | 432]
Coordinates: 
            time: [12873..13151]
            z1_p_level: [1000..100]
            lat: [-40..40]
            lon: [ 0..359.1667]
Number Of Attributes: 9
  standard_name :	northward_wind
  long_name :	V COMPNT OF WIND ON P LEV/UV GRID
  missing_value :	-1.073742e+09
  stash_section :	30
  units :	m s-1
  lookup_source :	defaults (cdunifpp V0.14pre1)
  stash_model :	1
  stash_item :	202
  _FillValue :	-1.073742e+09
(0)	u contains missing values
(0)	u filled
(0)	v contains missing values
(0)	v filled
(0)	q contains missing values
(0)	q filled
(0)	w contains missing values
(0)	w filled
(0)	Calculating advection of moisture...
(0)	Calculating temporal tendency of moisture...

Variable: dq_dt
Type: float
Total Size: 838874880 bytes
            209718720 values
Number of Dimensions: 4
Dimensions and sizes:	[time | 279] x [z1_p_level | 12] x [lat | 145] x [lon | 432]
Coordinates: 
            time: [12873..13151]
            z1_p_level: [1000..100]
            lat: [-40..40]
            lon: [ 0..359.1667]
Number Of Attributes: 3
  units :	kg/kg s**-1
  long_name :	Temporal tendency of moisture
  _FillValue :	-1.073742e+09
(0)	Temporal tendency of moisture (kg/kg s**-1) : min=-1.90307e-07   max=1.88496e-07
(0)	Calculating convergence of moisture...
(0)	Calculating moisture loss (gain) due to the condensational heating
(0)	Calculating horizontal convergence of moisture flux...

Variable: fo_q
Type: float
Total Size: 63638784 bytes
            15909696 values
Number of Dimensions: 4
Dimensions and sizes:	[time | 279] x [z1_p_level | 12] x [lat | 33] x [lon | 144]
Coordinates: 
            time: [12873..13151]
            z1_p_level: [1000..100]
            lat: [ -40..  40]
            lon: [   0..357.5]
Number Of Attributes: 9
  missing_value :	-1.073742e+09
  _FillValue :	-1.073742e+09
  stash_item :	205
  stash_model :	1
  lookup_source :	defaults (cdunifpp V0.14pre1)
  units :	kg/kg
  stash_section :	30
  long_name :	SPECIFIC HUMIDITY ON P LEV/UV GRID
  standard_name :	specific_humidity

Variable: fo_dq_dt
Type: float
Total Size: 63638784 bytes
            15909696 values
Number of Dimensions: 4
Dimensions and sizes:	[time | 279] x [z1_p_level | 12] x [lat | 33] x [lon | 144]
Coordinates: 
            time: [12873..13151]
            z1_p_level: [1000..100]
            lat: [ -40..  40]
            lon: [   0..357.5]
Number Of Attributes: 3
  _FillValue :	-1.073742e+09
  long_name :	Temporal tendency of moisture
  units :	kg/kg s**-1
(0)	Writing output files...
20050331 e01
 Copyright (C) 1995-2019 - All Rights Reserved
 University Corporation for Atmospheric Research
 NCAR Command Language Version 6.6.2
 The use of this software is governed by a License Agreement.
 See http://www.ncl.ucar.edu/ for more details.
(0)	Script started at: Mon Aug 24 20:04:34 AEST 2026
(0)	short2flt: input variable is already type float: SPECIFIC HUMIDITY ON P LEV/UV GRID
(0)	short2flt: no conversion performed
(0)	short2flt: input variable is already type float: U COMPNT OF WIND ON P LEV/UV GRID
(0)	short2flt: no conversion performed
(0)	short2flt: input variable is already type float: V COMPNT OF WIND ON P LEV/UV GRID
(0)	short2flt: no conversion performed
(0)	short2flt: input variable is already type float: W COMPNT OF WIND ON P LEV/UV GRID
(0)	short2flt: no conversion performed
(0)	Reading variables...

Variable: q
Type: float
Total Size: 838874880 bytes
            209718720 values
Number of Dimensions: 4
Dimensions and sizes:	[time | 279] x [z1_p_level | 12] x [lat | 145] x [lon | 432]
Coordinates: 
            time: [12874..13152]
            z1_p_level: [1000..100]
            lat: [-40..40]
            lon: [ 0..359.1667]
Number Of Attributes: 9
  standard_name :	specific_humidity
  long_name :	SPECIFIC HUMIDITY ON P LEV/UV GRID
  missing_value :	-1.073742e+09
  stash_section :	30
  units :	1
  lookup_source :	defaults (cdunifpp V0.14pre1)
  stash_model :	1
  stash_item :	205
  _FillValue :	-1.073742e+09

Variable: u
Type: float
Total Size: 838874880 bytes
            209718720 values
Number of Dimensions: 4
Dimensions and sizes:	[time | 279] x [z1_p_level | 12] x [lat | 145] x [lon | 432]
Coordinates: 
            time: [12874..13152]
            z1_p_level: [1000..100]
            lat: [-40..40]
            lon: [ 0..359.1667]
Number Of Attributes: 9
  standard_name :	eastward_wind
  long_name :	U COMPNT OF WIND ON P LEV/UV GRID
  missing_value :	-1.073742e+09
  stash_section :	30
  units :	m s-1
  lookup_source :	defaults (cdunifpp V0.14pre1)
  stash_model :	1
  stash_item :	201
  _FillValue :	-1.073742e+09

Variable: v
Type: float
Total Size: 838874880 bytes
            209718720 values
Number of Dimensions: 4
Dimensions and sizes:	[time | 279] x [z1_p_level | 12] x [lat | 145] x [lon | 432]
Coordinates: 
            time: [12874..13152]
            z1_p_level: [1000..100]
            lat: [-40..40]
            lon: [ 0..359.1667]
Number Of Attributes: 9
  standard_name :	northward_wind
  long_name :	V COMPNT OF WIND ON P LEV/UV GRID
  missing_value :	-1.073742e+09
  stash_section :	30
  units :	m s-1
  lookup_source :	defaults (cdunifpp V0.14pre1)
  stash_model :	1
  stash_item :	202
  _FillValue :	-1.073742e+09
(0)	u contains missing values
(0)	u filled
(0)	v contains missing values
(0)	v filled
(0)	q contains missing values
(0)	q filled
(0)	w contains missing values
(0)	w filled
(0)	Calculating advection of moisture...
(0)	Calculating temporal tendency of moisture...

Variable: dq_dt
Type: float
Total Size: 838874880 bytes
            209718720 values
Number of Dimensions: 4
Dimensions and sizes:	[time | 279] x [z1_p_level | 12] x [lat | 145] x [lon | 432]
Coordinates: 
            time: [12874..13152]
            z1_p_level: [1000..100]
            lat: [-40..40]
            lon: [ 0..359.1667]
Number Of Attributes: 3
  units :	kg/kg s**-1
  long_name :	Temporal tendency of moisture
  _FillValue :	-1.073742e+09
(0)	Temporal tendency of moisture (kg/kg s**-1) : min=-1.78294e-07   max=1.90324e-07
(0)	Calculating convergence of moisture...
(0)	Calculating moisture loss (gain) due to the condensational heating
(0)	Calculating horizontal convergence of moisture flux...

Variable: fo_q
Type: float
Total Size: 63638784 bytes
            15909696 values
Number of Dimensions: 4
Dimensions and sizes:	[time | 279] x [z1_p_level | 12] x [lat | 33] x [lon | 144]
Coordinates: 
            time: [12874..13152]
            z1_p_level: [1000..100]
            lat: [ -40..  40]
            lon: [   0..357.5]
Number Of Attributes: 9
  missing_value :	-1.073742e+09
  _FillValue :	-1.073742e+09
  stash_item :	205
  stash_model :	1
  lookup_source :	defaults (cdunifpp V0.14pre1)
  units :	kg/kg
  stash_section :	30
  long_name :	SPECIFIC HUMIDITY ON P LEV/UV GRID
  standard_name :	specific_humidity

Variable: fo_dq_dt
Type: float
Total Size: 63638784 bytes
            15909696 values
Number of Dimensions: 4
Dimensions and sizes:	[time | 279] x [z1_p_level | 12] x [lat | 33] x [lon | 144]
Coordinates: 
            time: [12874..13152]
            z1_p_level: [1000..100]
            lat: [ -40..  40]
            lon: [   0..357.5]
Number Of Attributes: 3
  _FillValue :	-1.073742e+09
  long_name :	Temporal tendency of moisture
  units :	kg/kg s**-1
(0)	Writing output files...
20050429 e01
 Copyright (C) 1995-2019 - All Rights Reserved
 University Corporation for Atmospheric Research
 NCAR Command Language Version 6.6.2
 The use of this software is governed by a License Agreement.
 See http://www.ncl.ucar.edu/ for more details.
(0)	Script started at: Mon Aug 24 20:04:57 AEST 2026
(0)	short2flt: input variable is already type float: SPECIFIC HUMIDITY ON P LEV/UV GRID
(0)	short2flt: no conversion performed
(0)	short2flt: input variable is already type float: U COMPNT OF WIND ON P LEV/UV GRID
(0)	short2flt: no conversion performed
(0)	short2flt: input variable is already type float: V COMPNT OF WIND ON P LEV/UV GRID
(0)	short2flt: no conversion performed
(0)	short2flt: input variable is already type float: W COMPNT OF WIND ON P LEV/UV GRID
(0)	short2flt: no conversion performed
(0)	Reading variables...

Variable: q
Type: float
Total Size: 838874880 bytes
            209718720 values
Number of Dimensions: 4
Dimensions and sizes:	[time | 279] x [z1_p_level | 12] x [lat | 145] x [lon | 432]
Coordinates: 
            time: [12903..13181]
            z1_p_level: [1000..100]
            lat: [-40..40]
            lon: [ 0..359.1667]
Number Of Attributes: 9
  standard_name :	specific_humidity
  long_name :	SPECIFIC HUMIDITY ON P LEV/UV GRID
  missing_value :	-1.073742e+09
  stash_section :	30
  units :	1
  lookup_source :	defaults (cdunifpp V0.14pre1)
  stash_model :	1
  stash_item :	205
  _FillValue :	-1.073742e+09

Variable: u
Type: float
Total Size: 838874880 bytes
            209718720 values
Number of Dimensions: 4
Dimensions and sizes:	[time | 279] x [z1_p_level | 12] x [lat | 145] x [lon | 432]
Coordinates: 
            time: [12903..13181]
            z1_p_level: [1000..100]
            lat: [-40..40]
            lon: [ 0..359.1667]
Number Of Attributes: 9
  standard_name :	eastward_wind
  long_name :	U COMPNT OF WIND ON P LEV/UV GRID
  missing_value :	-1.073742e+09
  stash_section :	30
  units :	m s-1
  lookup_source :	defaults (cdunifpp V0.14pre1)
  stash_model :	1
  stash_item :	201
  _FillValue :	-1.073742e+09

Variable: v
Type: float
Total Size: 838874880 bytes
            209718720 values
Number of Dimensions: 4
Dimensions and sizes:	[time | 279] x [z1_p_level | 12] x [lat | 145] x [lon | 432]
Coordinates: 
            time: [12903..13181]
            z1_p_level: [1000..100]
            lat: [-40..40]
            lon: [ 0..359.1667]
Number Of Attributes: 9
  standard_name :	northward_wind
  long_name :	V COMPNT OF WIND ON P LEV/UV GRID
  missing_value :	-1.073742e+09
  stash_section :	30
  units :	m s-1
  lookup_source :	defaults (cdunifpp V0.14pre1)
  stash_model :	1
  stash_item :	202
  _FillValue :	-1.073742e+09
(0)	u contains missing values
(0)	u filled
(0)	v contains missing values
(0)	v filled
(0)	q contains missing values
(0)	q filled
(0)	w contains missing values
(0)	w filled
(0)	Calculating advection of moisture...
(0)	Calculating temporal tendency of moisture...

Variable: dq_dt
Type: float
Total Size: 838874880 bytes
            209718720 values
Number of Dimensions: 4
Dimensions and sizes:	[time | 279] x [z1_p_level | 12] x [lat | 145] x [lon | 432]
Coordinates: 
            time: [12903..13181]
            z1_p_level: [1000..100]
            lat: [-40..40]
            lon: [ 0..359.1667]
Number Of Attributes: 3
  units :	kg/kg s**-1
  long_name :	Temporal tendency of moisture
  _FillValue :	-1.073742e+09
(0)	Temporal tendency of moisture (kg/kg s**-1) : min=-1.84542e-07   max=1.99015e-07
(0)	Calculating convergence of moisture...
(0)	Calculating moisture loss (gain) due to the condensational heating
(0)	Calculating horizontal convergence of moisture flux...

Variable: fo_q
Type: float
Total Size: 63638784 bytes
            15909696 values
Number of Dimensions: 4
Dimensions and sizes:	[time | 279] x [z1_p_level | 12] x [lat | 33] x [lon | 144]
Coordinates: 
            time: [12903..13181]
            z1_p_level: [1000..100]
            lat: [ -40..  40]
            lon: [   0..357.5]
Number Of Attributes: 9
  missing_value :	-1.073742e+09
  _FillValue :	-1.073742e+09
  stash_item :	205
  stash_model :	1
  lookup_source :	defaults (cdunifpp V0.14pre1)
  units :	kg/kg
  stash_section :	30
  long_name :	SPECIFIC HUMIDITY ON P LEV/UV GRID
  standard_name :	specific_humidity

Variable: fo_dq_dt
Type: float
Total Size: 63638784 bytes
            15909696 values
Number of Dimensions: 4
Dimensions and sizes:	[time | 279] x [z1_p_level | 12] x [lat | 33] x [lon | 144]
Coordinates: 
            time: [12903..13181]
            z1_p_level: [1000..100]
            lat: [ -40..  40]
            lon: [   0..357.5]
Number Of Attributes: 3
  _FillValue :	-1.073742e+09
  long_name :	Temporal tendency of moisture
  units :	kg/kg s**-1
(0)	Writing output files...
20050401 e01
 Copyright (C) 1995-2019 - All Rights Reserved
 University Corporation for Atmospheric Research
 NCAR Command Language Version 6.6.2
 The use of this software is governed by a License Agreement.
 See http://www.ncl.ucar.edu/ for more details.
(0)	Script started at: Mon Aug 24 20:04:56 AEST 2026
(0)	short2flt: input variable is already type float: SPECIFIC HUMIDITY ON P LEV/UV GRID
(0)	short2flt: no conversion performed
(0)	short2flt: input variable is already type float: U COMPNT OF WIND ON P LEV/UV GRID
(0)	short2flt: no conversion performed
(0)	short2flt: input variable is already type float: V COMPNT OF WIND ON P LEV/UV GRID
(0)	short2flt: no conversion performed
(0)	short2flt: input variable is already type float: W COMPNT OF WIND ON P LEV/UV GRID
(0)	short2flt: no conversion performed
(0)	Reading variables...

Variable: q
Type: float
Total Size: 838874880 bytes
            209718720 values
Number of Dimensions: 4
Dimensions and sizes:	[time | 279] x [z1_p_level | 12] x [lat | 145] x [lon | 432]
Coordinates: 
            time: [12875..13153]
            z1_p_level: [1000..100]
            lat: [-40..40]
            lon: [ 0..359.1667]
Number Of Attributes: 9
  standard_name :	specific_humidity
  long_name :	SPECIFIC HUMIDITY ON P LEV/UV GRID
  missing_value :	-1.073742e+09
  stash_section :	30
  units :	1
  lookup_source :	defaults (cdunifpp V0.14pre1)
  stash_model :	1
  stash_item :	205
  _FillValue :	-1.073742e+09

Variable: u
Type: float
Total Size: 838874880 bytes
            209718720 values
Number of Dimensions: 4
Dimensions and sizes:	[time | 279] x [z1_p_level | 12] x [lat | 145] x [lon | 432]
Coordinates: 
            time: [12875..13153]
            z1_p_level: [1000..100]
            lat: [-40..40]
            lon: [ 0..359.1667]
Number Of Attributes: 9
  standard_name :	eastward_wind
  long_name :	U COMPNT OF WIND ON P LEV/UV GRID
  missing_value :	-1.073742e+09
  stash_section :	30
  units :	m s-1
  lookup_source :	defaults (cdunifpp V0.14pre1)
  stash_model :	1
  stash_item :	201
  _FillValue :	-1.073742e+09

Variable: v
Type: float
Total Size: 838874880 bytes
            209718720 values
Number of Dimensions: 4
Dimensions and sizes:	[time | 279] x [z1_p_level | 12] x [lat | 145] x [lon | 432]
Coordinates: 
            time: [12875..13153]
            z1_p_level: [1000..100]
            lat: [-40..40]
            lon: [ 0..359.1667]
Number Of Attributes: 9
  standard_name :	northward_wind
  long_name :	V COMPNT OF WIND ON P LEV/UV GRID
  missing_value :	-1.073742e+09
  stash_section :	30
  units :	m s-1
  lookup_source :	defaults (cdunifpp V0.14pre1)
  stash_model :	1
  stash_item :	202
  _FillValue :	-1.073742e+09
(0)	u contains missing values
(0)	u filled
(0)	v contains missing values
(0)	v filled
(0)	q contains missing values
(0)	q filled
(0)	w contains missing values
(0)	w filled
(0)	Calculating advection of moisture...
(0)	Calculating temporal tendency of moisture...

Variable: dq_dt
Type: float
Total Size: 838874880 bytes
            209718720 values
Number of Dimensions: 4
Dimensions and sizes:	[time | 279] x [z1_p_level | 12] x [lat | 145] x [lon | 432]
Coordinates: 
            time: [12875..13153]
            z1_p_level: [1000..100]
            lat: [-40..40]
            lon: [ 0..359.1667]
Number Of Attributes: 3
  units :	kg/kg s**-1
  long_name :	Temporal tendency of moisture
  _FillValue :	-1.073742e+09
(0)	Temporal tendency of moisture (kg/kg s**-1) : min=-1.84635e-07   max=1.92799e-07
(0)	Calculating convergence of moisture...
(0)	Calculating moisture loss (gain) due to the condensational heating
(0)	Calculating horizontal convergence of moisture flux...

Variable: fo_q
Type: float
Total Size: 63638784 bytes
            15909696 values
Number of Dimensions: 4
Dimensions and sizes:	[time | 279] x [z1_p_level | 12] x [lat | 33] x [lon | 144]
Coordinates: 
            time: [12875..13153]
            z1_p_level: [1000..100]
            lat: [ -40..  40]
            lon: [   0..357.5]
Number Of Attributes: 9
  missing_value :	-1.073742e+09
  _FillValue :	-1.073742e+09
  stash_item :	205
  stash_model :	1
  lookup_source :	defaults (cdunifpp V0.14pre1)
  units :	kg/kg
  stash_section :	30
  long_name :	SPECIFIC HUMIDITY ON P LEV/UV GRID
  standard_name :	specific_humidity

Variable: fo_dq_dt
Type: float
Total Size: 63638784 bytes
            15909696 values
Number of Dimensions: 4
Dimensions and sizes:	[time | 279] x [z1_p_level | 12] x [lat | 33] x [lon | 144]
Coordinates: 
            time: [12875..13153]
            z1_p_level: [1000..100]
            lat: [ -40..  40]
            lon: [   0..357.5]
Number Of Attributes: 3
  _FillValue :	-1.073742e+09
  long_name :	Temporal tendency of moisture
  units :	kg/kg s**-1
(0)	Writing output files...
20050430 e01
 Copyright (C) 1995-2019 - All Rights Reserved
 University Corporation for Atmospheric Research
 NCAR Command Language Version 6.6.2
 The use of this software is governed by a License Agreement.
 See http://www.ncl.ucar.edu/ for more details.
(0)	Script started at: Mon Aug 24 20:05:27 AEST 2026
(0)	short2flt: input variable is already type float: SPECIFIC HUMIDITY ON P LEV/UV GRID
(0)	short2flt: no conversion performed
(0)	short2flt: input variable is already type float: U COMPNT OF WIND ON P LEV/UV GRID
(0)	short2flt: no conversion performed
(0)	short2flt: input variable is already type float: V COMPNT OF WIND ON P LEV/UV GRID
(0)	short2flt: no conversion performed
(0)	short2flt: input variable is already type float: W COMPNT OF WIND ON P LEV/UV GRID
(0)	short2flt: no conversion performed
(0)	Reading variables...

Variable: q
Type: float
Total Size: 838874880 bytes
            209718720 values
Number of Dimensions: 4
Dimensions and sizes:	[time | 279] x [z1_p_level | 12] x [lat | 145] x [lon | 432]
Coordinates: 
            time: [12904..13182]
            z1_p_level: [1000..100]
            lat: [-40..40]
            lon: [ 0..359.1667]
Number Of Attributes: 9
  standard_name :	specific_humidity
  long_name :	SPECIFIC HUMIDITY ON P LEV/UV GRID
  missing_value :	-1.073742e+09
  stash_section :	30
  units :	1
  lookup_source :	defaults (cdunifpp V0.14pre1)
  stash_model :	1
  stash_item :	205
  _FillValue :	-1.073742e+09

Variable: u
Type: float
Total Size: 838874880 bytes
            209718720 values
Number of Dimensions: 4
Dimensions and sizes:	[time | 279] x [z1_p_level | 12] x [lat | 145] x [lon | 432]
Coordinates: 
            time: [12904..13182]
            z1_p_level: [1000..100]
            lat: [-40..40]
            lon: [ 0..359.1667]
Number Of Attributes: 9
  standard_name :	eastward_wind
  long_name :	U COMPNT OF WIND ON P LEV/UV GRID
  missing_value :	-1.073742e+09
  stash_section :	30
  units :	m s-1
  lookup_source :	defaults (cdunifpp V0.14pre1)
  stash_model :	1
  stash_item :	201
  _FillValue :	-1.073742e+09

Variable: v
Type: float
Total Size: 838874880 bytes
            209718720 values
Number of Dimensions: 4
Dimensions and sizes:	[time | 279] x [z1_p_level | 12] x [lat | 145] x [lon | 432]
Coordinates: 
            time: [12904..13182]
            z1_p_level: [1000..100]
            lat: [-40..40]
            lon: [ 0..359.1667]
Number Of Attributes: 9
  standard_name :	northward_wind
  long_name :	V COMPNT OF WIND ON P LEV/UV GRID
  missing_value :	-1.073742e+09
  stash_section :	30
  units :	m s-1
  lookup_source :	defaults (cdunifpp V0.14pre1)
  stash_model :	1
  stash_item :	202
  _FillValue :	-1.073742e+09
(0)	u contains missing values
(0)	u filled
(0)	v contains missing values
(0)	v filled
(0)	q contains missing values
(0)	q filled
(0)	w contains missing values
(0)	w filled
(0)	Calculating advection of moisture...
(0)	Calculating temporal tendency of moisture...

Variable: dq_dt
Type: float
Total Size: 838874880 bytes
            209718720 values
Number of Dimensions: 4
Dimensions and sizes:	[time | 279] x [z1_p_level | 12] x [lat | 145] x [lon | 432]
Coordinates: 
            time: [12904..13182]
            z1_p_level: [1000..100]
            lat: [-40..40]
            lon: [ 0..359.1667]
Number Of Attributes: 3
  units :	kg/kg s**-1
  long_name :	Temporal tendency of moisture
  _FillValue :	-1.073742e+09
(0)	Temporal tendency of moisture (kg/kg s**-1) : min=-1.86168e-07   max=1.8099e-07
(0)	Calculating convergence of moisture...
(0)	Calculating moisture loss (gain) due to the condensational heating
(0)	Calculating horizontal convergence of moisture flux...

Variable: fo_q
Type: float
Total Size: 63638784 bytes
            15909696 values
Number of Dimensions: 4
Dimensions and sizes:	[time | 279] x [z1_p_level | 12] x [lat | 33] x [lon | 144]
Coordinates: 
            time: [12904..13182]
            z1_p_level: [1000..100]
            lat: [ -40..  40]
            lon: [   0..357.5]
Number Of Attributes: 9
  missing_value :	-1.073742e+09
  _FillValue :	-1.073742e+09
  stash_item :	205
  stash_model :	1
  lookup_source :	defaults (cdunifpp V0.14pre1)
  units :	kg/kg
  stash_section :	30
  long_name :	SPECIFIC HUMIDITY ON P LEV/UV GRID
  standard_name :	specific_humidity

Variable: fo_dq_dt
Type: float
Total Size: 63638784 bytes
            15909696 values
Number of Dimensions: 4
Dimensions and sizes:	[time | 279] x [z1_p_level | 12] x [lat | 33] x [lon | 144]
Coordinates: 
            time: [12904..13182]
            z1_p_level: [1000..100]
            lat: [ -40..  40]
            lon: [   0..357.5]
Number Of Attributes: 3
  _FillValue :	-1.073742e+09
  long_name :	Temporal tendency of moisture
  units :	kg/kg s**-1
(0)	Writing output files...
20050531 e01
 Copyright (C) 1995-2019 - All Rights Reserved
 University Corporation for Atmospheric Research
 NCAR Command Language Version 6.6.2
 The use of this software is governed by a License Agreement.
 See http://www.ncl.ucar.edu/ for more details.
(0)	Script started at: Mon Aug 24 20:11:05 AEST 2026
(0)	short2flt: input variable is already type float: SPECIFIC HUMIDITY ON P LEV/UV GRID
(0)	short2flt: no conversion performed
(0)	short2flt: input variable is already type float: U COMPNT OF WIND ON P LEV/UV GRID
(0)	short2flt: no conversion performed
(0)	short2flt: input variable is already type float: V COMPNT OF WIND ON P LEV/UV GRID
(0)	short2flt: no conversion performed
(0)	short2flt: input variable is already type float: W COMPNT OF WIND ON P LEV/UV GRID
(0)	short2flt: no conversion performed
(0)	Reading variables...

Variable: q
Type: float
Total Size: 838874880 bytes
            209718720 values
Number of Dimensions: 4
Dimensions and sizes:	[time | 279] x [z1_p_level | 12] x [lat | 145] x [lon | 432]
Coordinates: 
            time: [12935..13213]
            z1_p_level: [1000..100]
            lat: [-40..40]
            lon: [ 0..359.1667]
Number Of Attributes: 9
  standard_name :	specific_humidity
  long_name :	SPECIFIC HUMIDITY ON P LEV/UV GRID
  missing_value :	-1.073742e+09
  stash_section :	30
  units :	1
  lookup_source :	defaults (cdunifpp V0.14pre1)
  stash_model :	1
  stash_item :	205
  _FillValue :	-1.073742e+09

Variable: u
Type: float
Total Size: 838874880 bytes
            209718720 values
Number of Dimensions: 4
Dimensions and sizes:	[time | 279] x [z1_p_level | 12] x [lat | 145] x [lon | 432]
Coordinates: 
            time: [12935..13213]
            z1_p_level: [1000..100]
            lat: [-40..40]
            lon: [ 0..359.1667]
Number Of Attributes: 9
  standard_name :	eastward_wind
  long_name :	U COMPNT OF WIND ON P LEV/UV GRID
  missing_value :	-1.073742e+09
  stash_section :	30
  units :	m s-1
  lookup_source :	defaults (cdunifpp V0.14pre1)
  stash_model :	1
  stash_item :	201
  _FillValue :	-1.073742e+09

Variable: v
Type: float
Total Size: 838874880 bytes
            209718720 values
Number of Dimensions: 4
Dimensions and sizes:	[time | 279] x [z1_p_level | 12] x [lat | 145] x [lon | 432]
Coordinates: 
            time: [12935..13213]
            z1_p_level: [1000..100]
            lat: [-40..40]
            lon: [ 0..359.1667]
Number Of Attributes: 9
  standard_name :	northward_wind
  long_name :	V COMPNT OF WIND ON P LEV/UV GRID
  missing_value :	-1.073742e+09
  stash_section :	30
  units :	m s-1
  lookup_source :	defaults (cdunifpp V0.14pre1)
  stash_model :	1
  stash_item :	202
  _FillValue :	-1.073742e+09
(0)	u contains missing values
(0)	u filled
(0)	v contains missing values
(0)	v filled
(0)	q contains missing values
(0)	q filled
(0)	w contains missing values
(0)	w filled
(0)	Calculating advection of moisture...
(0)	Calculating temporal tendency of moisture...

Variable: dq_dt
Type: float
Total Size: 838874880 bytes
            209718720 values
Number of Dimensions: 4
Dimensions and sizes:	[time | 279] x [z1_p_level | 12] x [lat | 145] x [lon | 432]
Coordinates: 
            time: [12935..13213]
            z1_p_level: [1000..100]
            lat: [-40..40]
            lon: [ 0..359.1667]
Number Of Attributes: 3
  units :	kg/kg s**-1
  long_name :	Temporal tendency of moisture
  _FillValue :	-1.073742e+09
(0)	Temporal tendency of moisture (kg/kg s**-1) : min=-1.94528e-07   max=1.99838e-07
(0)	Calculating convergence of moisture...
(0)	Calculating moisture loss (gain) due to the condensational heating
(0)	Calculating horizontal convergence of moisture flux...

Variable: fo_q
Type: float
Total Size: 63638784 bytes
            15909696 values
Number of Dimensions: 4
Dimensions and sizes:	[time | 279] x [z1_p_level | 12] x [lat | 33] x [lon | 144]
Coordinates: 
            time: [12935..13213]
            z1_p_level: [1000..100]
            lat: [ -40..  40]
            lon: [   0..357.5]
Number Of Attributes: 9
  missing_value :	-1.073742e+09
  _FillValue :	-1.073742e+09
  stash_item :	205
  stash_model :	1
  lookup_source :	defaults (cdunifpp V0.14pre1)
  units :	kg/kg
  stash_section :	30
  long_name :	SPECIFIC HUMIDITY ON P LEV/UV GRID
  standard_name :	specific_humidity

Variable: fo_dq_dt
Type: float
Total Size: 63638784 bytes
            15909696 values
Number of Dimensions: 4
Dimensions and sizes:	[time | 279] x [z1_p_level | 12] x [lat | 33] x [lon | 144]
Coordinates: 
            time: [12935..13213]
            z1_p_level: [1000..100]
            lat: [ -40..  40]
            lon: [   0..357.5]
Number Of Attributes: 3
  _FillValue :	-1.073742e+09
  long_name :	Temporal tendency of moisture
  units :	kg/kg s**-1
(0)	Writing output files...
20050501 e01
 Copyright (C) 1995-2019 - All Rights Reserved
 University Corporation for Atmospheric Research
 NCAR Command Language Version 6.6.2
 The use of this software is governed by a License Agreement.
 See http://www.ncl.ucar.edu/ for more details.
(0)	Script started at: Mon Aug 24 20:10:20 AEST 2026
(0)	short2flt: input variable is already type float: SPECIFIC HUMIDITY ON P LEV/UV GRID
(0)	short2flt: no conversion performed
(0)	short2flt: input variable is already type float: U COMPNT OF WIND ON P LEV/UV GRID
(0)	short2flt: no conversion performed
(0)	short2flt: input variable is already type float: V COMPNT OF WIND ON P LEV/UV GRID
(0)	short2flt: no conversion performed
(0)	short2flt: input variable is already type float: W COMPNT OF WIND ON P LEV/UV GRID
(0)	short2flt: no conversion performed
(0)	Reading variables...

Variable: q
Type: float
Total Size: 838874880 bytes
            209718720 values
Number of Dimensions: 4
Dimensions and sizes:	[time | 279] x [z1_p_level | 12] x [lat | 145] x [lon | 432]
Coordinates: 
            time: [12905..13183]
            z1_p_level: [1000..100]
            lat: [-40..40]
            lon: [ 0..359.1667]
Number Of Attributes: 9
  standard_name :	specific_humidity
  long_name :	SPECIFIC HUMIDITY ON P LEV/UV GRID
  missing_value :	-1.073742e+09
  stash_section :	30
  units :	1
  lookup_source :	defaults (cdunifpp V0.14pre1)
  stash_model :	1
  stash_item :	205
  _FillValue :	-1.073742e+09

Variable: u
Type: float
Total Size: 838874880 bytes
            209718720 values
Number of Dimensions: 4
Dimensions and sizes:	[time | 279] x [z1_p_level | 12] x [lat | 145] x [lon | 432]
Coordinates: 
            time: [12905..13183]
            z1_p_level: [1000..100]
            lat: [-40..40]
            lon: [ 0..359.1667]
Number Of Attributes: 9
  standard_name :	eastward_wind
  long_name :	U COMPNT OF WIND ON P LEV/UV GRID
  missing_value :	-1.073742e+09
  stash_section :	30
  units :	m s-1
  lookup_source :	defaults (cdunifpp V0.14pre1)
  stash_model :	1
  stash_item :	201
  _FillValue :	-1.073742e+09

Variable: v
Type: float
Total Size: 838874880 bytes
            209718720 values
Number of Dimensions: 4
Dimensions and sizes:	[time | 279] x [z1_p_level | 12] x [lat | 145] x [lon | 432]
Coordinates: 
            time: [12905..13183]
            z1_p_level: [1000..100]
            lat: [-40..40]
            lon: [ 0..359.1667]
Number Of Attributes: 9
  standard_name :	northward_wind
  long_name :	V COMPNT OF WIND ON P LEV/UV GRID
  missing_value :	-1.073742e+09
  stash_section :	30
  units :	m s-1
  lookup_source :	defaults (cdunifpp V0.14pre1)
  stash_model :	1
  stash_item :	202
  _FillValue :	-1.073742e+09
(0)	u contains missing values
(0)	u filled
(0)	v contains missing values
(0)	v filled
(0)	q contains missing values
(0)	q filled
(0)	w contains missing values
(0)	w filled
(0)	Calculating advection of moisture...
(0)	Calculating temporal tendency of moisture...

Variable: dq_dt
Type: float
Total Size: 838874880 bytes
            209718720 values
Number of Dimensions: 4
Dimensions and sizes:	[time | 279] x [z1_p_level | 12] x [lat | 145] x [lon | 432]
Coordinates: 
            time: [12905..13183]
            z1_p_level: [1000..100]
            lat: [-40..40]
            lon: [ 0..359.1667]
Number Of Attributes: 3
  units :	kg/kg s**-1
  long_name :	Temporal tendency of moisture
  _FillValue :	-1.073742e+09
(0)	Temporal tendency of moisture (kg/kg s**-1) : min=-1.83715e-07   max=1.84449e-07
(0)	Calculating convergence of moisture...
(0)	Calculating moisture loss (gain) due to the condensational heating
(0)	Calculating horizontal convergence of moisture flux...

Variable: fo_q
Type: float
Total Size: 63638784 bytes
            15909696 values
Number of Dimensions: 4
Dimensions and sizes:	[time | 279] x [z1_p_level | 12] x [lat | 33] x [lon | 144]
Coordinates: 
            time: [12905..13183]
            z1_p_level: [1000..100]
            lat: [ -40..  40]
            lon: [   0..357.5]
Number Of Attributes: 9
  missing_value :	-1.073742e+09
  _FillValue :	-1.073742e+09
  stash_item :	205
  stash_model :	1
  lookup_source :	defaults (cdunifpp V0.14pre1)
  units :	kg/kg
  stash_section :	30
  long_name :	SPECIFIC HUMIDITY ON P LEV/UV GRID
  standard_name :	specific_humidity

Variable: fo_dq_dt
Type: float
Total Size: 63638784 bytes
            15909696 values
Number of Dimensions: 4
Dimensions and sizes:	[time | 279] x [z1_p_level | 12] x [lat | 33] x [lon | 144]
Coordinates: 
            time: [12905..13183]
            z1_p_level: [1000..100]
            lat: [ -40..  40]
            lon: [   0..357.5]
Number Of Attributes: 3
  _FillValue :	-1.073742e+09
  long_name :	Temporal tendency of moisture
  units :	kg/kg s**-1
(0)	Writing output files...
20050601 e01
 Copyright (C) 1995-2019 - All Rights Reserved
 University Corporation for Atmospheric Research
 NCAR Command Language Version 6.6.2
 The use of this software is governed by a License Agreement.
 See http://www.ncl.ucar.edu/ for more details.
(0)	Script started at: Mon Aug 24 20:11:10 AEST 2026
(0)	short2flt: input variable is already type float: SPECIFIC HUMIDITY ON P LEV/UV GRID
(0)	short2flt: no conversion performed
(0)	short2flt: input variable is already type float: U COMPNT OF WIND ON P LEV/UV GRID
(0)	short2flt: no conversion performed
(0)	short2flt: input variable is already type float: V COMPNT OF WIND ON P LEV/UV GRID
(0)	short2flt: no conversion performed
(0)	short2flt: input variable is already type float: W COMPNT OF WIND ON P LEV/UV GRID
(0)	short2flt: no conversion performed
(0)	Reading variables...

Variable: q
Type: float
Total Size: 838874880 bytes
            209718720 values
Number of Dimensions: 4
Dimensions and sizes:	[time | 279] x [z1_p_level | 12] x [lat | 145] x [lon | 432]
Coordinates: 
            time: [12936..13214]
            z1_p_level: [1000..100]
            lat: [-40..40]
            lon: [ 0..359.1667]
Number Of Attributes: 9
  standard_name :	specific_humidity
  long_name :	SPECIFIC HUMIDITY ON P LEV/UV GRID
  missing_value :	-1.073742e+09
  stash_section :	30
  units :	1
  lookup_source :	defaults (cdunifpp V0.14pre1)
  stash_model :	1
  stash_item :	205
  _FillValue :	-1.073742e+09

Variable: u
Type: float
Total Size: 838874880 bytes
            209718720 values
Number of Dimensions: 4
Dimensions and sizes:	[time | 279] x [z1_p_level | 12] x [lat | 145] x [lon | 432]
Coordinates: 
            time: [12936..13214]
            z1_p_level: [1000..100]
            lat: [-40..40]
            lon: [ 0..359.1667]
Number Of Attributes: 9
  standard_name :	eastward_wind
  long_name :	U COMPNT OF WIND ON P LEV/UV GRID
  missing_value :	-1.073742e+09
  stash_section :	30
  units :	m s-1
  lookup_source :	defaults (cdunifpp V0.14pre1)
  stash_model :	1
  stash_item :	201
  _FillValue :	-1.073742e+09

Variable: v
Type: float
Total Size: 838874880 bytes
            209718720 values
Number of Dimensions: 4
Dimensions and sizes:	[time | 279] x [z1_p_level | 12] x [lat | 145] x [lon | 432]
Coordinates: 
            time: [12936..13214]
            z1_p_level: [1000..100]
            lat: [-40..40]
            lon: [ 0..359.1667]
Number Of Attributes: 9
  standard_name :	northward_wind
  long_name :	V COMPNT OF WIND ON P LEV/UV GRID
  missing_value :	-1.073742e+09
  stash_section :	30
  units :	m s-1
  lookup_source :	defaults (cdunifpp V0.14pre1)
  stash_model :	1
  stash_item :	202
  _FillValue :	-1.073742e+09
(0)	u contains missing values
(0)	u filled
(0)	v contains missing values
(0)	v filled
(0)	q contains missing values
(0)	q filled
(0)	w contains missing values
(0)	w filled
(0)	Calculating advection of moisture...
(0)	Calculating temporal tendency of moisture...

Variable: dq_dt
Type: float
Total Size: 838874880 bytes
            209718720 values
Number of Dimensions: 4
Dimensions and sizes:	[time | 279] x [z1_p_level | 12] x [lat | 145] x [lon | 432]
Coordinates: 
            time: [12936..13214]
            z1_p_level: [1000..100]
            lat: [-40..40]
            lon: [ 0..359.1667]
Number Of Attributes: 3
  units :	kg/kg s**-1
  long_name :	Temporal tendency of moisture
  _FillValue :	-1.073742e+09
(0)	Temporal tendency of moisture (kg/kg s**-1) : min=-1.73952e-07   max=1.81794e-07
(0)	Calculating convergence of moisture...
(0)	Calculating moisture loss (gain) due to the condensational heating
(0)	Calculating horizontal convergence of moisture flux...

Variable: fo_q
Type: float
Total Size: 63638784 bytes
            15909696 values
Number of Dimensions: 4
Dimensions and sizes:	[time | 279] x [z1_p_level | 12] x [lat | 33] x [lon | 144]
Coordinates: 
            time: [12936..13214]
            z1_p_level: [1000..100]
            lat: [ -40..  40]
            lon: [   0..357.5]
Number Of Attributes: 9
  missing_value :	-1.073742e+09
  _FillValue :	-1.073742e+09
  stash_item :	205
  stash_model :	1
  lookup_source :	defaults (cdunifpp V0.14pre1)
  units :	kg/kg
  stash_section :	30
  long_name :	SPECIFIC HUMIDITY ON P LEV/UV GRID
  standard_name :	specific_humidity

Variable: fo_dq_dt
Type: float
Total Size: 63638784 bytes
            15909696 values
Number of Dimensions: 4
Dimensions and sizes:	[time | 279] x [z1_p_level | 12] x [lat | 33] x [lon | 144]
Coordinates: 
            time: [12936..13214]
            z1_p_level: [1000..100]
            lat: [ -40..  40]
            lon: [   0..357.5]
Number Of Attributes: 3
  _FillValue :	-1.073742e+09
  long_name :	Temporal tendency of moisture
  units :	kg/kg s**-1
(0)	Writing output files...
20050530 e01
 Copyright (C) 1995-2019 - All Rights Reserved
 University Corporation for Atmospheric Research
 NCAR Command Language Version 6.6.2
 The use of this software is governed by a License Agreement.
 See http://www.ncl.ucar.edu/ for more details.
(0)	Script started at: Mon Aug 24 20:10:45 AEST 2026
(0)	short2flt: input variable is already type float: SPECIFIC HUMIDITY ON P LEV/UV GRID
(0)	short2flt: no conversion performed
(0)	short2flt: input variable is already type float: U COMPNT OF WIND ON P LEV/UV GRID
(0)	short2flt: no conversion performed
(0)	short2flt: input variable is already type float: V COMPNT OF WIND ON P LEV/UV GRID
(0)	short2flt: no conversion performed
(0)	short2flt: input variable is already type float: W COMPNT OF WIND ON P LEV/UV GRID
(0)	short2flt: no conversion performed
(0)	Reading variables...

Variable: q
Type: float
Total Size: 838874880 bytes
            209718720 values
Number of Dimensions: 4
Dimensions and sizes:	[time | 279] x [z1_p_level | 12] x [lat | 145] x [lon | 432]
Coordinates: 
            time: [12934..13212]
            z1_p_level: [1000..100]
            lat: [-40..40]
            lon: [ 0..359.1667]
Number Of Attributes: 9
  standard_name :	specific_humidity
  long_name :	SPECIFIC HUMIDITY ON P LEV/UV GRID
  missing_value :	-1.073742e+09
  stash_section :	30
  units :	1
  lookup_source :	defaults (cdunifpp V0.14pre1)
  stash_model :	1
  stash_item :	205
  _FillValue :	-1.073742e+09

Variable: u
Type: float
Total Size: 838874880 bytes
            209718720 values
Number of Dimensions: 4
Dimensions and sizes:	[time | 279] x [z1_p_level | 12] x [lat | 145] x [lon | 432]
Coordinates: 
            time: [12934..13212]
            z1_p_level: [1000..100]
            lat: [-40..40]
            lon: [ 0..359.1667]
Number Of Attributes: 9
  standard_name :	eastward_wind
  long_name :	U COMPNT OF WIND ON P LEV/UV GRID
  missing_value :	-1.073742e+09
  stash_section :	30
  units :	m s-1
  lookup_source :	defaults (cdunifpp V0.14pre1)
  stash_model :	1
  stash_item :	201
  _FillValue :	-1.073742e+09

Variable: v
Type: float
Total Size: 838874880 bytes
            209718720 values
Number of Dimensions: 4
Dimensions and sizes:	[time | 279] x [z1_p_level | 12] x [lat | 145] x [lon | 432]
Coordinates: 
            time: [12934..13212]
            z1_p_level: [1000..100]
            lat: [-40..40]
            lon: [ 0..359.1667]
Number Of Attributes: 9
  standard_name :	northward_wind
  long_name :	V COMPNT OF WIND ON P LEV/UV GRID
  missing_value :	-1.073742e+09
  stash_section :	30
  units :	m s-1
  lookup_source :	defaults (cdunifpp V0.14pre1)
  stash_model :	1
  stash_item :	202
  _FillValue :	-1.073742e+09
(0)	u contains missing values
(0)	u filled
(0)	v contains missing values
(0)	v filled
(0)	q contains missing values
(0)	q filled
(0)	w contains missing values
(0)	w filled
(0)	Calculating advection of moisture...
(0)	Calculating temporal tendency of moisture...

Variable: dq_dt
Type: float
Total Size: 838874880 bytes
            209718720 values
Number of Dimensions: 4
Dimensions and sizes:	[time | 279] x [z1_p_level | 12] x [lat | 145] x [lon | 432]
Coordinates: 
            time: [12934..13212]
            z1_p_level: [1000..100]
            lat: [-40..40]
            lon: [ 0..359.1667]
Number Of Attributes: 3
  units :	kg/kg s**-1
  long_name :	Temporal tendency of moisture
  _FillValue :	-1.073742e+09
(0)	Temporal tendency of moisture (kg/kg s**-1) : min=-1.82024e-07   max=1.80731e-07
(0)	Calculating convergence of moisture...
(0)	Calculating moisture loss (gain) due to the condensational heating
(0)	Calculating horizontal convergence of moisture flux...

Variable: fo_q
Type: float
Total Size: 63638784 bytes
            15909696 values
Number of Dimensions: 4
Dimensions and sizes:	[time | 279] x [z1_p_level | 12] x [lat | 33] x [lon | 144]
Coordinates: 
            time: [12934..13212]
            z1_p_level: [1000..100]
            lat: [ -40..  40]
            lon: [   0..357.5]
Number Of Attributes: 9
  missing_value :	-1.073742e+09
  _FillValue :	-1.073742e+09
  stash_item :	205
  stash_model :	1
  lookup_source :	defaults (cdunifpp V0.14pre1)
  units :	kg/kg
  stash_section :	30
  long_name :	SPECIFIC HUMIDITY ON P LEV/UV GRID
  standard_name :	specific_humidity

Variable: fo_dq_dt
Type: float
Total Size: 63638784 bytes
            15909696 values
Number of Dimensions: 4
Dimensions and sizes:	[time | 279] x [z1_p_level | 12] x [lat | 33] x [lon | 144]
Coordinates: 
            time: [12934..13212]
            z1_p_level: [1000..100]
            lat: [ -40..  40]
            lon: [   0..357.5]
Number Of Attributes: 3
  _FillValue :	-1.073742e+09
  long_name :	Temporal tendency of moisture
  units :	kg/kg s**-1
(0)	Writing output files...
20050629 e01
 Copyright (C) 1995-2019 - All Rights Reserved
 University Corporation for Atmospheric Research
 NCAR Command Language Version 6.6.2
 The use of this software is governed by a License Agreement.
 See http://www.ncl.ucar.edu/ for more details.
(0)	Script started at: Mon Aug 24 20:11:47 AEST 2026
(0)	short2flt: input variable is already type float: SPECIFIC HUMIDITY ON P LEV/UV GRID
(0)	short2flt: no conversion performed
(0)	short2flt: input variable is already type float: U COMPNT OF WIND ON P LEV/UV GRID
(0)	short2flt: no conversion performed
(0)	short2flt: input variable is already type float: V COMPNT OF WIND ON P LEV/UV GRID
(0)	short2flt: no conversion performed
(0)	short2flt: input variable is already type float: W COMPNT OF WIND ON P LEV/UV GRID
(0)	short2flt: no conversion performed
(0)	Reading variables...

Variable: q
Type: float
Total Size: 838874880 bytes
            209718720 values
Number of Dimensions: 4
Dimensions and sizes:	[time | 279] x [z1_p_level | 12] x [lat | 145] x [lon | 432]
Coordinates: 
            time: [12964..13242]
            z1_p_level: [1000..100]
            lat: [-40..40]
            lon: [ 0..359.1667]
Number Of Attributes: 9
  standard_name :	specific_humidity
  long_name :	SPECIFIC HUMIDITY ON P LEV/UV GRID
  missing_value :	-1.073742e+09
  stash_section :	30
  units :	1
  lookup_source :	defaults (cdunifpp V0.14pre1)
  stash_model :	1
  stash_item :	205
  _FillValue :	-1.073742e+09

Variable: u
Type: float
Total Size: 838874880 bytes
            209718720 values
Number of Dimensions: 4
Dimensions and sizes:	[time | 279] x [z1_p_level | 12] x [lat | 145] x [lon | 432]
Coordinates: 
            time: [12964..13242]
            z1_p_level: [1000..100]
            lat: [-40..40]
            lon: [ 0..359.1667]
Number Of Attributes: 9
  standard_name :	eastward_wind
  long_name :	U COMPNT OF WIND ON P LEV/UV GRID
  missing_value :	-1.073742e+09
  stash_section :	30
  units :	m s-1
  lookup_source :	defaults (cdunifpp V0.14pre1)
  stash_model :	1
  stash_item :	201
  _FillValue :	-1.073742e+09

Variable: v
Type: float
Total Size: 838874880 bytes
            209718720 values
Number of Dimensions: 4
Dimensions and sizes:	[time | 279] x [z1_p_level | 12] x [lat | 145] x [lon | 432]
Coordinates: 
            time: [12964..13242]
            z1_p_level: [1000..100]
            lat: [-40..40]
            lon: [ 0..359.1667]
Number Of Attributes: 9
  standard_name :	northward_wind
  long_name :	V COMPNT OF WIND ON P LEV/UV GRID
  missing_value :	-1.073742e+09
  stash_section :	30
  units :	m s-1
  lookup_source :	defaults (cdunifpp V0.14pre1)
  stash_model :	1
  stash_item :	202
  _FillValue :	-1.073742e+09
(0)	u contains missing values
(0)	u filled
(0)	v contains missing values
(0)	v filled
(0)	q contains missing values
(0)	q filled
(0)	w contains missing values
(0)	w filled
(0)	Calculating advection of moisture...
(0)	Calculating temporal tendency of moisture...

Variable: dq_dt
Type: float
Total Size: 838874880 bytes
            209718720 values
Number of Dimensions: 4
Dimensions and sizes:	[time | 279] x [z1_p_level | 12] x [lat | 145] x [lon | 432]
Coordinates: 
            time: [12964..13242]
            z1_p_level: [1000..100]
            lat: [-40..40]
            lon: [ 0..359.1667]
Number Of Attributes: 3
  units :	kg/kg s**-1
  long_name :	Temporal tendency of moisture
  _FillValue :	-1.073742e+09
(0)	Temporal tendency of moisture (kg/kg s**-1) : min=-1.74362e-07   max=1.85934e-07
(0)	Calculating convergence of moisture...
(0)	Calculating moisture loss (gain) due to the condensational heating
(0)	Calculating horizontal convergence of moisture flux...

Variable: fo_q
Type: float
Total Size: 63638784 bytes
            15909696 values
Number of Dimensions: 4
Dimensions and sizes:	[time | 279] x [z1_p_level | 12] x [lat | 33] x [lon | 144]
Coordinates: 
            time: [12964..13242]
            z1_p_level: [1000..100]
            lat: [ -40..  40]
            lon: [   0..357.5]
Number Of Attributes: 9
  missing_value :	-1.073742e+09
  _FillValue :	-1.073742e+09
  stash_item :	205
  stash_model :	1
  lookup_source :	defaults (cdunifpp V0.14pre1)
  units :	kg/kg
  stash_section :	30
  long_name :	SPECIFIC HUMIDITY ON P LEV/UV GRID
  standard_name :	specific_humidity

Variable: fo_dq_dt
Type: float
Total Size: 63638784 bytes
            15909696 values
Number of Dimensions: 4
Dimensions and sizes:	[time | 279] x [z1_p_level | 12] x [lat | 33] x [lon | 144]
Coordinates: 
            time: [12964..13242]
            z1_p_level: [1000..100]
            lat: [ -40..  40]
            lon: [   0..357.5]
Number Of Attributes: 3
  _FillValue :	-1.073742e+09
  long_name :	Temporal tendency of moisture
  units :	kg/kg s**-1
(0)	Writing output files...
20050630 e01
 Copyright (C) 1995-2019 - All Rights Reserved
 University Corporation for Atmospheric Research
 NCAR Command Language Version 6.6.2
 The use of this software is governed by a License Agreement.
 See http://www.ncl.ucar.edu/ for more details.
(0)	Script started at: Mon Aug 24 20:17:03 AEST 2026
(0)	short2flt: input variable is already type float: SPECIFIC HUMIDITY ON P LEV/UV GRID
(0)	short2flt: no conversion performed
(0)	short2flt: input variable is already type float: U COMPNT OF WIND ON P LEV/UV GRID
(0)	short2flt: no conversion performed
(0)	short2flt: input variable is already type float: V COMPNT OF WIND ON P LEV/UV GRID
(0)	short2flt: no conversion performed
(0)	short2flt: input variable is already type float: W COMPNT OF WIND ON P LEV/UV GRID
(0)	short2flt: no conversion performed
(0)	Reading variables...

Variable: q
Type: float
Total Size: 838874880 bytes
            209718720 values
Number of Dimensions: 4
Dimensions and sizes:	[time | 279] x [z1_p_level | 12] x [lat | 145] x [lon | 432]
Coordinates: 
            time: [12965..13243]
            z1_p_level: [1000..100]
            lat: [-40..40]
            lon: [ 0..359.1667]
Number Of Attributes: 9
  standard_name :	specific_humidity
  long_name :	SPECIFIC HUMIDITY ON P LEV/UV GRID
  missing_value :	-1.073742e+09
  stash_section :	30
  units :	1
  lookup_source :	defaults (cdunifpp V0.14pre1)
  stash_model :	1
  stash_item :	205
  _FillValue :	-1.073742e+09

Variable: u
Type: float
Total Size: 838874880 bytes
            209718720 values
Number of Dimensions: 4
Dimensions and sizes:	[time | 279] x [z1_p_level | 12] x [lat | 145] x [lon | 432]
Coordinates: 
            time: [12965..13243]
            z1_p_level: [1000..100]
            lat: [-40..40]
            lon: [ 0..359.1667]
Number Of Attributes: 9
  standard_name :	eastward_wind
  long_name :	U COMPNT OF WIND ON P LEV/UV GRID
  missing_value :	-1.073742e+09
  stash_section :	30
  units :	m s-1
  lookup_source :	defaults (cdunifpp V0.14pre1)
  stash_model :	1
  stash_item :	201
  _FillValue :	-1.073742e+09

Variable: v
Type: float
Total Size: 838874880 bytes
            209718720 values
Number of Dimensions: 4
Dimensions and sizes:	[time | 279] x [z1_p_level | 12] x [lat | 145] x [lon | 432]
Coordinates: 
            time: [12965..13243]
            z1_p_level: [1000..100]
            lat: [-40..40]
            lon: [ 0..359.1667]
Number Of Attributes: 9
  standard_name :	northward_wind
  long_name :	V COMPNT OF WIND ON P LEV/UV GRID
  missing_value :	-1.073742e+09
  stash_section :	30
  units :	m s-1
  lookup_source :	defaults (cdunifpp V0.14pre1)
  stash_model :	1
  stash_item :	202
  _FillValue :	-1.073742e+09
(0)	u contains missing values
(0)	u filled
(0)	v contains missing values
(0)	v filled
(0)	q contains missing values
(0)	q filled
(0)	w contains missing values
(0)	w filled
(0)	Calculating advection of moisture...
(0)	Calculating temporal tendency of moisture...

Variable: dq_dt
Type: float
Total Size: 838874880 bytes
            209718720 values
Number of Dimensions: 4
Dimensions and sizes:	[time | 279] x [z1_p_level | 12] x [lat | 145] x [lon | 432]
Coordinates: 
            time: [12965..13243]
            z1_p_level: [1000..100]
            lat: [-40..40]
            lon: [ 0..359.1667]
Number Of Attributes: 3
  units :	kg/kg s**-1
  long_name :	Temporal tendency of moisture
  _FillValue :	-1.073742e+09
(0)	Temporal tendency of moisture (kg/kg s**-1) : min=-2.0299e-07   max=1.72519e-07
(0)	Calculating convergence of moisture...
(0)	Calculating moisture loss (gain) due to the condensational heating
(0)	Calculating horizontal convergence of moisture flux...

Variable: fo_q
Type: float
Total Size: 63638784 bytes
            15909696 values
Number of Dimensions: 4
Dimensions and sizes:	[time | 279] x [z1_p_level | 12] x [lat | 33] x [lon | 144]
Coordinates: 
            time: [12965..13243]
            z1_p_level: [1000..100]
            lat: [ -40..  40]
            lon: [   0..357.5]
Number Of Attributes: 9
  missing_value :	-1.073742e+09
  _FillValue :	-1.073742e+09
  stash_item :	205
  stash_model :	1
  lookup_source :	defaults (cdunifpp V0.14pre1)
  units :	kg/kg
  stash_section :	30
  long_name :	SPECIFIC HUMIDITY ON P LEV/UV GRID
  standard_name :	specific_humidity

Variable: fo_dq_dt
Type: float
Total Size: 63638784 bytes
            15909696 values
Number of Dimensions: 4
Dimensions and sizes:	[time | 279] x [z1_p_level | 12] x [lat | 33] x [lon | 144]
Coordinates: 
            time: [12965..13243]
            z1_p_level: [1000..100]
            lat: [ -40..  40]
            lon: [   0..357.5]
Number Of Attributes: 3
  _FillValue :	-1.073742e+09
  long_name :	Temporal tendency of moisture
  units :	kg/kg s**-1
(0)	Writing output files...
20050730 e01
 Copyright (C) 1995-2019 - All Rights Reserved
 University Corporation for Atmospheric Research
 NCAR Command Language Version 6.6.2
 The use of this software is governed by a License Agreement.
 See http://www.ncl.ucar.edu/ for more details.
(0)	Script started at: Mon Aug 24 20:17:17 AEST 2026
(0)	short2flt: input variable is already type float: SPECIFIC HUMIDITY ON P LEV/UV GRID
(0)	short2flt: no conversion performed
(0)	short2flt: input variable is already type float: U COMPNT OF WIND ON P LEV/UV GRID
(0)	short2flt: no conversion performed
(0)	short2flt: input variable is already type float: V COMPNT OF WIND ON P LEV/UV GRID
(0)	short2flt: no conversion performed
(0)	short2flt: input variable is already type float: W COMPNT OF WIND ON P LEV/UV GRID
(0)	short2flt: no conversion performed
(0)	Reading variables...

Variable: q
Type: float
Total Size: 838874880 bytes
            209718720 values
Number of Dimensions: 4
Dimensions and sizes:	[time | 279] x [z1_p_level | 12] x [lat | 145] x [lon | 432]
Coordinates: 
            time: [12995..13273]
            z1_p_level: [1000..100]
            lat: [-40..40]
            lon: [ 0..359.1667]
Number Of Attributes: 9
  standard_name :	specific_humidity
  long_name :	SPECIFIC HUMIDITY ON P LEV/UV GRID
  missing_value :	-1.073742e+09
  stash_section :	30
  units :	1
  lookup_source :	defaults (cdunifpp V0.14pre1)
  stash_model :	1
  stash_item :	205
  _FillValue :	-1.073742e+09

Variable: u
Type: float
Total Size: 838874880 bytes
            209718720 values
Number of Dimensions: 4
Dimensions and sizes:	[time | 279] x [z1_p_level | 12] x [lat | 145] x [lon | 432]
Coordinates: 
            time: [12995..13273]
            z1_p_level: [1000..100]
            lat: [-40..40]
            lon: [ 0..359.1667]
Number Of Attributes: 9
  standard_name :	eastward_wind
  long_name :	U COMPNT OF WIND ON P LEV/UV GRID
  missing_value :	-1.073742e+09
  stash_section :	30
  units :	m s-1
  lookup_source :	defaults (cdunifpp V0.14pre1)
  stash_model :	1
  stash_item :	201
  _FillValue :	-1.073742e+09

Variable: v
Type: float
Total Size: 838874880 bytes
            209718720 values
Number of Dimensions: 4
Dimensions and sizes:	[time | 279] x [z1_p_level | 12] x [lat | 145] x [lon | 432]
Coordinates: 
            time: [12995..13273]
            z1_p_level: [1000..100]
            lat: [-40..40]
            lon: [ 0..359.1667]
Number Of Attributes: 9
  standard_name :	northward_wind
  long_name :	V COMPNT OF WIND ON P LEV/UV GRID
  missing_value :	-1.073742e+09
  stash_section :	30
  units :	m s-1
  lookup_source :	defaults (cdunifpp V0.14pre1)
  stash_model :	1
  stash_item :	202
  _FillValue :	-1.073742e+09
(0)	u contains missing values
(0)	u filled
(0)	v contains missing values
(0)	v filled
(0)	q contains missing values
(0)	q filled
(0)	w contains missing values
(0)	w filled
(0)	Calculating advection of moisture...
(0)	Calculating temporal tendency of moisture...

Variable: dq_dt
Type: float
Total Size: 838874880 bytes
            209718720 values
Number of Dimensions: 4
Dimensions and sizes:	[time | 279] x [z1_p_level | 12] x [lat | 145] x [lon | 432]
Coordinates: 
            time: [12995..13273]
            z1_p_level: [1000..100]
            lat: [-40..40]
            lon: [ 0..359.1667]
Number Of Attributes: 3
  units :	kg/kg s**-1
  long_name :	Temporal tendency of moisture
  _FillValue :	-1.073742e+09
(0)	Temporal tendency of moisture (kg/kg s**-1) : min=-1.73331e-07   max=1.67101e-07
(0)	Calculating convergence of moisture...
(0)	Calculating moisture loss (gain) due to the condensational heating
(0)	Calculating horizontal convergence of moisture flux...

Variable: fo_q
Type: float
Total Size: 63638784 bytes
            15909696 values
Number of Dimensions: 4
Dimensions and sizes:	[time | 279] x [z1_p_level | 12] x [lat | 33] x [lon | 144]
Coordinates: 
            time: [12995..13273]
            z1_p_level: [1000..100]
            lat: [ -40..  40]
            lon: [   0..357.5]
Number Of Attributes: 9
  missing_value :	-1.073742e+09
  _FillValue :	-1.073742e+09
  stash_item :	205
  stash_model :	1
  lookup_source :	defaults (cdunifpp V0.14pre1)
  units :	kg/kg
  stash_section :	30
  long_name :	SPECIFIC HUMIDITY ON P LEV/UV GRID
  standard_name :	specific_humidity

Variable: fo_dq_dt
Type: float
Total Size: 63638784 bytes
            15909696 values
Number of Dimensions: 4
Dimensions and sizes:	[time | 279] x [z1_p_level | 12] x [lat | 33] x [lon | 144]
Coordinates: 
            time: [12995..13273]
            z1_p_level: [1000..100]
            lat: [ -40..  40]
            lon: [   0..357.5]
Number Of Attributes: 3
  _FillValue :	-1.073742e+09
  long_name :	Temporal tendency of moisture
  units :	kg/kg s**-1
(0)	Writing output files...
20050701 e01
 Copyright (C) 1995-2019 - All Rights Reserved
 University Corporation for Atmospheric Research
 NCAR Command Language Version 6.6.2
 The use of this software is governed by a License Agreement.
 See http://www.ncl.ucar.edu/ for more details.
(0)	Script started at: Mon Aug 24 20:17:13 AEST 2026
(0)	short2flt: input variable is already type float: SPECIFIC HUMIDITY ON P LEV/UV GRID
(0)	short2flt: no conversion performed
(0)	short2flt: input variable is already type float: U COMPNT OF WIND ON P LEV/UV GRID
(0)	short2flt: no conversion performed
(0)	short2flt: input variable is already type float: V COMPNT OF WIND ON P LEV/UV GRID
(0)	short2flt: no conversion performed
(0)	short2flt: input variable is already type float: W COMPNT OF WIND ON P LEV/UV GRID
(0)	short2flt: no conversion performed
(0)	Reading variables...

Variable: q
Type: float
Total Size: 838874880 bytes
            209718720 values
Number of Dimensions: 4
Dimensions and sizes:	[time | 279] x [z1_p_level | 12] x [lat | 145] x [lon | 432]
Coordinates: 
            time: [12966..13244]
            z1_p_level: [1000..100]
            lat: [-40..40]
            lon: [ 0..359.1667]
Number Of Attributes: 9
  standard_name :	specific_humidity
  long_name :	SPECIFIC HUMIDITY ON P LEV/UV GRID
  missing_value :	-1.073742e+09
  stash_section :	30
  units :	1
  lookup_source :	defaults (cdunifpp V0.14pre1)
  stash_model :	1
  stash_item :	205
  _FillValue :	-1.073742e+09

Variable: u
Type: float
Total Size: 838874880 bytes
            209718720 values
Number of Dimensions: 4
Dimensions and sizes:	[time | 279] x [z1_p_level | 12] x [lat | 145] x [lon | 432]
Coordinates: 
            time: [12966..13244]
            z1_p_level: [1000..100]
            lat: [-40..40]
            lon: [ 0..359.1667]
Number Of Attributes: 9
  standard_name :	eastward_wind
  long_name :	U COMPNT OF WIND ON P LEV/UV GRID
  missing_value :	-1.073742e+09
  stash_section :	30
  units :	m s-1
  lookup_source :	defaults (cdunifpp V0.14pre1)
  stash_model :	1
  stash_item :	201
  _FillValue :	-1.073742e+09

Variable: v
Type: float
Total Size: 838874880 bytes
            209718720 values
Number of Dimensions: 4
Dimensions and sizes:	[time | 279] x [z1_p_level | 12] x [lat | 145] x [lon | 432]
Coordinates: 
            time: [12966..13244]
            z1_p_level: [1000..100]
            lat: [-40..40]
            lon: [ 0..359.1667]
Number Of Attributes: 9
  standard_name :	northward_wind
  long_name :	V COMPNT OF WIND ON P LEV/UV GRID
  missing_value :	-1.073742e+09
  stash_section :	30
  units :	m s-1
  lookup_source :	defaults (cdunifpp V0.14pre1)
  stash_model :	1
  stash_item :	202
  _FillValue :	-1.073742e+09
(0)	u contains missing values
(0)	u filled
(0)	v contains missing values
(0)	v filled
(0)	q contains missing values
(0)	q filled
(0)	w contains missing values
(0)	w filled
(0)	Calculating advection of moisture...
(0)	Calculating temporal tendency of moisture...

Variable: dq_dt
Type: float
Total Size: 838874880 bytes
            209718720 values
Number of Dimensions: 4
Dimensions and sizes:	[time | 279] x [z1_p_level | 12] x [lat | 145] x [lon | 432]
Coordinates: 
            time: [12966..13244]
            z1_p_level: [1000..100]
            lat: [-40..40]
            lon: [ 0..359.1667]
Number Of Attributes: 3
  units :	kg/kg s**-1
  long_name :	Temporal tendency of moisture
  _FillValue :	-1.073742e+09
(0)	Temporal tendency of moisture (kg/kg s**-1) : min=-1.79196e-07   max=1.78651e-07
(0)	Calculating convergence of moisture...
(0)	Calculating moisture loss (gain) due to the condensational heating
(0)	Calculating horizontal convergence of moisture flux...

Variable: fo_q
Type: float
Total Size: 63638784 bytes
            15909696 values
Number of Dimensions: 4
Dimensions and sizes:	[time | 279] x [z1_p_level | 12] x [lat | 33] x [lon | 144]
Coordinates: 
            time: [12966..13244]
            z1_p_level: [1000..100]
            lat: [ -40..  40]
            lon: [   0..357.5]
Number Of Attributes: 9
  missing_value :	-1.073742e+09
  _FillValue :	-1.073742e+09
  stash_item :	205
  stash_model :	1
  lookup_source :	defaults (cdunifpp V0.14pre1)
  units :	kg/kg
  stash_section :	30
  long_name :	SPECIFIC HUMIDITY ON P LEV/UV GRID
  standard_name :	specific_humidity

Variable: fo_dq_dt
Type: float
Total Size: 63638784 bytes
            15909696 values
Number of Dimensions: 4
Dimensions and sizes:	[time | 279] x [z1_p_level | 12] x [lat | 33] x [lon | 144]
Coordinates: 
            time: [12966..13244]
            z1_p_level: [1000..100]
            lat: [ -40..  40]
            lon: [   0..357.5]
Number Of Attributes: 3
  _FillValue :	-1.073742e+09
  long_name :	Temporal tendency of moisture
  units :	kg/kg s**-1
(0)	Writing output files...
20050731 e01
 Copyright (C) 1995-2019 - All Rights Reserved
 University Corporation for Atmospheric Research
 NCAR Command Language Version 6.6.2
 The use of this software is governed by a License Agreement.
 See http://www.ncl.ucar.edu/ for more details.
(0)	Script started at: Mon Aug 24 20:17:22 AEST 2026
(0)	short2flt: input variable is already type float: SPECIFIC HUMIDITY ON P LEV/UV GRID
(0)	short2flt: no conversion performed
(0)	short2flt: input variable is already type float: U COMPNT OF WIND ON P LEV/UV GRID
(0)	short2flt: no conversion performed
(0)	short2flt: input variable is already type float: V COMPNT OF WIND ON P LEV/UV GRID
(0)	short2flt: no conversion performed
(0)	short2flt: input variable is already type float: W COMPNT OF WIND ON P LEV/UV GRID
(0)	short2flt: no conversion performed
(0)	Reading variables...

Variable: q
Type: float
Total Size: 838874880 bytes
            209718720 values
Number of Dimensions: 4
Dimensions and sizes:	[time | 279] x [z1_p_level | 12] x [lat | 145] x [lon | 432]
Coordinates: 
            time: [12996..13274]
            z1_p_level: [1000..100]
            lat: [-40..40]
            lon: [ 0..359.1667]
Number Of Attributes: 9
  standard_name :	specific_humidity
  long_name :	SPECIFIC HUMIDITY ON P LEV/UV GRID
  missing_value :	-1.073742e+09
  stash_section :	30
  units :	1
  lookup_source :	defaults (cdunifpp V0.14pre1)
  stash_model :	1
  stash_item :	205
  _FillValue :	-1.073742e+09

Variable: u
Type: float
Total Size: 838874880 bytes
            209718720 values
Number of Dimensions: 4
Dimensions and sizes:	[time | 279] x [z1_p_level | 12] x [lat | 145] x [lon | 432]
Coordinates: 
            time: [12996..13274]
            z1_p_level: [1000..100]
            lat: [-40..40]
            lon: [ 0..359.1667]
Number Of Attributes: 9
  standard_name :	eastward_wind
  long_name :	U COMPNT OF WIND ON P LEV/UV GRID
  missing_value :	-1.073742e+09
  stash_section :	30
  units :	m s-1
  lookup_source :	defaults (cdunifpp V0.14pre1)
  stash_model :	1
  stash_item :	201
  _FillValue :	-1.073742e+09

Variable: v
Type: float
Total Size: 838874880 bytes
            209718720 values
Number of Dimensions: 4
Dimensions and sizes:	[time | 279] x [z1_p_level | 12] x [lat | 145] x [lon | 432]
Coordinates: 
            time: [12996..13274]
            z1_p_level: [1000..100]
            lat: [-40..40]
            lon: [ 0..359.1667]
Number Of Attributes: 9
  standard_name :	northward_wind
  long_name :	V COMPNT OF WIND ON P LEV/UV GRID
  missing_value :	-1.073742e+09
  stash_section :	30
  units :	m s-1
  lookup_source :	defaults (cdunifpp V0.14pre1)
  stash_model :	1
  stash_item :	202
  _FillValue :	-1.073742e+09
(0)	u contains missing values
(0)	u filled
(0)	v contains missing values
(0)	v filled
(0)	q contains missing values
(0)	q filled
(0)	w contains missing values
(0)	w filled
(0)	Calculating advection of moisture...
(0)	Calculating temporal tendency of moisture...

Variable: dq_dt
Type: float
Total Size: 838874880 bytes
            209718720 values
Number of Dimensions: 4
Dimensions and sizes:	[time | 279] x [z1_p_level | 12] x [lat | 145] x [lon | 432]
Coordinates: 
            time: [12996..13274]
            z1_p_level: [1000..100]
            lat: [-40..40]
            lon: [ 0..359.1667]
Number Of Attributes: 3
  units :	kg/kg s**-1
  long_name :	Temporal tendency of moisture
  _FillValue :	-1.073742e+09
(0)	Temporal tendency of moisture (kg/kg s**-1) : min=-1.79551e-07   max=1.69602e-07
(0)	Calculating convergence of moisture...
(0)	Calculating moisture loss (gain) due to the condensational heating
(0)	Calculating horizontal convergence of moisture flux...

Variable: fo_q
Type: float
Total Size: 63638784 bytes
            15909696 values
Number of Dimensions: 4
Dimensions and sizes:	[time | 279] x [z1_p_level | 12] x [lat | 33] x [lon | 144]
Coordinates: 
            time: [12996..13274]
            z1_p_level: [1000..100]
            lat: [ -40..  40]
            lon: [   0..357.5]
Number Of Attributes: 9
  missing_value :	-1.073742e+09
  _FillValue :	-1.073742e+09
  stash_item :	205
  stash_model :	1
  lookup_source :	defaults (cdunifpp V0.14pre1)
  units :	kg/kg
  stash_section :	30
  long_name :	SPECIFIC HUMIDITY ON P LEV/UV GRID
  standard_name :	specific_humidity

Variable: fo_dq_dt
Type: float
Total Size: 63638784 bytes
            15909696 values
Number of Dimensions: 4
Dimensions and sizes:	[time | 279] x [z1_p_level | 12] x [lat | 33] x [lon | 144]
Coordinates: 
            time: [12996..13274]
            z1_p_level: [1000..100]
            lat: [ -40..  40]
            lon: [   0..357.5]
Number Of Attributes: 3
  _FillValue :	-1.073742e+09
  long_name :	Temporal tendency of moisture
  units :	kg/kg s**-1
(0)	Writing output files...
20050801 e01
 Copyright (C) 1995-2019 - All Rights Reserved
 University Corporation for Atmospheric Research
 NCAR Command Language Version 6.6.2
 The use of this software is governed by a License Agreement.
 See http://www.ncl.ucar.edu/ for more details.
(0)	Script started at: Mon Aug 24 20:17:34 AEST 2026
(0)	short2flt: input variable is already type float: SPECIFIC HUMIDITY ON P LEV/UV GRID
(0)	short2flt: no conversion performed
(0)	short2flt: input variable is already type float: U COMPNT OF WIND ON P LEV/UV GRID
(0)	short2flt: no conversion performed
(0)	short2flt: input variable is already type float: V COMPNT OF WIND ON P LEV/UV GRID
(0)	short2flt: no conversion performed
(0)	short2flt: input variable is already type float: W COMPNT OF WIND ON P LEV/UV GRID
(0)	short2flt: no conversion performed
(0)	Reading variables...

Variable: q
Type: float
Total Size: 838874880 bytes
            209718720 values
Number of Dimensions: 4
Dimensions and sizes:	[time | 279] x [z1_p_level | 12] x [lat | 145] x [lon | 432]
Coordinates: 
            time: [12997..13275]
            z1_p_level: [1000..100]
            lat: [-40..40]
            lon: [ 0..359.1667]
Number Of Attributes: 9
  standard_name :	specific_humidity
  long_name :	SPECIFIC HUMIDITY ON P LEV/UV GRID
  missing_value :	-1.073742e+09
  stash_section :	30
  units :	1
  lookup_source :	defaults (cdunifpp V0.14pre1)
  stash_model :	1
  stash_item :	205
  _FillValue :	-1.073742e+09

Variable: u
Type: float
Total Size: 838874880 bytes
            209718720 values
Number of Dimensions: 4
Dimensions and sizes:	[time | 279] x [z1_p_level | 12] x [lat | 145] x [lon | 432]
Coordinates: 
            time: [12997..13275]
            z1_p_level: [1000..100]
            lat: [-40..40]
            lon: [ 0..359.1667]
Number Of Attributes: 9
  standard_name :	eastward_wind
  long_name :	U COMPNT OF WIND ON P LEV/UV GRID
  missing_value :	-1.073742e+09
  stash_section :	30
  units :	m s-1
  lookup_source :	defaults (cdunifpp V0.14pre1)
  stash_model :	1
  stash_item :	201
  _FillValue :	-1.073742e+09

Variable: v
Type: float
Total Size: 838874880 bytes
            209718720 values
Number of Dimensions: 4
Dimensions and sizes:	[time | 279] x [z1_p_level | 12] x [lat | 145] x [lon | 432]
Coordinates: 
            time: [12997..13275]
            z1_p_level: [1000..100]
            lat: [-40..40]
            lon: [ 0..359.1667]
Number Of Attributes: 9
  standard_name :	northward_wind
  long_name :	V COMPNT OF WIND ON P LEV/UV GRID
  missing_value :	-1.073742e+09
  stash_section :	30
  units :	m s-1
  lookup_source :	defaults (cdunifpp V0.14pre1)
  stash_model :	1
  stash_item :	202
  _FillValue :	-1.073742e+09
(0)	u contains missing values
(0)	u filled
(0)	v contains missing values
(0)	v filled
(0)	q contains missing values
(0)	q filled
(0)	w contains missing values
(0)	w filled
(0)	Calculating advection of moisture...
(0)	Calculating temporal tendency of moisture...

Variable: dq_dt
Type: float
Total Size: 838874880 bytes
            209718720 values
Number of Dimensions: 4
Dimensions and sizes:	[time | 279] x [z1_p_level | 12] x [lat | 145] x [lon | 432]
Coordinates: 
            time: [12997..13275]
            z1_p_level: [1000..100]
            lat: [-40..40]
            lon: [ 0..359.1667]
Number Of Attributes: 3
  units :	kg/kg s**-1
  long_name :	Temporal tendency of moisture
  _FillValue :	-1.073742e+09
(0)	Temporal tendency of moisture (kg/kg s**-1) : min=-1.94078e-07   max=1.76508e-07
(0)	Calculating convergence of moisture...
(0)	Calculating moisture loss (gain) due to the condensational heating
(0)	Calculating horizontal convergence of moisture flux...

Variable: fo_q
Type: float
Total Size: 63638784 bytes
            15909696 values
Number of Dimensions: 4
Dimensions and sizes:	[time | 279] x [z1_p_level | 12] x [lat | 33] x [lon | 144]
Coordinates: 
            time: [12997..13275]
            z1_p_level: [1000..100]
            lat: [ -40..  40]
            lon: [   0..357.5]
Number Of Attributes: 9
  missing_value :	-1.073742e+09
  _FillValue :	-1.073742e+09
  stash_item :	205
  stash_model :	1
  lookup_source :	defaults (cdunifpp V0.14pre1)
  units :	kg/kg
  stash_section :	30
  long_name :	SPECIFIC HUMIDITY ON P LEV/UV GRID
  standard_name :	specific_humidity

Variable: fo_dq_dt
Type: float
Total Size: 63638784 bytes
            15909696 values
Number of Dimensions: 4
Dimensions and sizes:	[time | 279] x [z1_p_level | 12] x [lat | 33] x [lon | 144]
Coordinates: 
            time: [12997..13275]
            z1_p_level: [1000..100]
            lat: [ -40..  40]
            lon: [   0..357.5]
Number Of Attributes: 3
  _FillValue :	-1.073742e+09
  long_name :	Temporal tendency of moisture
  units :	kg/kg s**-1
(0)	Writing output files...
20050831 e01
 Copyright (C) 1995-2019 - All Rights Reserved
 University Corporation for Atmospheric Research
 NCAR Command Language Version 6.6.2
 The use of this software is governed by a License Agreement.
 See http://www.ncl.ucar.edu/ for more details.
(0)	Script started at: Mon Aug 24 20:23:23 AEST 2026
(0)	short2flt: input variable is already type float: SPECIFIC HUMIDITY ON P LEV/UV GRID
(0)	short2flt: no conversion performed
(0)	short2flt: input variable is already type float: U COMPNT OF WIND ON P LEV/UV GRID
(0)	short2flt: no conversion performed
(0)	short2flt: input variable is already type float: V COMPNT OF WIND ON P LEV/UV GRID
(0)	short2flt: no conversion performed
(0)	short2flt: input variable is already type float: W COMPNT OF WIND ON P LEV/UV GRID
(0)	short2flt: no conversion performed
(0)	Reading variables...

Variable: q
Type: float
Total Size: 838874880 bytes
            209718720 values
Number of Dimensions: 4
Dimensions and sizes:	[time | 279] x [z1_p_level | 12] x [lat | 145] x [lon | 432]
Coordinates: 
            time: [13027..13305]
            z1_p_level: [1000..100]
            lat: [-40..40]
            lon: [ 0..359.1667]
Number Of Attributes: 9
  standard_name :	specific_humidity
  long_name :	SPECIFIC HUMIDITY ON P LEV/UV GRID
  missing_value :	-1.073742e+09
  stash_section :	30
  units :	1
  lookup_source :	defaults (cdunifpp V0.14pre1)
  stash_model :	1
  stash_item :	205
  _FillValue :	-1.073742e+09

Variable: u
Type: float
Total Size: 838874880 bytes
            209718720 values
Number of Dimensions: 4
Dimensions and sizes:	[time | 279] x [z1_p_level | 12] x [lat | 145] x [lon | 432]
Coordinates: 
            time: [13027..13305]
            z1_p_level: [1000..100]
            lat: [-40..40]
            lon: [ 0..359.1667]
Number Of Attributes: 9
  standard_name :	eastward_wind
  long_name :	U COMPNT OF WIND ON P LEV/UV GRID
  missing_value :	-1.073742e+09
  stash_section :	30
  units :	m s-1
  lookup_source :	defaults (cdunifpp V0.14pre1)
  stash_model :	1
  stash_item :	201
  _FillValue :	-1.073742e+09

Variable: v
Type: float
Total Size: 838874880 bytes
            209718720 values
Number of Dimensions: 4
Dimensions and sizes:	[time | 279] x [z1_p_level | 12] x [lat | 145] x [lon | 432]
Coordinates: 
            time: [13027..13305]
            z1_p_level: [1000..100]
            lat: [-40..40]
            lon: [ 0..359.1667]
Number Of Attributes: 9
  standard_name :	northward_wind
  long_name :	V COMPNT OF WIND ON P LEV/UV GRID
  missing_value :	-1.073742e+09
  stash_section :	30
  units :	m s-1
  lookup_source :	defaults (cdunifpp V0.14pre1)
  stash_model :	1
  stash_item :	202
  _FillValue :	-1.073742e+09
(0)	u contains missing values
(0)	u filled
(0)	v contains missing values
(0)	v filled
(0)	q contains missing values
(0)	q filled
(0)	w contains missing values
(0)	w filled
(0)	Calculating advection of moisture...
(0)	Calculating temporal tendency of moisture...

Variable: dq_dt
Type: float
Total Size: 838874880 bytes
            209718720 values
Number of Dimensions: 4
Dimensions and sizes:	[time | 279] x [z1_p_level | 12] x [lat | 145] x [lon | 432]
Coordinates: 
            time: [13027..13305]
            z1_p_level: [1000..100]
            lat: [-40..40]
            lon: [ 0..359.1667]
Number Of Attributes: 3
  units :	kg/kg s**-1
  long_name :	Temporal tendency of moisture
  _FillValue :	-1.073742e+09
(0)	Temporal tendency of moisture (kg/kg s**-1) : min=-1.85477e-07   max=1.82317e-07
(0)	Calculating convergence of moisture...
(0)	Calculating moisture loss (gain) due to the condensational heating
(0)	Calculating horizontal convergence of moisture flux...

Variable: fo_q
Type: float
Total Size: 63638784 bytes
            15909696 values
Number of Dimensions: 4
Dimensions and sizes:	[time | 279] x [z1_p_level | 12] x [lat | 33] x [lon | 144]
Coordinates: 
            time: [13027..13305]
            z1_p_level: [1000..100]
            lat: [ -40..  40]
            lon: [   0..357.5]
Number Of Attributes: 9
  missing_value :	-1.073742e+09
  _FillValue :	-1.073742e+09
  stash_item :	205
  stash_model :	1
  lookup_source :	defaults (cdunifpp V0.14pre1)
  units :	kg/kg
  stash_section :	30
  long_name :	SPECIFIC HUMIDITY ON P LEV/UV GRID
  standard_name :	specific_humidity

Variable: fo_dq_dt
Type: float
Total Size: 63638784 bytes
            15909696 values
Number of Dimensions: 4
Dimensions and sizes:	[time | 279] x [z1_p_level | 12] x [lat | 33] x [lon | 144]
Coordinates: 
            time: [13027..13305]
            z1_p_level: [1000..100]
            lat: [ -40..  40]
            lon: [   0..357.5]
Number Of Attributes: 3
  _FillValue :	-1.073742e+09
  long_name :	Temporal tendency of moisture
  units :	kg/kg s**-1
(0)	Writing output files...
20050830 e01
 Copyright (C) 1995-2019 - All Rights Reserved
 University Corporation for Atmospheric Research
 NCAR Command Language Version 6.6.2
 The use of this software is governed by a License Agreement.
 See http://www.ncl.ucar.edu/ for more details.
(0)	Script started at: Mon Aug 24 20:23:15 AEST 2026
(0)	short2flt: input variable is already type float: SPECIFIC HUMIDITY ON P LEV/UV GRID
(0)	short2flt: no conversion performed
(0)	short2flt: input variable is already type float: U COMPNT OF WIND ON P LEV/UV GRID
(0)	short2flt: no conversion performed
(0)	short2flt: input variable is already type float: V COMPNT OF WIND ON P LEV/UV GRID
(0)	short2flt: no conversion performed
(0)	short2flt: input variable is already type float: W COMPNT OF WIND ON P LEV/UV GRID
(0)	short2flt: no conversion performed
(0)	Reading variables...

Variable: q
Type: float
Total Size: 838874880 bytes
            209718720 values
Number of Dimensions: 4
Dimensions and sizes:	[time | 279] x [z1_p_level | 12] x [lat | 145] x [lon | 432]
Coordinates: 
            time: [13026..13304]
            z1_p_level: [1000..100]
            lat: [-40..40]
            lon: [ 0..359.1667]
Number Of Attributes: 9
  standard_name :	specific_humidity
  long_name :	SPECIFIC HUMIDITY ON P LEV/UV GRID
  missing_value :	-1.073742e+09
  stash_section :	30
  units :	1
  lookup_source :	defaults (cdunifpp V0.14pre1)
  stash_model :	1
  stash_item :	205
  _FillValue :	-1.073742e+09

Variable: u
Type: float
Total Size: 838874880 bytes
            209718720 values
Number of Dimensions: 4
Dimensions and sizes:	[time | 279] x [z1_p_level | 12] x [lat | 145] x [lon | 432]
Coordinates: 
            time: [13026..13304]
            z1_p_level: [1000..100]
            lat: [-40..40]
            lon: [ 0..359.1667]
Number Of Attributes: 9
  standard_name :	eastward_wind
  long_name :	U COMPNT OF WIND ON P LEV/UV GRID
  missing_value :	-1.073742e+09
  stash_section :	30
  units :	m s-1
  lookup_source :	defaults (cdunifpp V0.14pre1)
  stash_model :	1
  stash_item :	201
  _FillValue :	-1.073742e+09

Variable: v
Type: float
Total Size: 838874880 bytes
            209718720 values
Number of Dimensions: 4
Dimensions and sizes:	[time | 279] x [z1_p_level | 12] x [lat | 145] x [lon | 432]
Coordinates: 
            time: [13026..13304]
            z1_p_level: [1000..100]
            lat: [-40..40]
            lon: [ 0..359.1667]
Number Of Attributes: 9
  standard_name :	northward_wind
  long_name :	V COMPNT OF WIND ON P LEV/UV GRID
  missing_value :	-1.073742e+09
  stash_section :	30
  units :	m s-1
  lookup_source :	defaults (cdunifpp V0.14pre1)
  stash_model :	1
  stash_item :	202
  _FillValue :	-1.073742e+09
(0)	u contains missing values
(0)	u filled
(0)	v contains missing values
(0)	v filled
(0)	q contains missing values
(0)	q filled
(0)	w contains missing values
(0)	w filled
(0)	Calculating advection of moisture...
(0)	Calculating temporal tendency of moisture...

Variable: dq_dt
Type: float
Total Size: 838874880 bytes
            209718720 values
Number of Dimensions: 4
Dimensions and sizes:	[time | 279] x [z1_p_level | 12] x [lat | 145] x [lon | 432]
Coordinates: 
            time: [13026..13304]
            z1_p_level: [1000..100]
            lat: [-40..40]
            lon: [ 0..359.1667]
Number Of Attributes: 3
  units :	kg/kg s**-1
  long_name :	Temporal tendency of moisture
  _FillValue :	-1.073742e+09
(0)	Temporal tendency of moisture (kg/kg s**-1) : min=-1.79817e-07   max=1.81746e-07
(0)	Calculating convergence of moisture...
(0)	Calculating moisture loss (gain) due to the condensational heating
(0)	Calculating horizontal convergence of moisture flux...

Variable: fo_q
Type: float
Total Size: 63638784 bytes
            15909696 values
Number of Dimensions: 4
Dimensions and sizes:	[time | 279] x [z1_p_level | 12] x [lat | 33] x [lon | 144]
Coordinates: 
            time: [13026..13304]
            z1_p_level: [1000..100]
            lat: [ -40..  40]
            lon: [   0..357.5]
Number Of Attributes: 9
  missing_value :	-1.073742e+09
  _FillValue :	-1.073742e+09
  stash_item :	205
  stash_model :	1
  lookup_source :	defaults (cdunifpp V0.14pre1)
  units :	kg/kg
  stash_section :	30
  long_name :	SPECIFIC HUMIDITY ON P LEV/UV GRID
  standard_name :	specific_humidity

Variable: fo_dq_dt
Type: float
Total Size: 63638784 bytes
            15909696 values
Number of Dimensions: 4
Dimensions and sizes:	[time | 279] x [z1_p_level | 12] x [lat | 33] x [lon | 144]
Coordinates: 
            time: [13026..13304]
            z1_p_level: [1000..100]
            lat: [ -40..  40]
            lon: [   0..357.5]
Number Of Attributes: 3
  _FillValue :	-1.073742e+09
  long_name :	Temporal tendency of moisture
  units :	kg/kg s**-1
(0)	Writing output files...
20050930 e01
 Copyright (C) 1995-2019 - All Rights Reserved
 University Corporation for Atmospheric Research
 NCAR Command Language Version 6.6.2
 The use of this software is governed by a License Agreement.
 See http://www.ncl.ucar.edu/ for more details.
(0)	Script started at: Mon Aug 24 20:23:48 AEST 2026
(0)	short2flt: input variable is already type float: SPECIFIC HUMIDITY ON P LEV/UV GRID
(0)	short2flt: no conversion performed
(0)	short2flt: input variable is already type float: U COMPNT OF WIND ON P LEV/UV GRID
(0)	short2flt: no conversion performed
(0)	short2flt: input variable is already type float: V COMPNT OF WIND ON P LEV/UV GRID
(0)	short2flt: no conversion performed
(0)	short2flt: input variable is already type float: W COMPNT OF WIND ON P LEV/UV GRID
(0)	short2flt: no conversion performed
(0)	Reading variables...

Variable: q
Type: float
Total Size: 838874880 bytes
            209718720 values
Number of Dimensions: 4
Dimensions and sizes:	[time | 279] x [z1_p_level | 12] x [lat | 145] x [lon | 432]
Coordinates: 
            time: [13057..13335]
            z1_p_level: [1000..100]
            lat: [-40..40]
            lon: [ 0..359.1667]
Number Of Attributes: 9
  standard_name :	specific_humidity
  long_name :	SPECIFIC HUMIDITY ON P LEV/UV GRID
  missing_value :	-1.073742e+09
  stash_section :	30
  units :	1
  lookup_source :	defaults (cdunifpp V0.14pre1)
  stash_model :	1
  stash_item :	205
  _FillValue :	-1.073742e+09

Variable: u
Type: float
Total Size: 838874880 bytes
            209718720 values
Number of Dimensions: 4
Dimensions and sizes:	[time | 279] x [z1_p_level | 12] x [lat | 145] x [lon | 432]
Coordinates: 
            time: [13057..13335]
            z1_p_level: [1000..100]
            lat: [-40..40]
            lon: [ 0..359.1667]
Number Of Attributes: 9
  standard_name :	eastward_wind
  long_name :	U COMPNT OF WIND ON P LEV/UV GRID
  missing_value :	-1.073742e+09
  stash_section :	30
  units :	m s-1
  lookup_source :	defaults (cdunifpp V0.14pre1)
  stash_model :	1
  stash_item :	201
  _FillValue :	-1.073742e+09

Variable: v
Type: float
Total Size: 838874880 bytes
            209718720 values
Number of Dimensions: 4
Dimensions and sizes:	[time | 279] x [z1_p_level | 12] x [lat | 145] x [lon | 432]
Coordinates: 
            time: [13057..13335]
            z1_p_level: [1000..100]
            lat: [-40..40]
            lon: [ 0..359.1667]
Number Of Attributes: 9
  standard_name :	northward_wind
  long_name :	V COMPNT OF WIND ON P LEV/UV GRID
  missing_value :	-1.073742e+09
  stash_section :	30
  units :	m s-1
  lookup_source :	defaults (cdunifpp V0.14pre1)
  stash_model :	1
  stash_item :	202
  _FillValue :	-1.073742e+09
(0)	u contains missing values
(0)	u filled
(0)	v contains missing values
(0)	v filled
(0)	q contains missing values
(0)	q filled
(0)	w contains missing values
(0)	w filled
(0)	Calculating advection of moisture...
(0)	Calculating temporal tendency of moisture...

Variable: dq_dt
Type: float
Total Size: 838874880 bytes
            209718720 values
Number of Dimensions: 4
Dimensions and sizes:	[time | 279] x [z1_p_level | 12] x [lat | 145] x [lon | 432]
Coordinates: 
            time: [13057..13335]
            z1_p_level: [1000..100]
            lat: [-40..40]
            lon: [ 0..359.1667]
Number Of Attributes: 3
  units :	kg/kg s**-1
  long_name :	Temporal tendency of moisture
  _FillValue :	-1.073742e+09
(0)	Temporal tendency of moisture (kg/kg s**-1) : min=-1.84347e-07   max=1.78879e-07
(0)	Calculating convergence of moisture...
(0)	Calculating moisture loss (gain) due to the condensational heating
(0)	Calculating horizontal convergence of moisture flux...

Variable: fo_q
Type: float
Total Size: 63638784 bytes
            15909696 values
Number of Dimensions: 4
Dimensions and sizes:	[time | 279] x [z1_p_level | 12] x [lat | 33] x [lon | 144]
Coordinates: 
            time: [13057..13335]
            z1_p_level: [1000..100]
            lat: [ -40..  40]
            lon: [   0..357.5]
Number Of Attributes: 9
  missing_value :	-1.073742e+09
  _FillValue :	-1.073742e+09
  stash_item :	205
  stash_model :	1
  lookup_source :	defaults (cdunifpp V0.14pre1)
  units :	kg/kg
  stash_section :	30
  long_name :	SPECIFIC HUMIDITY ON P LEV/UV GRID
  standard_name :	specific_humidity

Variable: fo_dq_dt
Type: float
Total Size: 63638784 bytes
            15909696 values
Number of Dimensions: 4
Dimensions and sizes:	[time | 279] x [z1_p_level | 12] x [lat | 33] x [lon | 144]
Coordinates: 
            time: [13057..13335]
            z1_p_level: [1000..100]
            lat: [ -40..  40]
            lon: [   0..357.5]
Number Of Attributes: 3
  _FillValue :	-1.073742e+09
  long_name :	Temporal tendency of moisture
  units :	kg/kg s**-1
(0)	Writing output files...
20050929 e01
 Copyright (C) 1995-2019 - All Rights Reserved
 University Corporation for Atmospheric Research
 NCAR Command Language Version 6.6.2
 The use of this software is governed by a License Agreement.
 See http://www.ncl.ucar.edu/ for more details.
(0)	Script started at: Mon Aug 24 20:23:38 AEST 2026
(0)	short2flt: input variable is already type float: SPECIFIC HUMIDITY ON P LEV/UV GRID
(0)	short2flt: no conversion performed
(0)	short2flt: input variable is already type float: U COMPNT OF WIND ON P LEV/UV GRID
(0)	short2flt: no conversion performed
(0)	short2flt: input variable is already type float: V COMPNT OF WIND ON P LEV/UV GRID
(0)	short2flt: no conversion performed
(0)	short2flt: input variable is already type float: W COMPNT OF WIND ON P LEV/UV GRID
(0)	short2flt: no conversion performed
(0)	Reading variables...

Variable: q
Type: float
Total Size: 838874880 bytes
            209718720 values
Number of Dimensions: 4
Dimensions and sizes:	[time | 279] x [z1_p_level | 12] x [lat | 145] x [lon | 432]
Coordinates: 
            time: [13056..13334]
            z1_p_level: [1000..100]
            lat: [-40..40]
            lon: [ 0..359.1667]
Number Of Attributes: 9
  standard_name :	specific_humidity
  long_name :	SPECIFIC HUMIDITY ON P LEV/UV GRID
  missing_value :	-1.073742e+09
  stash_section :	30
  units :	1
  lookup_source :	defaults (cdunifpp V0.14pre1)
  stash_model :	1
  stash_item :	205
  _FillValue :	-1.073742e+09

Variable: u
Type: float
Total Size: 838874880 bytes
            209718720 values
Number of Dimensions: 4
Dimensions and sizes:	[time | 279] x [z1_p_level | 12] x [lat | 145] x [lon | 432]
Coordinates: 
            time: [13056..13334]
            z1_p_level: [1000..100]
            lat: [-40..40]
            lon: [ 0..359.1667]
Number Of Attributes: 9
  standard_name :	eastward_wind
  long_name :	U COMPNT OF WIND ON P LEV/UV GRID
  missing_value :	-1.073742e+09
  stash_section :	30
  units :	m s-1
  lookup_source :	defaults (cdunifpp V0.14pre1)
  stash_model :	1
  stash_item :	201
  _FillValue :	-1.073742e+09

Variable: v
Type: float
Total Size: 838874880 bytes
            209718720 values
Number of Dimensions: 4
Dimensions and sizes:	[time | 279] x [z1_p_level | 12] x [lat | 145] x [lon | 432]
Coordinates: 
            time: [13056..13334]
            z1_p_level: [1000..100]
            lat: [-40..40]
            lon: [ 0..359.1667]
Number Of Attributes: 9
  standard_name :	northward_wind
  long_name :	V COMPNT OF WIND ON P LEV/UV GRID
  missing_value :	-1.073742e+09
  stash_section :	30
  units :	m s-1
  lookup_source :	defaults (cdunifpp V0.14pre1)
  stash_model :	1
  stash_item :	202
  _FillValue :	-1.073742e+09
(0)	u contains missing values
(0)	u filled
(0)	v contains missing values
(0)	v filled
(0)	q contains missing values
(0)	q filled
(0)	w contains missing values
(0)	w filled
(0)	Calculating advection of moisture...
(0)	Calculating temporal tendency of moisture...

Variable: dq_dt
Type: float
Total Size: 838874880 bytes
            209718720 values
Number of Dimensions: 4
Dimensions and sizes:	[time | 279] x [z1_p_level | 12] x [lat | 145] x [lon | 432]
Coordinates: 
            time: [13056..13334]
            z1_p_level: [1000..100]
            lat: [-40..40]
            lon: [ 0..359.1667]
Number Of Attributes: 3
  units :	kg/kg s**-1
  long_name :	Temporal tendency of moisture
  _FillValue :	-1.073742e+09
(0)	Temporal tendency of moisture (kg/kg s**-1) : min=-1.97016e-07   max=1.88529e-07
(0)	Calculating convergence of moisture...
(0)	Calculating moisture loss (gain) due to the condensational heating
(0)	Calculating horizontal convergence of moisture flux...

Variable: fo_q
Type: float
Total Size: 63638784 bytes
            15909696 values
Number of Dimensions: 4
Dimensions and sizes:	[time | 279] x [z1_p_level | 12] x [lat | 33] x [lon | 144]
Coordinates: 
            time: [13056..13334]
            z1_p_level: [1000..100]
            lat: [ -40..  40]
            lon: [   0..357.5]
Number Of Attributes: 9
  missing_value :	-1.073742e+09
  _FillValue :	-1.073742e+09
  stash_item :	205
  stash_model :	1
  lookup_source :	defaults (cdunifpp V0.14pre1)
  units :	kg/kg
  stash_section :	30
  long_name :	SPECIFIC HUMIDITY ON P LEV/UV GRID
  standard_name :	specific_humidity

Variable: fo_dq_dt
Type: float
Total Size: 63638784 bytes
            15909696 values
Number of Dimensions: 4
Dimensions and sizes:	[time | 279] x [z1_p_level | 12] x [lat | 33] x [lon | 144]
Coordinates: 
            time: [13056..13334]
            z1_p_level: [1000..100]
            lat: [ -40..  40]
            lon: [   0..357.5]
Number Of Attributes: 3
  _FillValue :	-1.073742e+09
  long_name :	Temporal tendency of moisture
  units :	kg/kg s**-1
(0)	Writing output files...
20050901 e01
 Copyright (C) 1995-2019 - All Rights Reserved
 University Corporation for Atmospheric Research
 NCAR Command Language Version 6.6.2
 The use of this software is governed by a License Agreement.
 See http://www.ncl.ucar.edu/ for more details.
(0)	Script started at: Mon Aug 24 20:23:31 AEST 2026
(0)	short2flt: input variable is already type float: SPECIFIC HUMIDITY ON P LEV/UV GRID
(0)	short2flt: no conversion performed
(0)	short2flt: input variable is already type float: U COMPNT OF WIND ON P LEV/UV GRID
(0)	short2flt: no conversion performed
(0)	short2flt: input variable is already type float: V COMPNT OF WIND ON P LEV/UV GRID
(0)	short2flt: no conversion performed
(0)	short2flt: input variable is already type float: W COMPNT OF WIND ON P LEV/UV GRID
(0)	short2flt: no conversion performed
(0)	Reading variables...

Variable: q
Type: float
Total Size: 838874880 bytes
            209718720 values
Number of Dimensions: 4
Dimensions and sizes:	[time | 279] x [z1_p_level | 12] x [lat | 145] x [lon | 432]
Coordinates: 
            time: [13028..13306]
            z1_p_level: [1000..100]
            lat: [-40..40]
            lon: [ 0..359.1667]
Number Of Attributes: 9
  standard_name :	specific_humidity
  long_name :	SPECIFIC HUMIDITY ON P LEV/UV GRID
  missing_value :	-1.073742e+09
  stash_section :	30
  units :	1
  lookup_source :	defaults (cdunifpp V0.14pre1)
  stash_model :	1
  stash_item :	205
  _FillValue :	-1.073742e+09

Variable: u
Type: float
Total Size: 838874880 bytes
            209718720 values
Number of Dimensions: 4
Dimensions and sizes:	[time | 279] x [z1_p_level | 12] x [lat | 145] x [lon | 432]
Coordinates: 
            time: [13028..13306]
            z1_p_level: [1000..100]
            lat: [-40..40]
            lon: [ 0..359.1667]
Number Of Attributes: 9
  standard_name :	eastward_wind
  long_name :	U COMPNT OF WIND ON P LEV/UV GRID
  missing_value :	-1.073742e+09
  stash_section :	30
  units :	m s-1
  lookup_source :	defaults (cdunifpp V0.14pre1)
  stash_model :	1
  stash_item :	201
  _FillValue :	-1.073742e+09

Variable: v
Type: float
Total Size: 838874880 bytes
            209718720 values
Number of Dimensions: 4
Dimensions and sizes:	[time | 279] x [z1_p_level | 12] x [lat | 145] x [lon | 432]
Coordinates: 
            time: [13028..13306]
            z1_p_level: [1000..100]
            lat: [-40..40]
            lon: [ 0..359.1667]
Number Of Attributes: 9
  standard_name :	northward_wind
  long_name :	V COMPNT OF WIND ON P LEV/UV GRID
  missing_value :	-1.073742e+09
  stash_section :	30
  units :	m s-1
  lookup_source :	defaults (cdunifpp V0.14pre1)
  stash_model :	1
  stash_item :	202
  _FillValue :	-1.073742e+09
(0)	u contains missing values
(0)	u filled
(0)	v contains missing values
(0)	v filled
(0)	q contains missing values
(0)	q filled
(0)	w contains missing values
(0)	w filled
(0)	Calculating advection of moisture...
(0)	Calculating temporal tendency of moisture...

Variable: dq_dt
Type: float
Total Size: 838874880 bytes
            209718720 values
Number of Dimensions: 4
Dimensions and sizes:	[time | 279] x [z1_p_level | 12] x [lat | 145] x [lon | 432]
Coordinates: 
            time: [13028..13306]
            z1_p_level: [1000..100]
            lat: [-40..40]
            lon: [ 0..359.1667]
Number Of Attributes: 3
  units :	kg/kg s**-1
  long_name :	Temporal tendency of moisture
  _FillValue :	-1.073742e+09
(0)	Temporal tendency of moisture (kg/kg s**-1) : min=-1.89433e-07   max=1.76491e-07
(0)	Calculating convergence of moisture...
(0)	Calculating moisture loss (gain) due to the condensational heating
(0)	Calculating horizontal convergence of moisture flux...

Variable: fo_q
Type: float
Total Size: 63638784 bytes
            15909696 values
Number of Dimensions: 4
Dimensions and sizes:	[time | 279] x [z1_p_level | 12] x [lat | 33] x [lon | 144]
Coordinates: 
            time: [13028..13306]
            z1_p_level: [1000..100]
            lat: [ -40..  40]
            lon: [   0..357.5]
Number Of Attributes: 9
  missing_value :	-1.073742e+09
  _FillValue :	-1.073742e+09
  stash_item :	205
  stash_model :	1
  lookup_source :	defaults (cdunifpp V0.14pre1)
  units :	kg/kg
  stash_section :	30
  long_name :	SPECIFIC HUMIDITY ON P LEV/UV GRID
  standard_name :	specific_humidity

Variable: fo_dq_dt
Type: float
Total Size: 63638784 bytes
            15909696 values
Number of Dimensions: 4
Dimensions and sizes:	[time | 279] x [z1_p_level | 12] x [lat | 33] x [lon | 144]
Coordinates: 
            time: [13028..13306]
            z1_p_level: [1000..100]
            lat: [ -40..  40]
            lon: [   0..357.5]
Number Of Attributes: 3
  _FillValue :	-1.073742e+09
  long_name :	Temporal tendency of moisture
  units :	kg/kg s**-1
(0)	Writing output files...
20051030 e01
 Copyright (C) 1995-2019 - All Rights Reserved
 University Corporation for Atmospheric Research
 NCAR Command Language Version 6.6.2
 The use of this software is governed by a License Agreement.
 See http://www.ncl.ucar.edu/ for more details.
(0)	Script started at: Mon Aug 24 20:29:29 AEST 2026
(0)	short2flt: input variable is already type float: SPECIFIC HUMIDITY ON P LEV/UV GRID
(0)	short2flt: no conversion performed
(0)	short2flt: input variable is already type float: U COMPNT OF WIND ON P LEV/UV GRID
(0)	short2flt: no conversion performed
(0)	short2flt: input variable is already type float: V COMPNT OF WIND ON P LEV/UV GRID
(0)	short2flt: no conversion performed
(0)	short2flt: input variable is already type float: W COMPNT OF WIND ON P LEV/UV GRID
(0)	short2flt: no conversion performed
(0)	Reading variables...

Variable: q
Type: float
Total Size: 838874880 bytes
            209718720 values
Number of Dimensions: 4
Dimensions and sizes:	[time | 279] x [z1_p_level | 12] x [lat | 145] x [lon | 432]
Coordinates: 
            time: [13087..13365]
            z1_p_level: [1000..100]
            lat: [-40..40]
            lon: [ 0..359.1667]
Number Of Attributes: 9
  standard_name :	specific_humidity
  long_name :	SPECIFIC HUMIDITY ON P LEV/UV GRID
  missing_value :	-1.073742e+09
  stash_section :	30
  units :	1
  lookup_source :	defaults (cdunifpp V0.14pre1)
  stash_model :	1
  stash_item :	205
  _FillValue :	-1.073742e+09

Variable: u
Type: float
Total Size: 838874880 bytes
            209718720 values
Number of Dimensions: 4
Dimensions and sizes:	[time | 279] x [z1_p_level | 12] x [lat | 145] x [lon | 432]
Coordinates: 
            time: [13087..13365]
            z1_p_level: [1000..100]
            lat: [-40..40]
            lon: [ 0..359.1667]
Number Of Attributes: 9
  standard_name :	eastward_wind
  long_name :	U COMPNT OF WIND ON P LEV/UV GRID
  missing_value :	-1.073742e+09
  stash_section :	30
  units :	m s-1
  lookup_source :	defaults (cdunifpp V0.14pre1)
  stash_model :	1
  stash_item :	201
  _FillValue :	-1.073742e+09

Variable: v
Type: float
Total Size: 838874880 bytes
            209718720 values
Number of Dimensions: 4
Dimensions and sizes:	[time | 279] x [z1_p_level | 12] x [lat | 145] x [lon | 432]
Coordinates: 
            time: [13087..13365]
            z1_p_level: [1000..100]
            lat: [-40..40]
            lon: [ 0..359.1667]
Number Of Attributes: 9
  standard_name :	northward_wind
  long_name :	V COMPNT OF WIND ON P LEV/UV GRID
  missing_value :	-1.073742e+09
  stash_section :	30
  units :	m s-1
  lookup_source :	defaults (cdunifpp V0.14pre1)
  stash_model :	1
  stash_item :	202
  _FillValue :	-1.073742e+09
(0)	u contains missing values
(0)	u filled
(0)	v contains missing values
(0)	v filled
(0)	q contains missing values
(0)	q filled
(0)	w contains missing values
(0)	w filled
(0)	Calculating advection of moisture...
(0)	Calculating temporal tendency of moisture...

Variable: dq_dt
Type: float
Total Size: 838874880 bytes
            209718720 values
Number of Dimensions: 4
Dimensions and sizes:	[time | 279] x [z1_p_level | 12] x [lat | 145] x [lon | 432]
Coordinates: 
            time: [13087..13365]
            z1_p_level: [1000..100]
            lat: [-40..40]
            lon: [ 0..359.1667]
Number Of Attributes: 3
  units :	kg/kg s**-1
  long_name :	Temporal tendency of moisture
  _FillValue :	-1.073742e+09
(0)	Temporal tendency of moisture (kg/kg s**-1) : min=-1.93746e-07   max=1.99105e-07
(0)	Calculating convergence of moisture...
(0)	Calculating moisture loss (gain) due to the condensational heating
(0)	Calculating horizontal convergence of moisture flux...

Variable: fo_q
Type: float
Total Size: 63638784 bytes
            15909696 values
Number of Dimensions: 4
Dimensions and sizes:	[time | 279] x [z1_p_level | 12] x [lat | 33] x [lon | 144]
Coordinates: 
            time: [13087..13365]
            z1_p_level: [1000..100]
            lat: [ -40..  40]
            lon: [   0..357.5]
Number Of Attributes: 9
  missing_value :	-1.073742e+09
  _FillValue :	-1.073742e+09
  stash_item :	205
  stash_model :	1
  lookup_source :	defaults (cdunifpp V0.14pre1)
  units :	kg/kg
  stash_section :	30
  long_name :	SPECIFIC HUMIDITY ON P LEV/UV GRID
  standard_name :	specific_humidity

Variable: fo_dq_dt
Type: float
Total Size: 63638784 bytes
            15909696 values
Number of Dimensions: 4
Dimensions and sizes:	[time | 279] x [z1_p_level | 12] x [lat | 33] x [lon | 144]
Coordinates: 
            time: [13087..13365]
            z1_p_level: [1000..100]
            lat: [ -40..  40]
            lon: [   0..357.5]
Number Of Attributes: 3
  _FillValue :	-1.073742e+09
  long_name :	Temporal tendency of moisture
  units :	kg/kg s**-1
(0)	Writing output files...
20051001 e01
 Copyright (C) 1995-2019 - All Rights Reserved
 University Corporation for Atmospheric Research
 NCAR Command Language Version 6.6.2
 The use of this software is governed by a License Agreement.
 See http://www.ncl.ucar.edu/ for more details.
(0)	Script started at: Mon Aug 24 20:29:21 AEST 2026
(0)	short2flt: input variable is already type float: SPECIFIC HUMIDITY ON P LEV/UV GRID
(0)	short2flt: no conversion performed
(0)	short2flt: input variable is already type float: U COMPNT OF WIND ON P LEV/UV GRID
(0)	short2flt: no conversion performed
(0)	short2flt: input variable is already type float: V COMPNT OF WIND ON P LEV/UV GRID
(0)	short2flt: no conversion performed
(0)	short2flt: input variable is already type float: W COMPNT OF WIND ON P LEV/UV GRID
(0)	short2flt: no conversion performed
(0)	Reading variables...

Variable: q
Type: float
Total Size: 838874880 bytes
            209718720 values
Number of Dimensions: 4
Dimensions and sizes:	[time | 279] x [z1_p_level | 12] x [lat | 145] x [lon | 432]
Coordinates: 
            time: [13058..13336]
            z1_p_level: [1000..100]
            lat: [-40..40]
            lon: [ 0..359.1667]
Number Of Attributes: 9
  standard_name :	specific_humidity
  long_name :	SPECIFIC HUMIDITY ON P LEV/UV GRID
  missing_value :	-1.073742e+09
  stash_section :	30
  units :	1
  lookup_source :	defaults (cdunifpp V0.14pre1)
  stash_model :	1
  stash_item :	205
  _FillValue :	-1.073742e+09

Variable: u
Type: float
Total Size: 838874880 bytes
            209718720 values
Number of Dimensions: 4
Dimensions and sizes:	[time | 279] x [z1_p_level | 12] x [lat | 145] x [lon | 432]
Coordinates: 
            time: [13058..13336]
            z1_p_level: [1000..100]
            lat: [-40..40]
            lon: [ 0..359.1667]
Number Of Attributes: 9
  standard_name :	eastward_wind
  long_name :	U COMPNT OF WIND ON P LEV/UV GRID
  missing_value :	-1.073742e+09
  stash_section :	30
  units :	m s-1
  lookup_source :	defaults (cdunifpp V0.14pre1)
  stash_model :	1
  stash_item :	201
  _FillValue :	-1.073742e+09

Variable: v
Type: float
Total Size: 838874880 bytes
            209718720 values
Number of Dimensions: 4
Dimensions and sizes:	[time | 279] x [z1_p_level | 12] x [lat | 145] x [lon | 432]
Coordinates: 
            time: [13058..13336]
            z1_p_level: [1000..100]
            lat: [-40..40]
            lon: [ 0..359.1667]
Number Of Attributes: 9
  standard_name :	northward_wind
  long_name :	V COMPNT OF WIND ON P LEV/UV GRID
  missing_value :	-1.073742e+09
  stash_section :	30
  units :	m s-1
  lookup_source :	defaults (cdunifpp V0.14pre1)
  stash_model :	1
  stash_item :	202
  _FillValue :	-1.073742e+09
(0)	u contains missing values
(0)	u filled
(0)	v contains missing values
(0)	v filled
(0)	q contains missing values
(0)	q filled
(0)	w contains missing values
(0)	w filled
(0)	Calculating advection of moisture...
(0)	Calculating temporal tendency of moisture...

Variable: dq_dt
Type: float
Total Size: 838874880 bytes
            209718720 values
Number of Dimensions: 4
Dimensions and sizes:	[time | 279] x [z1_p_level | 12] x [lat | 145] x [lon | 432]
Coordinates: 
            time: [13058..13336]
            z1_p_level: [1000..100]
            lat: [-40..40]
            lon: [ 0..359.1667]
Number Of Attributes: 3
  units :	kg/kg s**-1
  long_name :	Temporal tendency of moisture
  _FillValue :	-1.073742e+09
(0)	Temporal tendency of moisture (kg/kg s**-1) : min=-1.6896e-07   max=1.78654e-07
(0)	Calculating convergence of moisture...
(0)	Calculating moisture loss (gain) due to the condensational heating
(0)	Calculating horizontal convergence of moisture flux...

Variable: fo_q
Type: float
Total Size: 63638784 bytes
            15909696 values
Number of Dimensions: 4
Dimensions and sizes:	[time | 279] x [z1_p_level | 12] x [lat | 33] x [lon | 144]
Coordinates: 
            time: [13058..13336]
            z1_p_level: [1000..100]
            lat: [ -40..  40]
            lon: [   0..357.5]
Number Of Attributes: 9
  missing_value :	-1.073742e+09
  _FillValue :	-1.073742e+09
  stash_item :	205
  stash_model :	1
  lookup_source :	defaults (cdunifpp V0.14pre1)
  units :	kg/kg
  stash_section :	30
  long_name :	SPECIFIC HUMIDITY ON P LEV/UV GRID
  standard_name :	specific_humidity

Variable: fo_dq_dt
Type: float
Total Size: 63638784 bytes
            15909696 values
Number of Dimensions: 4
Dimensions and sizes:	[time | 279] x [z1_p_level | 12] x [lat | 33] x [lon | 144]
Coordinates: 
            time: [13058..13336]
            z1_p_level: [1000..100]
            lat: [ -40..  40]
            lon: [   0..357.5]
Number Of Attributes: 3
  _FillValue :	-1.073742e+09
  long_name :	Temporal tendency of moisture
  units :	kg/kg s**-1
(0)	Writing output files...
20051031 e01
 Copyright (C) 1995-2019 - All Rights Reserved
 University Corporation for Atmospheric Research
 NCAR Command Language Version 6.6.2
 The use of this software is governed by a License Agreement.
 See http://www.ncl.ucar.edu/ for more details.
(0)	Script started at: Mon Aug 24 20:29:49 AEST 2026
(0)	short2flt: input variable is already type float: SPECIFIC HUMIDITY ON P LEV/UV GRID
(0)	short2flt: no conversion performed
(0)	short2flt: input variable is already type float: U COMPNT OF WIND ON P LEV/UV GRID
(0)	short2flt: no conversion performed
(0)	short2flt: input variable is already type float: V COMPNT OF WIND ON P LEV/UV GRID
(0)	short2flt: no conversion performed
(0)	short2flt: input variable is already type float: W COMPNT OF WIND ON P LEV/UV GRID
(0)	short2flt: no conversion performed
(0)	Reading variables...

Variable: q
Type: float
Total Size: 838874880 bytes
            209718720 values
Number of Dimensions: 4
Dimensions and sizes:	[time | 279] x [z1_p_level | 12] x [lat | 145] x [lon | 432]
Coordinates: 
            time: [13088..13366]
            z1_p_level: [1000..100]
            lat: [-40..40]
            lon: [ 0..359.1667]
Number Of Attributes: 9
  standard_name :	specific_humidity
  long_name :	SPECIFIC HUMIDITY ON P LEV/UV GRID
  missing_value :	-1.073742e+09
  stash_section :	30
  units :	1
  lookup_source :	defaults (cdunifpp V0.14pre1)
  stash_model :	1
  stash_item :	205
  _FillValue :	-1.073742e+09

Variable: u
Type: float
Total Size: 838874880 bytes
            209718720 values
Number of Dimensions: 4
Dimensions and sizes:	[time | 279] x [z1_p_level | 12] x [lat | 145] x [lon | 432]
Coordinates: 
            time: [13088..13366]
            z1_p_level: [1000..100]
            lat: [-40..40]
            lon: [ 0..359.1667]
Number Of Attributes: 9
  standard_name :	eastward_wind
  long_name :	U COMPNT OF WIND ON P LEV/UV GRID
  missing_value :	-1.073742e+09
  stash_section :	30
  units :	m s-1
  lookup_source :	defaults (cdunifpp V0.14pre1)
  stash_model :	1
  stash_item :	201
  _FillValue :	-1.073742e+09

Variable: v
Type: float
Total Size: 838874880 bytes
            209718720 values
Number of Dimensions: 4
Dimensions and sizes:	[time | 279] x [z1_p_level | 12] x [lat | 145] x [lon | 432]
Coordinates: 
            time: [13088..13366]
            z1_p_level: [1000..100]
            lat: [-40..40]
            lon: [ 0..359.1667]
Number Of Attributes: 9
  standard_name :	northward_wind
  long_name :	V COMPNT OF WIND ON P LEV/UV GRID
  missing_value :	-1.073742e+09
  stash_section :	30
  units :	m s-1
  lookup_source :	defaults (cdunifpp V0.14pre1)
  stash_model :	1
  stash_item :	202
  _FillValue :	-1.073742e+09
(0)	u contains missing values
(0)	u filled
(0)	v contains missing values
(0)	v filled
(0)	q contains missing values
(0)	q filled
(0)	w contains missing values
(0)	w filled
(0)	Calculating advection of moisture...
(0)	Calculating temporal tendency of moisture...

Variable: dq_dt
Type: float
Total Size: 838874880 bytes
            209718720 values
Number of Dimensions: 4
Dimensions and sizes:	[time | 279] x [z1_p_level | 12] x [lat | 145] x [lon | 432]
Coordinates: 
            time: [13088..13366]
            z1_p_level: [1000..100]
            lat: [-40..40]
            lon: [ 0..359.1667]
Number Of Attributes: 3
  units :	kg/kg s**-1
  long_name :	Temporal tendency of moisture
  _FillValue :	-1.073742e+09
(0)	Temporal tendency of moisture (kg/kg s**-1) : min=-1.79295e-07   max=1.77808e-07
(0)	Calculating convergence of moisture...
(0)	Calculating moisture loss (gain) due to the condensational heating
(0)	Calculating horizontal convergence of moisture flux...

Variable: fo_q
Type: float
Total Size: 63638784 bytes
            15909696 values
Number of Dimensions: 4
Dimensions and sizes:	[time | 279] x [z1_p_level | 12] x [lat | 33] x [lon | 144]
Coordinates: 
            time: [13088..13366]
            z1_p_level: [1000..100]
            lat: [ -40..  40]
            lon: [   0..357.5]
Number Of Attributes: 9
  missing_value :	-1.073742e+09
  _FillValue :	-1.073742e+09
  stash_item :	205
  stash_model :	1
  lookup_source :	defaults (cdunifpp V0.14pre1)
  units :	kg/kg
  stash_section :	30
  long_name :	SPECIFIC HUMIDITY ON P LEV/UV GRID
  standard_name :	specific_humidity

Variable: fo_dq_dt
Type: float
Total Size: 63638784 bytes
            15909696 values
Number of Dimensions: 4
Dimensions and sizes:	[time | 279] x [z1_p_level | 12] x [lat | 33] x [lon | 144]
Coordinates: 
            time: [13088..13366]
            z1_p_level: [1000..100]
            lat: [ -40..  40]
            lon: [   0..357.5]
Number Of Attributes: 3
  _FillValue :	-1.073742e+09
  long_name :	Temporal tendency of moisture
  units :	kg/kg s**-1
(0)	Writing output files...
20051101 e01
 Copyright (C) 1995-2019 - All Rights Reserved
 University Corporation for Atmospheric Research
 NCAR Command Language Version 6.6.2
 The use of this software is governed by a License Agreement.
 See http://www.ncl.ucar.edu/ for more details.
(0)	Script started at: Mon Aug 24 20:29:50 AEST 2026
(0)	short2flt: input variable is already type float: SPECIFIC HUMIDITY ON P LEV/UV GRID
(0)	short2flt: no conversion performed
(0)	short2flt: input variable is already type float: U COMPNT OF WIND ON P LEV/UV GRID
(0)	short2flt: no conversion performed
(0)	short2flt: input variable is already type float: V COMPNT OF WIND ON P LEV/UV GRID
(0)	short2flt: no conversion performed
(0)	short2flt: input variable is already type float: W COMPNT OF WIND ON P LEV/UV GRID
(0)	short2flt: no conversion performed
(0)	Reading variables...

Variable: q
Type: float
Total Size: 838874880 bytes
            209718720 values
Number of Dimensions: 4
Dimensions and sizes:	[time | 279] x [z1_p_level | 12] x [lat | 145] x [lon | 432]
Coordinates: 
            time: [13089..13367]
            z1_p_level: [1000..100]
            lat: [-40..40]
            lon: [ 0..359.1667]
Number Of Attributes: 9
  standard_name :	specific_humidity
  long_name :	SPECIFIC HUMIDITY ON P LEV/UV GRID
  missing_value :	-1.073742e+09
  stash_section :	30
  units :	1
  lookup_source :	defaults (cdunifpp V0.14pre1)
  stash_model :	1
  stash_item :	205
  _FillValue :	-1.073742e+09

Variable: u
Type: float
Total Size: 838874880 bytes
            209718720 values
Number of Dimensions: 4
Dimensions and sizes:	[time | 279] x [z1_p_level | 12] x [lat | 145] x [lon | 432]
Coordinates: 
            time: [13089..13367]
            z1_p_level: [1000..100]
            lat: [-40..40]
            lon: [ 0..359.1667]
Number Of Attributes: 9
  standard_name :	eastward_wind
  long_name :	U COMPNT OF WIND ON P LEV/UV GRID
  missing_value :	-1.073742e+09
  stash_section :	30
  units :	m s-1
  lookup_source :	defaults (cdunifpp V0.14pre1)
  stash_model :	1
  stash_item :	201
  _FillValue :	-1.073742e+09

Variable: v
Type: float
Total Size: 838874880 bytes
            209718720 values
Number of Dimensions: 4
Dimensions and sizes:	[time | 279] x [z1_p_level | 12] x [lat | 145] x [lon | 432]
Coordinates: 
            time: [13089..13367]
            z1_p_level: [1000..100]
            lat: [-40..40]
            lon: [ 0..359.1667]
Number Of Attributes: 9
  standard_name :	northward_wind
  long_name :	V COMPNT OF WIND ON P LEV/UV GRID
  missing_value :	-1.073742e+09
  stash_section :	30
  units :	m s-1
  lookup_source :	defaults (cdunifpp V0.14pre1)
  stash_model :	1
  stash_item :	202
  _FillValue :	-1.073742e+09
(0)	u contains missing values
(0)	u filled
(0)	v contains missing values
(0)	v filled
(0)	q contains missing values
(0)	q filled
(0)	w contains missing values
(0)	w filled
(0)	Calculating advection of moisture...
(0)	Calculating temporal tendency of moisture...

Variable: dq_dt
Type: float
Total Size: 838874880 bytes
            209718720 values
Number of Dimensions: 4
Dimensions and sizes:	[time | 279] x [z1_p_level | 12] x [lat | 145] x [lon | 432]
Coordinates: 
            time: [13089..13367]
            z1_p_level: [1000..100]
            lat: [-40..40]
            lon: [ 0..359.1667]
Number Of Attributes: 3
  units :	kg/kg s**-1
  long_name :	Temporal tendency of moisture
  _FillValue :	-1.073742e+09
(0)	Temporal tendency of moisture (kg/kg s**-1) : min=-1.81466e-07   max=1.82112e-07
(0)	Calculating convergence of moisture...
(0)	Calculating moisture loss (gain) due to the condensational heating
(0)	Calculating horizontal convergence of moisture flux...

Variable: fo_q
Type: float
Total Size: 63638784 bytes
            15909696 values
Number of Dimensions: 4
Dimensions and sizes:	[time | 279] x [z1_p_level | 12] x [lat | 33] x [lon | 144]
Coordinates: 
            time: [13089..13367]
            z1_p_level: [1000..100]
            lat: [ -40..  40]
            lon: [   0..357.5]
Number Of Attributes: 9
  missing_value :	-1.073742e+09
  _FillValue :	-1.073742e+09
  stash_item :	205
  stash_model :	1
  lookup_source :	defaults (cdunifpp V0.14pre1)
  units :	kg/kg
  stash_section :	30
  long_name :	SPECIFIC HUMIDITY ON P LEV/UV GRID
  standard_name :	specific_humidity

Variable: fo_dq_dt
Type: float
Total Size: 63638784 bytes
            15909696 values
Number of Dimensions: 4
Dimensions and sizes:	[time | 279] x [z1_p_level | 12] x [lat | 33] x [lon | 144]
Coordinates: 
            time: [13089..13367]
            z1_p_level: [1000..100]
            lat: [ -40..  40]
            lon: [   0..357.5]
Number Of Attributes: 3
  _FillValue :	-1.073742e+09
  long_name :	Temporal tendency of moisture
  units :	kg/kg s**-1
(0)	Writing output files...
20051129 e01
 Copyright (C) 1995-2019 - All Rights Reserved
 University Corporation for Atmospheric Research
 NCAR Command Language Version 6.6.2
 The use of this software is governed by a License Agreement.
 See http://www.ncl.ucar.edu/ for more details.
(0)	Script started at: Mon Aug 24 20:29:52 AEST 2026
(0)	short2flt: input variable is already type float: SPECIFIC HUMIDITY ON P LEV/UV GRID
(0)	short2flt: no conversion performed
(0)	short2flt: input variable is already type float: U COMPNT OF WIND ON P LEV/UV GRID
(0)	short2flt: no conversion performed
(0)	short2flt: input variable is already type float: V COMPNT OF WIND ON P LEV/UV GRID
(0)	short2flt: no conversion performed
(0)	short2flt: input variable is already type float: W COMPNT OF WIND ON P LEV/UV GRID
(0)	short2flt: no conversion performed
(0)	Reading variables...

Variable: q
Type: float
Total Size: 838874880 bytes
            209718720 values
Number of Dimensions: 4
Dimensions and sizes:	[time | 279] x [z1_p_level | 12] x [lat | 145] x [lon | 432]
Coordinates: 
            time: [13117..13395]
            z1_p_level: [1000..100]
            lat: [-40..40]
            lon: [ 0..359.1667]
Number Of Attributes: 9
  standard_name :	specific_humidity
  long_name :	SPECIFIC HUMIDITY ON P LEV/UV GRID
  missing_value :	-1.073742e+09
  stash_section :	30
  units :	1
  lookup_source :	defaults (cdunifpp V0.14pre1)
  stash_model :	1
  stash_item :	205
  _FillValue :	-1.073742e+09

Variable: u
Type: float
Total Size: 838874880 bytes
            209718720 values
Number of Dimensions: 4
Dimensions and sizes:	[time | 279] x [z1_p_level | 12] x [lat | 145] x [lon | 432]
Coordinates: 
            time: [13117..13395]
            z1_p_level: [1000..100]
            lat: [-40..40]
            lon: [ 0..359.1667]
Number Of Attributes: 9
  standard_name :	eastward_wind
  long_name :	U COMPNT OF WIND ON P LEV/UV GRID
  missing_value :	-1.073742e+09
  stash_section :	30
  units :	m s-1
  lookup_source :	defaults (cdunifpp V0.14pre1)
  stash_model :	1
  stash_item :	201
  _FillValue :	-1.073742e+09

Variable: v
Type: float
Total Size: 838874880 bytes
            209718720 values
Number of Dimensions: 4
Dimensions and sizes:	[time | 279] x [z1_p_level | 12] x [lat | 145] x [lon | 432]
Coordinates: 
            time: [13117..13395]
            z1_p_level: [1000..100]
            lat: [-40..40]
            lon: [ 0..359.1667]
Number Of Attributes: 9
  standard_name :	northward_wind
  long_name :	V COMPNT OF WIND ON P LEV/UV GRID
  missing_value :	-1.073742e+09
  stash_section :	30
  units :	m s-1
  lookup_source :	defaults (cdunifpp V0.14pre1)
  stash_model :	1
  stash_item :	202
  _FillValue :	-1.073742e+09
(0)	u contains missing values
(0)	u filled
(0)	v contains missing values
(0)	v filled
(0)	q contains missing values
(0)	q filled
(0)	w contains missing values
(0)	w filled
(0)	Calculating advection of moisture...
(0)	Calculating temporal tendency of moisture...

Variable: dq_dt
Type: float
Total Size: 838874880 bytes
            209718720 values
Number of Dimensions: 4
Dimensions and sizes:	[time | 279] x [z1_p_level | 12] x [lat | 145] x [lon | 432]
Coordinates: 
            time: [13117..13395]
            z1_p_level: [1000..100]
            lat: [-40..40]
            lon: [ 0..359.1667]
Number Of Attributes: 3
  units :	kg/kg s**-1
  long_name :	Temporal tendency of moisture
  _FillValue :	-1.073742e+09
(0)	Temporal tendency of moisture (kg/kg s**-1) : min=-1.89439e-07   max=1.90135e-07
(0)	Calculating convergence of moisture...
(0)	Calculating moisture loss (gain) due to the condensational heating
(0)	Calculating horizontal convergence of moisture flux...

Variable: fo_q
Type: float
Total Size: 63638784 bytes
            15909696 values
Number of Dimensions: 4
Dimensions and sizes:	[time | 279] x [z1_p_level | 12] x [lat | 33] x [lon | 144]
Coordinates: 
            time: [13117..13395]
            z1_p_level: [1000..100]
            lat: [ -40..  40]
            lon: [   0..357.5]
Number Of Attributes: 9
  missing_value :	-1.073742e+09
  _FillValue :	-1.073742e+09
  stash_item :	205
  stash_model :	1
  lookup_source :	defaults (cdunifpp V0.14pre1)
  units :	kg/kg
  stash_section :	30
  long_name :	SPECIFIC HUMIDITY ON P LEV/UV GRID
  standard_name :	specific_humidity

Variable: fo_dq_dt
Type: float
Total Size: 63638784 bytes
            15909696 values
Number of Dimensions: 4
Dimensions and sizes:	[time | 279] x [z1_p_level | 12] x [lat | 33] x [lon | 144]
Coordinates: 
            time: [13117..13395]
            z1_p_level: [1000..100]
            lat: [ -40..  40]
            lon: [   0..357.5]
Number Of Attributes: 3
  _FillValue :	-1.073742e+09
  long_name :	Temporal tendency of moisture
  units :	kg/kg s**-1
(0)	Writing output files...
20051201 e01
 Copyright (C) 1995-2019 - All Rights Reserved
 University Corporation for Atmospheric Research
 NCAR Command Language Version 6.6.2
 The use of this software is governed by a License Agreement.
 See http://www.ncl.ucar.edu/ for more details.
(0)	Script started at: Mon Aug 24 20:35:29 AEST 2026
(0)	short2flt: input variable is already type float: SPECIFIC HUMIDITY ON P LEV/UV GRID
(0)	short2flt: no conversion performed
(0)	short2flt: input variable is already type float: U COMPNT OF WIND ON P LEV/UV GRID
(0)	short2flt: no conversion performed
(0)	short2flt: input variable is already type float: V COMPNT OF WIND ON P LEV/UV GRID
(0)	short2flt: no conversion performed
(0)	short2flt: input variable is already type float: W COMPNT OF WIND ON P LEV/UV GRID
(0)	short2flt: no conversion performed
(0)	Reading variables...

Variable: q
Type: float
Total Size: 838874880 bytes
            209718720 values
Number of Dimensions: 4
Dimensions and sizes:	[time | 279] x [z1_p_level | 12] x [lat | 145] x [lon | 432]
Coordinates: 
            time: [13119..13397]
            z1_p_level: [1000..100]
            lat: [-40..40]
            lon: [ 0..359.1667]
Number Of Attributes: 9
  standard_name :	specific_humidity
  long_name :	SPECIFIC HUMIDITY ON P LEV/UV GRID
  missing_value :	-1.073742e+09
  stash_section :	30
  units :	1
  lookup_source :	defaults (cdunifpp V0.14pre1)
  stash_model :	1
  stash_item :	205
  _FillValue :	-1.073742e+09

Variable: u
Type: float
Total Size: 838874880 bytes
            209718720 values
Number of Dimensions: 4
Dimensions and sizes:	[time | 279] x [z1_p_level | 12] x [lat | 145] x [lon | 432]
Coordinates: 
            time: [13119..13397]
            z1_p_level: [1000..100]
            lat: [-40..40]
            lon: [ 0..359.1667]
Number Of Attributes: 9
  standard_name :	eastward_wind
  long_name :	U COMPNT OF WIND ON P LEV/UV GRID
  missing_value :	-1.073742e+09
  stash_section :	30
  units :	m s-1
  lookup_source :	defaults (cdunifpp V0.14pre1)
  stash_model :	1
  stash_item :	201
  _FillValue :	-1.073742e+09

Variable: v
Type: float
Total Size: 838874880 bytes
            209718720 values
Number of Dimensions: 4
Dimensions and sizes:	[time | 279] x [z1_p_level | 12] x [lat | 145] x [lon | 432]
Coordinates: 
            time: [13119..13397]
            z1_p_level: [1000..100]
            lat: [-40..40]
            lon: [ 0..359.1667]
Number Of Attributes: 9
  standard_name :	northward_wind
  long_name :	V COMPNT OF WIND ON P LEV/UV GRID
  missing_value :	-1.073742e+09
  stash_section :	30
  units :	m s-1
  lookup_source :	defaults (cdunifpp V0.14pre1)
  stash_model :	1
  stash_item :	202
  _FillValue :	-1.073742e+09
(0)	u contains missing values
(0)	u filled
(0)	v contains missing values
(0)	v filled
(0)	q contains missing values
(0)	q filled
(0)	w contains missing values
(0)	w filled
(0)	Calculating advection of moisture...
(0)	Calculating temporal tendency of moisture...

Variable: dq_dt
Type: float
Total Size: 838874880 bytes
            209718720 values
Number of Dimensions: 4
Dimensions and sizes:	[time | 279] x [z1_p_level | 12] x [lat | 145] x [lon | 432]
Coordinates: 
            time: [13119..13397]
            z1_p_level: [1000..100]
            lat: [-40..40]
            lon: [ 0..359.1667]
Number Of Attributes: 3
  units :	kg/kg s**-1
  long_name :	Temporal tendency of moisture
  _FillValue :	-1.073742e+09
(0)	Temporal tendency of moisture (kg/kg s**-1) : min=-1.80848e-07   max=1.84935e-07
(0)	Calculating convergence of moisture...
(0)	Calculating moisture loss (gain) due to the condensational heating
(0)	Calculating horizontal convergence of moisture flux...

Variable: fo_q
Type: float
Total Size: 63638784 bytes
            15909696 values
Number of Dimensions: 4
Dimensions and sizes:	[time | 279] x [z1_p_level | 12] x [lat | 33] x [lon | 144]
Coordinates: 
            time: [13119..13397]
            z1_p_level: [1000..100]
            lat: [ -40..  40]
            lon: [   0..357.5]
Number Of Attributes: 9
  missing_value :	-1.073742e+09
  _FillValue :	-1.073742e+09
  stash_item :	205
  stash_model :	1
  lookup_source :	defaults (cdunifpp V0.14pre1)
  units :	kg/kg
  stash_section :	30
  long_name :	SPECIFIC HUMIDITY ON P LEV/UV GRID
  standard_name :	specific_humidity

Variable: fo_dq_dt
Type: float
Total Size: 63638784 bytes
            15909696 values
Number of Dimensions: 4
Dimensions and sizes:	[time | 279] x [z1_p_level | 12] x [lat | 33] x [lon | 144]
Coordinates: 
            time: [13119..13397]
            z1_p_level: [1000..100]
            lat: [ -40..  40]
            lon: [   0..357.5]
Number Of Attributes: 3
  _FillValue :	-1.073742e+09
  long_name :	Temporal tendency of moisture
  units :	kg/kg s**-1
(0)	Writing output files...
20051230 e01
 Copyright (C) 1995-2019 - All Rights Reserved
 University Corporation for Atmospheric Research
 NCAR Command Language Version 6.6.2
 The use of this software is governed by a License Agreement.
 See http://www.ncl.ucar.edu/ for more details.
(0)	Script started at: Mon Aug 24 20:35:45 AEST 2026
(0)	short2flt: input variable is already type float: SPECIFIC HUMIDITY ON P LEV/UV GRID
(0)	short2flt: no conversion performed
(0)	short2flt: input variable is already type float: U COMPNT OF WIND ON P LEV/UV GRID
(0)	short2flt: no conversion performed
(0)	short2flt: input variable is already type float: V COMPNT OF WIND ON P LEV/UV GRID
(0)	short2flt: no conversion performed
(0)	short2flt: input variable is already type float: W COMPNT OF WIND ON P LEV/UV GRID
(0)	short2flt: no conversion performed
(0)	Reading variables...

Variable: q
Type: float
Total Size: 838874880 bytes
            209718720 values
Number of Dimensions: 4
Dimensions and sizes:	[time | 279] x [z1_p_level | 12] x [lat | 145] x [lon | 432]
Coordinates: 
            time: [13148..13426]
            z1_p_level: [1000..100]
            lat: [-40..40]
            lon: [ 0..359.1667]
Number Of Attributes: 9
  standard_name :	specific_humidity
  long_name :	SPECIFIC HUMIDITY ON P LEV/UV GRID
  missing_value :	-1.073742e+09
  stash_section :	30
  units :	1
  lookup_source :	defaults (cdunifpp V0.14pre1)
  stash_model :	1
  stash_item :	205
  _FillValue :	-1.073742e+09

Variable: u
Type: float
Total Size: 838874880 bytes
            209718720 values
Number of Dimensions: 4
Dimensions and sizes:	[time | 279] x [z1_p_level | 12] x [lat | 145] x [lon | 432]
Coordinates: 
            time: [13148..13426]
            z1_p_level: [1000..100]
            lat: [-40..40]
            lon: [ 0..359.1667]
Number Of Attributes: 9
  standard_name :	eastward_wind
  long_name :	U COMPNT OF WIND ON P LEV/UV GRID
  missing_value :	-1.073742e+09
  stash_section :	30
  units :	m s-1
  lookup_source :	defaults (cdunifpp V0.14pre1)
  stash_model :	1
  stash_item :	201
  _FillValue :	-1.073742e+09

Variable: v
Type: float
Total Size: 838874880 bytes
            209718720 values
Number of Dimensions: 4
Dimensions and sizes:	[time | 279] x [z1_p_level | 12] x [lat | 145] x [lon | 432]
Coordinates: 
            time: [13148..13426]
            z1_p_level: [1000..100]
            lat: [-40..40]
            lon: [ 0..359.1667]
Number Of Attributes: 9
  standard_name :	northward_wind
  long_name :	V COMPNT OF WIND ON P LEV/UV GRID
  missing_value :	-1.073742e+09
  stash_section :	30
  units :	m s-1
  lookup_source :	defaults (cdunifpp V0.14pre1)
  stash_model :	1
  stash_item :	202
  _FillValue :	-1.073742e+09
(0)	u contains missing values
(0)	u filled
(0)	v contains missing values
(0)	v filled
(0)	q contains missing values
(0)	q filled
(0)	w contains missing values
(0)	w filled
(0)	Calculating advection of moisture...
(0)	Calculating temporal tendency of moisture...

Variable: dq_dt
Type: float
Total Size: 838874880 bytes
            209718720 values
Number of Dimensions: 4
Dimensions and sizes:	[time | 279] x [z1_p_level | 12] x [lat | 145] x [lon | 432]
Coordinates: 
            time: [13148..13426]
            z1_p_level: [1000..100]
            lat: [-40..40]
            lon: [ 0..359.1667]
Number Of Attributes: 3
  units :	kg/kg s**-1
  long_name :	Temporal tendency of moisture
  _FillValue :	-1.073742e+09
(0)	Temporal tendency of moisture (kg/kg s**-1) : min=-1.93566e-07   max=1.83621e-07
(0)	Calculating convergence of moisture...
(0)	Calculating moisture loss (gain) due to the condensational heating
(0)	Calculating horizontal convergence of moisture flux...

Variable: fo_q
Type: float
Total Size: 63638784 bytes
            15909696 values
Number of Dimensions: 4
Dimensions and sizes:	[time | 279] x [z1_p_level | 12] x [lat | 33] x [lon | 144]
Coordinates: 
            time: [13148..13426]
            z1_p_level: [1000..100]
            lat: [ -40..  40]
            lon: [   0..357.5]
Number Of Attributes: 9
  missing_value :	-1.073742e+09
  _FillValue :	-1.073742e+09
  stash_item :	205
  stash_model :	1
  lookup_source :	defaults (cdunifpp V0.14pre1)
  units :	kg/kg
  stash_section :	30
  long_name :	SPECIFIC HUMIDITY ON P LEV/UV GRID
  standard_name :	specific_humidity

Variable: fo_dq_dt
Type: float
Total Size: 63638784 bytes
            15909696 values
Number of Dimensions: 4
Dimensions and sizes:	[time | 279] x [z1_p_level | 12] x [lat | 33] x [lon | 144]
Coordinates: 
            time: [13148..13426]
            z1_p_level: [1000..100]
            lat: [ -40..  40]
            lon: [   0..357.5]
Number Of Attributes: 3
  _FillValue :	-1.073742e+09
  long_name :	Temporal tendency of moisture
  units :	kg/kg s**-1
(0)	Writing output files...
20051130 e01
 Copyright (C) 1995-2019 - All Rights Reserved
 University Corporation for Atmospheric Research
 NCAR Command Language Version 6.6.2
 The use of this software is governed by a License Agreement.
 See http://www.ncl.ucar.edu/ for more details.
(0)	Script started at: Mon Aug 24 20:35:14 AEST 2026
(0)	short2flt: input variable is already type float: SPECIFIC HUMIDITY ON P LEV/UV GRID
(0)	short2flt: no conversion performed
(0)	short2flt: input variable is already type float: U COMPNT OF WIND ON P LEV/UV GRID
(0)	short2flt: no conversion performed
(0)	short2flt: input variable is already type float: V COMPNT OF WIND ON P LEV/UV GRID
(0)	short2flt: no conversion performed
(0)	short2flt: input variable is already type float: W COMPNT OF WIND ON P LEV/UV GRID
(0)	short2flt: no conversion performed
(0)	Reading variables...

Variable: q
Type: float
Total Size: 838874880 bytes
            209718720 values
Number of Dimensions: 4
Dimensions and sizes:	[time | 279] x [z1_p_level | 12] x [lat | 145] x [lon | 432]
Coordinates: 
            time: [13118..13396]
            z1_p_level: [1000..100]
            lat: [-40..40]
            lon: [ 0..359.1667]
Number Of Attributes: 9
  standard_name :	specific_humidity
  long_name :	SPECIFIC HUMIDITY ON P LEV/UV GRID
  missing_value :	-1.073742e+09
  stash_section :	30
  units :	1
  lookup_source :	defaults (cdunifpp V0.14pre1)
  stash_model :	1
  stash_item :	205
  _FillValue :	-1.073742e+09

Variable: u
Type: float
Total Size: 838874880 bytes
            209718720 values
Number of Dimensions: 4
Dimensions and sizes:	[time | 279] x [z1_p_level | 12] x [lat | 145] x [lon | 432]
Coordinates: 
            time: [13118..13396]
            z1_p_level: [1000..100]
            lat: [-40..40]
            lon: [ 0..359.1667]
Number Of Attributes: 9
  standard_name :	eastward_wind
  long_name :	U COMPNT OF WIND ON P LEV/UV GRID
  missing_value :	-1.073742e+09
  stash_section :	30
  units :	m s-1
  lookup_source :	defaults (cdunifpp V0.14pre1)
  stash_model :	1
  stash_item :	201
  _FillValue :	-1.073742e+09

Variable: v
Type: float
Total Size: 838874880 bytes
            209718720 values
Number of Dimensions: 4
Dimensions and sizes:	[time | 279] x [z1_p_level | 12] x [lat | 145] x [lon | 432]
Coordinates: 
            time: [13118..13396]
            z1_p_level: [1000..100]
            lat: [-40..40]
            lon: [ 0..359.1667]
Number Of Attributes: 9
  standard_name :	northward_wind
  long_name :	V COMPNT OF WIND ON P LEV/UV GRID
  missing_value :	-1.073742e+09
  stash_section :	30
  units :	m s-1
  lookup_source :	defaults (cdunifpp V0.14pre1)
  stash_model :	1
  stash_item :	202
  _FillValue :	-1.073742e+09
(0)	u contains missing values
(0)	u filled
(0)	v contains missing values
(0)	v filled
(0)	q contains missing values
(0)	q filled
(0)	w contains missing values
(0)	w filled
(0)	Calculating advection of moisture...
(0)	Calculating temporal tendency of moisture...

Variable: dq_dt
Type: float
Total Size: 838874880 bytes
            209718720 values
Number of Dimensions: 4
Dimensions and sizes:	[time | 279] x [z1_p_level | 12] x [lat | 145] x [lon | 432]
Coordinates: 
            time: [13118..13396]
            z1_p_level: [1000..100]
            lat: [-40..40]
            lon: [ 0..359.1667]
Number Of Attributes: 3
  units :	kg/kg s**-1
  long_name :	Temporal tendency of moisture
  _FillValue :	-1.073742e+09
(0)	Temporal tendency of moisture (kg/kg s**-1) : min=-1.77133e-07   max=1.87888e-07
(0)	Calculating convergence of moisture...
(0)	Calculating moisture loss (gain) due to the condensational heating
(0)	Calculating horizontal convergence of moisture flux...

Variable: fo_q
Type: float
Total Size: 63638784 bytes
            15909696 values
Number of Dimensions: 4
Dimensions and sizes:	[time | 279] x [z1_p_level | 12] x [lat | 33] x [lon | 144]
Coordinates: 
            time: [13118..13396]
            z1_p_level: [1000..100]
            lat: [ -40..  40]
            lon: [   0..357.5]
Number Of Attributes: 9
  missing_value :	-1.073742e+09
  _FillValue :	-1.073742e+09
  stash_item :	205
  stash_model :	1
  lookup_source :	defaults (cdunifpp V0.14pre1)
  units :	kg/kg
  stash_section :	30
  long_name :	SPECIFIC HUMIDITY ON P LEV/UV GRID
  standard_name :	specific_humidity

Variable: fo_dq_dt
Type: float
Total Size: 63638784 bytes
            15909696 values
Number of Dimensions: 4
Dimensions and sizes:	[time | 279] x [z1_p_level | 12] x [lat | 33] x [lon | 144]
Coordinates: 
            time: [13118..13396]
            z1_p_level: [1000..100]
            lat: [ -40..  40]
            lon: [   0..357.5]
Number Of Attributes: 3
  _FillValue :	-1.073742e+09
  long_name :	Temporal tendency of moisture
  units :	kg/kg s**-1
(0)	Writing output files...
20051231 e01
 Copyright (C) 1995-2019 - All Rights Reserved
 University Corporation for Atmospheric Research
 NCAR Command Language Version 6.6.2
 The use of this software is governed by a License Agreement.
 See http://www.ncl.ucar.edu/ for more details.
(0)	Script started at: Mon Aug 24 20:36:03 AEST 2026
(0)	short2flt: input variable is already type float: SPECIFIC HUMIDITY ON P LEV/UV GRID
(0)	short2flt: no conversion performed
(0)	short2flt: input variable is already type float: U COMPNT OF WIND ON P LEV/UV GRID
(0)	short2flt: no conversion performed
(0)	short2flt: input variable is already type float: V COMPNT OF WIND ON P LEV/UV GRID
(0)	short2flt: no conversion performed
(0)	short2flt: input variable is already type float: W COMPNT OF WIND ON P LEV/UV GRID
(0)	short2flt: no conversion performed
(0)	Reading variables...

Variable: q
Type: float
Total Size: 838874880 bytes
            209718720 values
Number of Dimensions: 4
Dimensions and sizes:	[time | 279] x [z1_p_level | 12] x [lat | 145] x [lon | 432]
Coordinates: 
            time: [13149..13427]
            z1_p_level: [1000..100]
            lat: [-40..40]
            lon: [ 0..359.1667]
Number Of Attributes: 9
  standard_name :	specific_humidity
  long_name :	SPECIFIC HUMIDITY ON P LEV/UV GRID
  missing_value :	-1.073742e+09
  stash_section :	30
  units :	1
  lookup_source :	defaults (cdunifpp V0.14pre1)
  stash_model :	1
  stash_item :	205
  _FillValue :	-1.073742e+09

Variable: u
Type: float
Total Size: 838874880 bytes
            209718720 values
Number of Dimensions: 4
Dimensions and sizes:	[time | 279] x [z1_p_level | 12] x [lat | 145] x [lon | 432]
Coordinates: 
            time: [13149..13427]
            z1_p_level: [1000..100]
            lat: [-40..40]
            lon: [ 0..359.1667]
Number Of Attributes: 9
  standard_name :	eastward_wind
  long_name :	U COMPNT OF WIND ON P LEV/UV GRID
  missing_value :	-1.073742e+09
  stash_section :	30
  units :	m s-1
  lookup_source :	defaults (cdunifpp V0.14pre1)
  stash_model :	1
  stash_item :	201
  _FillValue :	-1.073742e+09

Variable: v
Type: float
Total Size: 838874880 bytes
            209718720 values
Number of Dimensions: 4
Dimensions and sizes:	[time | 279] x [z1_p_level | 12] x [lat | 145] x [lon | 432]
Coordinates: 
            time: [13149..13427]
            z1_p_level: [1000..100]
            lat: [-40..40]
            lon: [ 0..359.1667]
Number Of Attributes: 9
  standard_name :	northward_wind
  long_name :	V COMPNT OF WIND ON P LEV/UV GRID
  missing_value :	-1.073742e+09
  stash_section :	30
  units :	m s-1
  lookup_source :	defaults (cdunifpp V0.14pre1)
  stash_model :	1
  stash_item :	202
  _FillValue :	-1.073742e+09
(0)	u contains missing values
(0)	u filled
(0)	v contains missing values
(0)	v filled
(0)	q contains missing values
(0)	q filled
(0)	w contains missing values
(0)	w filled
(0)	Calculating advection of moisture...
(0)	Calculating temporal tendency of moisture...

Variable: dq_dt
Type: float
Total Size: 838874880 bytes
            209718720 values
Number of Dimensions: 4
Dimensions and sizes:	[time | 279] x [z1_p_level | 12] x [lat | 145] x [lon | 432]
Coordinates: 
            time: [13149..13427]
            z1_p_level: [1000..100]
            lat: [-40..40]
            lon: [ 0..359.1667]
Number Of Attributes: 3
  units :	kg/kg s**-1
  long_name :	Temporal tendency of moisture
  _FillValue :	-1.073742e+09
(0)	Temporal tendency of moisture (kg/kg s**-1) : min=-1.81381e-07   max=2.042e-07
(0)	Calculating convergence of moisture...
(0)	Calculating moisture loss (gain) due to the condensational heating
(0)	Calculating horizontal convergence of moisture flux...

Variable: fo_q
Type: float
Total Size: 63638784 bytes
            15909696 values
Number of Dimensions: 4
Dimensions and sizes:	[time | 279] x [z1_p_level | 12] x [lat | 33] x [lon | 144]
Coordinates: 
            time: [13149..13427]
            z1_p_level: [1000..100]
            lat: [ -40..  40]
            lon: [   0..357.5]
Number Of Attributes: 9
  missing_value :	-1.073742e+09
  _FillValue :	-1.073742e+09
  stash_item :	205
  stash_model :	1
  lookup_source :	defaults (cdunifpp V0.14pre1)
  units :	kg/kg
  stash_section :	30
  long_name :	SPECIFIC HUMIDITY ON P LEV/UV GRID
  standard_name :	specific_humidity

Variable: fo_dq_dt
Type: float
Total Size: 63638784 bytes
            15909696 values
Number of Dimensions: 4
Dimensions and sizes:	[time | 279] x [z1_p_level | 12] x [lat | 33] x [lon | 144]
Coordinates: 
            time: [13149..13427]
            z1_p_level: [1000..100]
            lat: [ -40..  40]
            lon: [   0..357.5]
Number Of Attributes: 3
  _FillValue :	-1.073742e+09
  long_name :	Temporal tendency of moisture
  units :	kg/kg s**-1
(0)	Writing output files...
20060101 e01
 Copyright (C) 1995-2019 - All Rights Reserved
 University Corporation for Atmospheric Research
 NCAR Command Language Version 6.6.2
 The use of this software is governed by a License Agreement.
 See http://www.ncl.ucar.edu/ for more details.
(0)	Script started at: Mon Aug 24 20:37:11 AEST 2026
(0)	short2flt: input variable is already type float: SPECIFIC HUMIDITY ON P LEV/UV GRID
(0)	short2flt: no conversion performed
(0)	short2flt: input variable is already type float: U COMPNT OF WIND ON P LEV/UV GRID
(0)	short2flt: no conversion performed
(0)	short2flt: input variable is already type float: V COMPNT OF WIND ON P LEV/UV GRID
(0)	short2flt: no conversion performed
(0)	short2flt: input variable is already type float: W COMPNT OF WIND ON P LEV/UV GRID
(0)	short2flt: no conversion performed
(0)	Reading variables...

Variable: q
Type: float
Total Size: 838874880 bytes
            209718720 values
Number of Dimensions: 4
Dimensions and sizes:	[time | 279] x [z1_p_level | 12] x [lat | 145] x [lon | 432]
Coordinates: 
            time: [13150..13428]
            z1_p_level: [1000..100]
            lat: [-40..40]
            lon: [ 0..359.1667]
Number Of Attributes: 9
  standard_name :	specific_humidity
  long_name :	SPECIFIC HUMIDITY ON P LEV/UV GRID
  missing_value :	-1.073742e+09
  stash_section :	30
  units :	1
  lookup_source :	defaults (cdunifpp V0.14pre1)
  stash_model :	1
  stash_item :	205
  _FillValue :	-1.073742e+09

Variable: u
Type: float
Total Size: 838874880 bytes
            209718720 values
Number of Dimensions: 4
Dimensions and sizes:	[time | 279] x [z1_p_level | 12] x [lat | 145] x [lon | 432]
Coordinates: 
            time: [13150..13428]
            z1_p_level: [1000..100]
            lat: [-40..40]
            lon: [ 0..359.1667]
Number Of Attributes: 9
  standard_name :	eastward_wind
  long_name :	U COMPNT OF WIND ON P LEV/UV GRID
  missing_value :	-1.073742e+09
  stash_section :	30
  units :	m s-1
  lookup_source :	defaults (cdunifpp V0.14pre1)
  stash_model :	1
  stash_item :	201
  _FillValue :	-1.073742e+09

Variable: v
Type: float
Total Size: 838874880 bytes
            209718720 values
Number of Dimensions: 4
Dimensions and sizes:	[time | 279] x [z1_p_level | 12] x [lat | 145] x [lon | 432]
Coordinates: 
            time: [13150..13428]
            z1_p_level: [1000..100]
            lat: [-40..40]
            lon: [ 0..359.1667]
Number Of Attributes: 9
  standard_name :	northward_wind
  long_name :	V COMPNT OF WIND ON P LEV/UV GRID
  missing_value :	-1.073742e+09
  stash_section :	30
  units :	m s-1
  lookup_source :	defaults (cdunifpp V0.14pre1)
  stash_model :	1
  stash_item :	202
  _FillValue :	-1.073742e+09
(0)	u contains missing values
(0)	u filled
(0)	v contains missing values
(0)	v filled
(0)	q contains missing values
(0)	q filled
(0)	w contains missing values
(0)	w filled
(0)	Calculating advection of moisture...
(0)	Calculating temporal tendency of moisture...

Variable: dq_dt
Type: float
Total Size: 838874880 bytes
            209718720 values
Number of Dimensions: 4
Dimensions and sizes:	[time | 279] x [z1_p_level | 12] x [lat | 145] x [lon | 432]
Coordinates: 
            time: [13150..13428]
            z1_p_level: [1000..100]
            lat: [-40..40]
            lon: [ 0..359.1667]
Number Of Attributes: 3
  units :	kg/kg s**-1
  long_name :	Temporal tendency of moisture
  _FillValue :	-1.073742e+09
(0)	Temporal tendency of moisture (kg/kg s**-1) : min=-1.77536e-07   max=1.70381e-07
(0)	Calculating convergence of moisture...
(0)	Calculating moisture loss (gain) due to the condensational heating
(0)	Calculating horizontal convergence of moisture flux...

Variable: fo_q
Type: float
Total Size: 63638784 bytes
            15909696 values
Number of Dimensions: 4
Dimensions and sizes:	[time | 279] x [z1_p_level | 12] x [lat | 33] x [lon | 144]
Coordinates: 
            time: [13150..13428]
            z1_p_level: [1000..100]
            lat: [ -40..  40]
            lon: [   0..357.5]
Number Of Attributes: 9
  missing_value :	-1.073742e+09
  _FillValue :	-1.073742e+09
  stash_item :	205
  stash_model :	1
  lookup_source :	defaults (cdunifpp V0.14pre1)
  units :	kg/kg
  stash_section :	30
  long_name :	SPECIFIC HUMIDITY ON P LEV/UV GRID
  standard_name :	specific_humidity

Variable: fo_dq_dt
Type: float
Total Size: 63638784 bytes
            15909696 values
Number of Dimensions: 4
Dimensions and sizes:	[time | 279] x [z1_p_level | 12] x [lat | 33] x [lon | 144]
Coordinates: 
            time: [13150..13428]
            z1_p_level: [1000..100]
            lat: [ -40..  40]
            lon: [   0..357.5]
Number Of Attributes: 3
  _FillValue :	-1.073742e+09
  long_name :	Temporal tendency of moisture
  units :	kg/kg s**-1
(0)	Writing output files...

======================================================================================
                  Resource Usage on 2026-08-24 20:44:03:
   Job Id:             177220739.gadi-pbs
   Project:            v46
   Exit Status:        0
   Service Units:      81.37
   NCPUs Requested:    20                  CPU Time Used: 12:54:33        
   Memory Requested:   200.0GB               Memory Used: 200.0GB         
   Walltime Requested: 15:00:00            Walltime Used: 02:55:46        
   JobFS Requested:    300.0GB                JobFS Used: 185.0B          
======================================================================================
