Loading conda/analysis3-26.07
  Loading requirement: singularity
/g/data/xp65/public/apps/med_conda/envs/analysis3-26.07/lib/python3.12/site-packages/sitecustomize.py:72: UserWarning: Pandas requires version '2.10.2' or newer of 'numexpr' (version '2.10.1' currently installed).
  mod = _real_import(name, globals, locals, fromlist, level)
/g/data/xp65/public/apps/med_conda/envs/analysis3-26.07/lib/python3.12/site-packages/argopy/utils/lists.py:38: UserWarning: An error occurred while loading the ERDDAP data fetcher, it will not be available !
<class 'ImportError'>
cannot import name '_quote_string_constraints' from 'erddapy.erddapy' (/g/data/xp65/public/apps/med_conda/envs/analysis3-26.07/lib/python3.12/site-packages/erddapy/erddapy.py)
  warnings.warn(
/g/data/xp65/public/apps/med_conda/envs/analysis3-26.07/lib/python3.12/site-packages/argopy/utils/lists.py:50: UserWarning: An error occurred while loading the ArgoVis data fetcher, it will not be available !
<class 'ImportError'>
cannot import name '_quote_string_constraints' from 'erddapy.erddapy' (/g/data/xp65/public/apps/med_conda/envs/analysis3-26.07/lib/python3.12/site-packages/erddapy/erddapy.py)
  warnings.warn(
/g/data/xp65/public/apps/med_conda/envs/analysis3-26.07/lib/python3.12/site-packages/argopy/utils/lists.py:66: UserWarning: An error occurred while loading the GDAC data fetcher, it will not be available !
<class 'ImportError'>
cannot import name '_quote_string_constraints' from 'erddapy.erddapy' (/g/data/xp65/public/apps/med_conda/envs/analysis3-26.07/lib/python3.12/site-packages/erddapy/erddapy.py)
  warnings.warn(
/g/data/xp65/public/apps/med_conda/envs/analysis3-26.07/lib/python3.12/site-packages/argopy/utils/lists.py:91: UserWarning: An error occurred while loading the ERDDAP index fetcher, it will not be available !
<class 'ImportError'>
cannot import name '_quote_string_constraints' from 'erddapy.erddapy' (/g/data/xp65/public/apps/med_conda/envs/analysis3-26.07/lib/python3.12/site-packages/erddapy/erddapy.py)
  warnings.warn(
/g/data/xp65/public/apps/med_conda/envs/analysis3-26.07/lib/python3.12/site-packages/argopy/utils/lists.py:107: UserWarning: An error occurred while loading the GDAC index fetcher, it will not be available !
<class 'ImportError'>
cannot import name '_quote_string_constraints' from 'erddapy.erddapy' (/g/data/xp65/public/apps/med_conda/envs/analysis3-26.07/lib/python3.12/site-packages/erddapy/erddapy.py)
  warnings.warn(
/home/563/fm6730/.local/lib/python3.12/site-packages/xarray/backends/plugins.py:109: RuntimeWarning: Engine 'argo' loading failed:
cannot import name '_quote_string_constraints' from 'erddapy.erddapy' (/g/data/xp65/public/apps/med_conda/envs/analysis3-26.07/lib/python3.12/site-packages/erddapy/erddapy.py)
  external_backend_entrypoints = backends_dict_from_pkg(entrypoints_unique)
Traceback (most recent call last):
  File "/home/563/fm6730/.local/lib/python3.12/site-packages/xarray/backends/file_manager.py", line 219, in _acquire_with_cache_info
    file = self._cache[self._key]
           ~~~~~~~~~~~^^^^^^^^^^^
  File "/home/563/fm6730/.local/lib/python3.12/site-packages/xarray/backends/lru_cache.py", line 56, in __getitem__
    value = self._cache[key]
            ~~~~~~~~~~~^^^^^
KeyError: [<class 'netCDF4._netCDF4.Dataset'>, ('/home/563/fm6730/localrepo/wave_vertical_heating/data/derived/q1_vert_structure/access-s2/e03/da_q1q2_yanai_20140629_e03_remap.nc',), 'r', (('clobber', True), ('diskless', False), ('format', 'NETCDF4'), ('persist', False)), 'bc31ec09-41af-4f4a-ae1e-df27aedf2dd5']

During handling of the above exception, another exception occurred:

Traceback (most recent call last):
  File "/home/563/fm6730/localrepo/wave_vertical_heating/scripts/utilities/compression_s2s_q1.py", line 14, in <module>
    ds = xr.open_dataset(file)
         ^^^^^^^^^^^^^^^^^^^^^
  File "/home/563/fm6730/.local/lib/python3.12/site-packages/xarray/backends/api.py", line 607, in open_dataset
    backend_ds = backend.open_dataset(
                 ^^^^^^^^^^^^^^^^^^^^^
  File "/home/563/fm6730/.local/lib/python3.12/site-packages/xarray/backends/netCDF4_.py", line 771, in open_dataset
    store = NetCDF4DataStore.open(
            ^^^^^^^^^^^^^^^^^^^^^^
  File "/home/563/fm6730/.local/lib/python3.12/site-packages/xarray/backends/netCDF4_.py", line 529, in open
    return cls(manager, group=group, mode=mode, lock=lock, autoclose=autoclose)
           ^^^^^^^^^^^^^^^^^^^^^^^^^^^^^^^^^^^^^^^^^^^^^^^^^^^^^^^^^^^^^^^^^^^^
  File "/home/563/fm6730/.local/lib/python3.12/site-packages/xarray/backends/netCDF4_.py", line 429, in __init__
    self.format = self.ds.data_model
                  ^^^^^^^
  File "/home/563/fm6730/.local/lib/python3.12/site-packages/xarray/backends/netCDF4_.py", line 538, in ds
    return self._acquire()
           ^^^^^^^^^^^^^^^
  File "/home/563/fm6730/.local/lib/python3.12/site-packages/xarray/backends/netCDF4_.py", line 532, in _acquire
    with self._manager.acquire_context(needs_lock) as root:
  File "/g/data/xp65/public/apps/med_conda/envs/analysis3-26.07/lib/python3.12/contextlib.py", line 137, in __enter__
    return next(self.gen)
           ^^^^^^^^^^^^^^
  File "/home/563/fm6730/.local/lib/python3.12/site-packages/xarray/backends/file_manager.py", line 207, in acquire_context
    file, cached = self._acquire_with_cache_info(needs_lock)
                   ^^^^^^^^^^^^^^^^^^^^^^^^^^^^^^^^^^^^^^^^^
  File "/home/563/fm6730/.local/lib/python3.12/site-packages/xarray/backends/file_manager.py", line 225, in _acquire_with_cache_info
    file = self._opener(*self._args, **kwargs)
           ^^^^^^^^^^^^^^^^^^^^^^^^^^^^^^^^^^^
  File "src/netCDF4/_netCDF4.pyx", line 2521, in netCDF4._netCDF4.Dataset.__init__
  File "src/netCDF4/_netCDF4.pyx", line 2158, in netCDF4._netCDF4._ensure_nc_success
FileNotFoundError: [Errno 2] No such file or directory: '/home/563/fm6730/localrepo/wave_vertical_heating/data/derived/q1_vert_structure/access-s2/e03/da_q1q2_yanai_20140629_e03_remap.nc'
/g/data/xp65/public/apps/med_conda/envs/analysis3-26.07/lib/python3.12/site-packages/sitecustomize.py:72: UserWarning: Pandas requires version '2.10.2' or newer of 'numexpr' (version '2.10.1' currently installed).
  mod = _real_import(name, globals, locals, fromlist, level)
/g/data/xp65/public/apps/med_conda/envs/analysis3-26.07/lib/python3.12/site-packages/argopy/utils/lists.py:38: UserWarning: An error occurred while loading the ERDDAP data fetcher, it will not be available !
<class 'ImportError'>
cannot import name '_quote_string_constraints' from 'erddapy.erddapy' (/g/data/xp65/public/apps/med_conda/envs/analysis3-26.07/lib/python3.12/site-packages/erddapy/erddapy.py)
  warnings.warn(
/g/data/xp65/public/apps/med_conda/envs/analysis3-26.07/lib/python3.12/site-packages/argopy/utils/lists.py:50: UserWarning: An error occurred while loading the ArgoVis data fetcher, it will not be available !
<class 'ImportError'>
cannot import name '_quote_string_constraints' from 'erddapy.erddapy' (/g/data/xp65/public/apps/med_conda/envs/analysis3-26.07/lib/python3.12/site-packages/erddapy/erddapy.py)
  warnings.warn(
/g/data/xp65/public/apps/med_conda/envs/analysis3-26.07/lib/python3.12/site-packages/argopy/utils/lists.py:66: UserWarning: An error occurred while loading the GDAC data fetcher, it will not be available !
<class 'ImportError'>
cannot import name '_quote_string_constraints' from 'erddapy.erddapy' (/g/data/xp65/public/apps/med_conda/envs/analysis3-26.07/lib/python3.12/site-packages/erddapy/erddapy.py)
  warnings.warn(
/g/data/xp65/public/apps/med_conda/envs/analysis3-26.07/lib/python3.12/site-packages/argopy/utils/lists.py:91: UserWarning: An error occurred while loading the ERDDAP index fetcher, it will not be available !
<class 'ImportError'>
cannot import name '_quote_string_constraints' from 'erddapy.erddapy' (/g/data/xp65/public/apps/med_conda/envs/analysis3-26.07/lib/python3.12/site-packages/erddapy/erddapy.py)
  warnings.warn(
/g/data/xp65/public/apps/med_conda/envs/analysis3-26.07/lib/python3.12/site-packages/argopy/utils/lists.py:107: UserWarning: An error occurred while loading the GDAC index fetcher, it will not be available !
<class 'ImportError'>
cannot import name '_quote_string_constraints' from 'erddapy.erddapy' (/g/data/xp65/public/apps/med_conda/envs/analysis3-26.07/lib/python3.12/site-packages/erddapy/erddapy.py)
  warnings.warn(
/home/563/fm6730/.local/lib/python3.12/site-packages/xarray/backends/plugins.py:109: RuntimeWarning: Engine 'argo' loading failed:
cannot import name '_quote_string_constraints' from 'erddapy.erddapy' (/g/data/xp65/public/apps/med_conda/envs/analysis3-26.07/lib/python3.12/site-packages/erddapy/erddapy.py)
  external_backend_entrypoints = backends_dict_from_pkg(entrypoints_unique)
Traceback (most recent call last):
  File "/home/563/fm6730/.local/lib/python3.12/site-packages/xarray/backends/file_manager.py", line 219, in _acquire_with_cache_info
    file = self._cache[self._key]
           ~~~~~~~~~~~^^^^^^^^^^^
  File "/home/563/fm6730/.local/lib/python3.12/site-packages/xarray/backends/lru_cache.py", line 56, in __getitem__
    value = self._cache[key]
            ~~~~~~~~~~~^^^^^
KeyError: [<class 'netCDF4._netCDF4.Dataset'>, ('/home/563/fm6730/localrepo/wave_vertical_heating/data/derived/q1_vert_structure/access-s2/e03/da_q1q2_yanai_20140601_e03_remap.nc',), 'r', (('clobber', True), ('diskless', False), ('format', 'NETCDF4'), ('persist', False)), '18b6dcf4-6398-49ed-98c5-d22af59b766a']

During handling of the above exception, another exception occurred:

Traceback (most recent call last):
  File "/home/563/fm6730/localrepo/wave_vertical_heating/scripts/utilities/compression_s2s_q1.py", line 14, in <module>
    ds = xr.open_dataset(file)
         ^^^^^^^^^^^^^^^^^^^^^
  File "/home/563/fm6730/.local/lib/python3.12/site-packages/xarray/backends/api.py", line 607, in open_dataset
    backend_ds = backend.open_dataset(
                 ^^^^^^^^^^^^^^^^^^^^^
  File "/home/563/fm6730/.local/lib/python3.12/site-packages/xarray/backends/netCDF4_.py", line 771, in open_dataset
    store = NetCDF4DataStore.open(
            ^^^^^^^^^^^^^^^^^^^^^^
  File "/home/563/fm6730/.local/lib/python3.12/site-packages/xarray/backends/netCDF4_.py", line 529, in open
    return cls(manager, group=group, mode=mode, lock=lock, autoclose=autoclose)
           ^^^^^^^^^^^^^^^^^^^^^^^^^^^^^^^^^^^^^^^^^^^^^^^^^^^^^^^^^^^^^^^^^^^^
  File "/home/563/fm6730/.local/lib/python3.12/site-packages/xarray/backends/netCDF4_.py", line 429, in __init__
    self.format = self.ds.data_model
                  ^^^^^^^
  File "/home/563/fm6730/.local/lib/python3.12/site-packages/xarray/backends/netCDF4_.py", line 538, in ds
    return self._acquire()
           ^^^^^^^^^^^^^^^
  File "/home/563/fm6730/.local/lib/python3.12/site-packages/xarray/backends/netCDF4_.py", line 532, in _acquire
    with self._manager.acquire_context(needs_lock) as root:
  File "/g/data/xp65/public/apps/med_conda/envs/analysis3-26.07/lib/python3.12/contextlib.py", line 137, in __enter__
    return next(self.gen)
           ^^^^^^^^^^^^^^
  File "/home/563/fm6730/.local/lib/python3.12/site-packages/xarray/backends/file_manager.py", line 207, in acquire_context
    file, cached = self._acquire_with_cache_info(needs_lock)
                   ^^^^^^^^^^^^^^^^^^^^^^^^^^^^^^^^^^^^^^^^^
  File "/home/563/fm6730/.local/lib/python3.12/site-packages/xarray/backends/file_manager.py", line 225, in _acquire_with_cache_info
    file = self._opener(*self._args, **kwargs)
           ^^^^^^^^^^^^^^^^^^^^^^^^^^^^^^^^^^^
  File "src/netCDF4/_netCDF4.pyx", line 2521, in netCDF4._netCDF4.Dataset.__init__
  File "src/netCDF4/_netCDF4.pyx", line 2158, in netCDF4._netCDF4._ensure_nc_success
FileNotFoundError: [Errno 2] No such file or directory: '/home/563/fm6730/localrepo/wave_vertical_heating/data/derived/q1_vert_structure/access-s2/e03/da_q1q2_yanai_20140601_e03_remap.nc'
/g/data/xp65/public/apps/med_conda/envs/analysis3-26.07/lib/python3.12/site-packages/sitecustomize.py:72: UserWarning: Pandas requires version '2.10.2' or newer of 'numexpr' (version '2.10.1' currently installed).
  mod = _real_import(name, globals, locals, fromlist, level)
/g/data/xp65/public/apps/med_conda/envs/analysis3-26.07/lib/python3.12/site-packages/argopy/utils/lists.py:38: UserWarning: An error occurred while loading the ERDDAP data fetcher, it will not be available !
<class 'ImportError'>
cannot import name '_quote_string_constraints' from 'erddapy.erddapy' (/g/data/xp65/public/apps/med_conda/envs/analysis3-26.07/lib/python3.12/site-packages/erddapy/erddapy.py)
  warnings.warn(
/g/data/xp65/public/apps/med_conda/envs/analysis3-26.07/lib/python3.12/site-packages/argopy/utils/lists.py:50: UserWarning: An error occurred while loading the ArgoVis data fetcher, it will not be available !
<class 'ImportError'>
cannot import name '_quote_string_constraints' from 'erddapy.erddapy' (/g/data/xp65/public/apps/med_conda/envs/analysis3-26.07/lib/python3.12/site-packages/erddapy/erddapy.py)
  warnings.warn(
/g/data/xp65/public/apps/med_conda/envs/analysis3-26.07/lib/python3.12/site-packages/argopy/utils/lists.py:66: UserWarning: An error occurred while loading the GDAC data fetcher, it will not be available !
<class 'ImportError'>
cannot import name '_quote_string_constraints' from 'erddapy.erddapy' (/g/data/xp65/public/apps/med_conda/envs/analysis3-26.07/lib/python3.12/site-packages/erddapy/erddapy.py)
  warnings.warn(
/g/data/xp65/public/apps/med_conda/envs/analysis3-26.07/lib/python3.12/site-packages/argopy/utils/lists.py:91: UserWarning: An error occurred while loading the ERDDAP index fetcher, it will not be available !
<class 'ImportError'>
cannot import name '_quote_string_constraints' from 'erddapy.erddapy' (/g/data/xp65/public/apps/med_conda/envs/analysis3-26.07/lib/python3.12/site-packages/erddapy/erddapy.py)
  warnings.warn(
/g/data/xp65/public/apps/med_conda/envs/analysis3-26.07/lib/python3.12/site-packages/argopy/utils/lists.py:107: UserWarning: An error occurred while loading the GDAC index fetcher, it will not be available !
<class 'ImportError'>
cannot import name '_quote_string_constraints' from 'erddapy.erddapy' (/g/data/xp65/public/apps/med_conda/envs/analysis3-26.07/lib/python3.12/site-packages/erddapy/erddapy.py)
  warnings.warn(
/home/563/fm6730/.local/lib/python3.12/site-packages/xarray/backends/plugins.py:109: RuntimeWarning: Engine 'argo' loading failed:
cannot import name '_quote_string_constraints' from 'erddapy.erddapy' (/g/data/xp65/public/apps/med_conda/envs/analysis3-26.07/lib/python3.12/site-packages/erddapy/erddapy.py)
  external_backend_entrypoints = backends_dict_from_pkg(entrypoints_unique)
Traceback (most recent call last):
  File "/home/563/fm6730/.local/lib/python3.12/site-packages/xarray/backends/file_manager.py", line 219, in _acquire_with_cache_info
    file = self._cache[self._key]
           ~~~~~~~~~~~^^^^^^^^^^^
  File "/home/563/fm6730/.local/lib/python3.12/site-packages/xarray/backends/lru_cache.py", line 56, in __getitem__
    value = self._cache[key]
            ~~~~~~~~~~~^^^^^
KeyError: [<class 'netCDF4._netCDF4.Dataset'>, ('/home/563/fm6730/localrepo/wave_vertical_heating/data/derived/q1_vert_structure/access-s2/e03/da_q1q2_yanai_20141101_e03_remap.nc',), 'r', (('clobber', True), ('diskless', False), ('format', 'NETCDF4'), ('persist', False)), '388ac644-0c86-46ec-af54-dd4859eac58d']

During handling of the above exception, another exception occurred:

Traceback (most recent call last):
  File "/home/563/fm6730/localrepo/wave_vertical_heating/scripts/utilities/compression_s2s_q1.py", line 14, in <module>
    ds = xr.open_dataset(file)
         ^^^^^^^^^^^^^^^^^^^^^
  File "/home/563/fm6730/.local/lib/python3.12/site-packages/xarray/backends/api.py", line 607, in open_dataset
    backend_ds = backend.open_dataset(
                 ^^^^^^^^^^^^^^^^^^^^^
  File "/home/563/fm6730/.local/lib/python3.12/site-packages/xarray/backends/netCDF4_.py", line 771, in open_dataset
    store = NetCDF4DataStore.open(
            ^^^^^^^^^^^^^^^^^^^^^^
  File "/home/563/fm6730/.local/lib/python3.12/site-packages/xarray/backends/netCDF4_.py", line 529, in open
    return cls(manager, group=group, mode=mode, lock=lock, autoclose=autoclose)
           ^^^^^^^^^^^^^^^^^^^^^^^^^^^^^^^^^^^^^^^^^^^^^^^^^^^^^^^^^^^^^^^^^^^^
  File "/home/563/fm6730/.local/lib/python3.12/site-packages/xarray/backends/netCDF4_.py", line 429, in __init__
    self.format = self.ds.data_model
                  ^^^^^^^
  File "/home/563/fm6730/.local/lib/python3.12/site-packages/xarray/backends/netCDF4_.py", line 538, in ds
    return self._acquire()
           ^^^^^^^^^^^^^^^
  File "/home/563/fm6730/.local/lib/python3.12/site-packages/xarray/backends/netCDF4_.py", line 532, in _acquire
    with self._manager.acquire_context(needs_lock) as root:
  File "/g/data/xp65/public/apps/med_conda/envs/analysis3-26.07/lib/python3.12/contextlib.py", line 137, in __enter__
    return next(self.gen)
           ^^^^^^^^^^^^^^
  File "/home/563/fm6730/.local/lib/python3.12/site-packages/xarray/backends/file_manager.py", line 207, in acquire_context
    file, cached = self._acquire_with_cache_info(needs_lock)
                   ^^^^^^^^^^^^^^^^^^^^^^^^^^^^^^^^^^^^^^^^^
  File "/home/563/fm6730/.local/lib/python3.12/site-packages/xarray/backends/file_manager.py", line 225, in _acquire_with_cache_info
    file = self._opener(*self._args, **kwargs)
           ^^^^^^^^^^^^^^^^^^^^^^^^^^^^^^^^^^^
  File "src/netCDF4/_netCDF4.pyx", line 2521, in netCDF4._netCDF4.Dataset.__init__
  File "src/netCDF4/_netCDF4.pyx", line 2158, in netCDF4._netCDF4._ensure_nc_success
FileNotFoundError: [Errno 2] No such file or directory: '/home/563/fm6730/localrepo/wave_vertical_heating/data/derived/q1_vert_structure/access-s2/e03/da_q1q2_yanai_20141101_e03_remap.nc'
/g/data/xp65/public/apps/med_conda/envs/analysis3-26.07/lib/python3.12/site-packages/sitecustomize.py:72: UserWarning: Pandas requires version '2.10.2' or newer of 'numexpr' (version '2.10.1' currently installed).
  mod = _real_import(name, globals, locals, fromlist, level)
/g/data/xp65/public/apps/med_conda/envs/analysis3-26.07/lib/python3.12/site-packages/argopy/utils/lists.py:38: UserWarning: An error occurred while loading the ERDDAP data fetcher, it will not be available !
<class 'ImportError'>
cannot import name '_quote_string_constraints' from 'erddapy.erddapy' (/g/data/xp65/public/apps/med_conda/envs/analysis3-26.07/lib/python3.12/site-packages/erddapy/erddapy.py)
  warnings.warn(
/g/data/xp65/public/apps/med_conda/envs/analysis3-26.07/lib/python3.12/site-packages/argopy/utils/lists.py:50: UserWarning: An error occurred while loading the ArgoVis data fetcher, it will not be available !
<class 'ImportError'>
cannot import name '_quote_string_constraints' from 'erddapy.erddapy' (/g/data/xp65/public/apps/med_conda/envs/analysis3-26.07/lib/python3.12/site-packages/erddapy/erddapy.py)
  warnings.warn(
/g/data/xp65/public/apps/med_conda/envs/analysis3-26.07/lib/python3.12/site-packages/argopy/utils/lists.py:66: UserWarning: An error occurred while loading the GDAC data fetcher, it will not be available !
<class 'ImportError'>
cannot import name '_quote_string_constraints' from 'erddapy.erddapy' (/g/data/xp65/public/apps/med_conda/envs/analysis3-26.07/lib/python3.12/site-packages/erddapy/erddapy.py)
  warnings.warn(
/g/data/xp65/public/apps/med_conda/envs/analysis3-26.07/lib/python3.12/site-packages/argopy/utils/lists.py:91: UserWarning: An error occurred while loading the ERDDAP index fetcher, it will not be available !
<class 'ImportError'>
cannot import name '_quote_string_constraints' from 'erddapy.erddapy' (/g/data/xp65/public/apps/med_conda/envs/analysis3-26.07/lib/python3.12/site-packages/erddapy/erddapy.py)
  warnings.warn(
/g/data/xp65/public/apps/med_conda/envs/analysis3-26.07/lib/python3.12/site-packages/argopy/utils/lists.py:107: UserWarning: An error occurred while loading the GDAC index fetcher, it will not be available !
<class 'ImportError'>
cannot import name '_quote_string_constraints' from 'erddapy.erddapy' (/g/data/xp65/public/apps/med_conda/envs/analysis3-26.07/lib/python3.12/site-packages/erddapy/erddapy.py)
  warnings.warn(
/home/563/fm6730/.local/lib/python3.12/site-packages/xarray/backends/plugins.py:109: RuntimeWarning: Engine 'argo' loading failed:
cannot import name '_quote_string_constraints' from 'erddapy.erddapy' (/g/data/xp65/public/apps/med_conda/envs/analysis3-26.07/lib/python3.12/site-packages/erddapy/erddapy.py)
  external_backend_entrypoints = backends_dict_from_pkg(entrypoints_unique)
Traceback (most recent call last):
  File "/home/563/fm6730/.local/lib/python3.12/site-packages/xarray/backends/file_manager.py", line 219, in _acquire_with_cache_info
    file = self._cache[self._key]
           ~~~~~~~~~~~^^^^^^^^^^^
  File "/home/563/fm6730/.local/lib/python3.12/site-packages/xarray/backends/lru_cache.py", line 56, in __getitem__
    value = self._cache[key]
            ~~~~~~~~~~~^^^^^
KeyError: [<class 'netCDF4._netCDF4.Dataset'>, ('/home/563/fm6730/localrepo/wave_vertical_heating/data/derived/q1_vert_structure/access-s2/e03/da_q1q2_yanai_20140930_e03_remap.nc',), 'r', (('clobber', True), ('diskless', False), ('format', 'NETCDF4'), ('persist', False)), 'fd6ebc2c-fb67-4a13-ab46-4f652d1d7267']

During handling of the above exception, another exception occurred:

Traceback (most recent call last):
  File "/home/563/fm6730/localrepo/wave_vertical_heating/scripts/utilities/compression_s2s_q1.py", line 14, in <module>
    ds = xr.open_dataset(file)
         ^^^^^^^^^^^^^^^^^^^^^
  File "/home/563/fm6730/.local/lib/python3.12/site-packages/xarray/backends/api.py", line 607, in open_dataset
    backend_ds = backend.open_dataset(
                 ^^^^^^^^^^^^^^^^^^^^^
  File "/home/563/fm6730/.local/lib/python3.12/site-packages/xarray/backends/netCDF4_.py", line 771, in open_dataset
    store = NetCDF4DataStore.open(
            ^^^^^^^^^^^^^^^^^^^^^^
  File "/home/563/fm6730/.local/lib/python3.12/site-packages/xarray/backends/netCDF4_.py", line 529, in open
    return cls(manager, group=group, mode=mode, lock=lock, autoclose=autoclose)
           ^^^^^^^^^^^^^^^^^^^^^^^^^^^^^^^^^^^^^^^^^^^^^^^^^^^^^^^^^^^^^^^^^^^^
  File "/home/563/fm6730/.local/lib/python3.12/site-packages/xarray/backends/netCDF4_.py", line 429, in __init__
    self.format = self.ds.data_model
                  ^^^^^^^
  File "/home/563/fm6730/.local/lib/python3.12/site-packages/xarray/backends/netCDF4_.py", line 538, in ds
    return self._acquire()
           ^^^^^^^^^^^^^^^
  File "/home/563/fm6730/.local/lib/python3.12/site-packages/xarray/backends/netCDF4_.py", line 532, in _acquire
    with self._manager.acquire_context(needs_lock) as root:
  File "/g/data/xp65/public/apps/med_conda/envs/analysis3-26.07/lib/python3.12/contextlib.py", line 137, in __enter__
    return next(self.gen)
           ^^^^^^^^^^^^^^
  File "/home/563/fm6730/.local/lib/python3.12/site-packages/xarray/backends/file_manager.py", line 207, in acquire_context
    file, cached = self._acquire_with_cache_info(needs_lock)
                   ^^^^^^^^^^^^^^^^^^^^^^^^^^^^^^^^^^^^^^^^^
  File "/home/563/fm6730/.local/lib/python3.12/site-packages/xarray/backends/file_manager.py", line 225, in _acquire_with_cache_info
    file = self._opener(*self._args, **kwargs)
           ^^^^^^^^^^^^^^^^^^^^^^^^^^^^^^^^^^^
  File "src/netCDF4/_netCDF4.pyx", line 2521, in netCDF4._netCDF4.Dataset.__init__
  File "src/netCDF4/_netCDF4.pyx", line 2158, in netCDF4._netCDF4._ensure_nc_success
FileNotFoundError: [Errno 2] No such file or directory: '/home/563/fm6730/localrepo/wave_vertical_heating/data/derived/q1_vert_structure/access-s2/e03/da_q1q2_yanai_20140930_e03_remap.nc'
/g/data/xp65/public/apps/med_conda/envs/analysis3-26.07/lib/python3.12/site-packages/sitecustomize.py:72: UserWarning: Pandas requires version '2.10.2' or newer of 'numexpr' (version '2.10.1' currently installed).
  mod = _real_import(name, globals, locals, fromlist, level)
/g/data/xp65/public/apps/med_conda/envs/analysis3-26.07/lib/python3.12/site-packages/argopy/utils/lists.py:38: UserWarning: An error occurred while loading the ERDDAP data fetcher, it will not be available !
<class 'ImportError'>
cannot import name '_quote_string_constraints' from 'erddapy.erddapy' (/g/data/xp65/public/apps/med_conda/envs/analysis3-26.07/lib/python3.12/site-packages/erddapy/erddapy.py)
  warnings.warn(
/g/data/xp65/public/apps/med_conda/envs/analysis3-26.07/lib/python3.12/site-packages/argopy/utils/lists.py:50: UserWarning: An error occurred while loading the ArgoVis data fetcher, it will not be available !
<class 'ImportError'>
cannot import name '_quote_string_constraints' from 'erddapy.erddapy' (/g/data/xp65/public/apps/med_conda/envs/analysis3-26.07/lib/python3.12/site-packages/erddapy/erddapy.py)
  warnings.warn(
/g/data/xp65/public/apps/med_conda/envs/analysis3-26.07/lib/python3.12/site-packages/argopy/utils/lists.py:66: UserWarning: An error occurred while loading the GDAC data fetcher, it will not be available !
<class 'ImportError'>
cannot import name '_quote_string_constraints' from 'erddapy.erddapy' (/g/data/xp65/public/apps/med_conda/envs/analysis3-26.07/lib/python3.12/site-packages/erddapy/erddapy.py)
  warnings.warn(
/g/data/xp65/public/apps/med_conda/envs/analysis3-26.07/lib/python3.12/site-packages/argopy/utils/lists.py:91: UserWarning: An error occurred while loading the ERDDAP index fetcher, it will not be available !
<class 'ImportError'>
cannot import name '_quote_string_constraints' from 'erddapy.erddapy' (/g/data/xp65/public/apps/med_conda/envs/analysis3-26.07/lib/python3.12/site-packages/erddapy/erddapy.py)
  warnings.warn(
/g/data/xp65/public/apps/med_conda/envs/analysis3-26.07/lib/python3.12/site-packages/argopy/utils/lists.py:107: UserWarning: An error occurred while loading the GDAC index fetcher, it will not be available !
<class 'ImportError'>
cannot import name '_quote_string_constraints' from 'erddapy.erddapy' (/g/data/xp65/public/apps/med_conda/envs/analysis3-26.07/lib/python3.12/site-packages/erddapy/erddapy.py)
  warnings.warn(
/home/563/fm6730/.local/lib/python3.12/site-packages/xarray/backends/plugins.py:109: RuntimeWarning: Engine 'argo' loading failed:
cannot import name '_quote_string_constraints' from 'erddapy.erddapy' (/g/data/xp65/public/apps/med_conda/envs/analysis3-26.07/lib/python3.12/site-packages/erddapy/erddapy.py)
  external_backend_entrypoints = backends_dict_from_pkg(entrypoints_unique)
Traceback (most recent call last):
  File "/home/563/fm6730/.local/lib/python3.12/site-packages/xarray/backends/file_manager.py", line 219, in _acquire_with_cache_info
    file = self._cache[self._key]
           ~~~~~~~~~~~^^^^^^^^^^^
  File "/home/563/fm6730/.local/lib/python3.12/site-packages/xarray/backends/lru_cache.py", line 56, in __getitem__
    value = self._cache[key]
            ~~~~~~~~~~~^^^^^
KeyError: [<class 'netCDF4._netCDF4.Dataset'>, ('/home/563/fm6730/localrepo/wave_vertical_heating/data/derived/q1_vert_structure/access-s2/e03/da_q1q2_yanai_20140731_e03_remap.nc',), 'r', (('clobber', True), ('diskless', False), ('format', 'NETCDF4'), ('persist', False)), '87ae33c4-d42c-41f8-919e-b9224fd2324f']

During handling of the above exception, another exception occurred:

Traceback (most recent call last):
  File "/home/563/fm6730/localrepo/wave_vertical_heating/scripts/utilities/compression_s2s_q1.py", line 14, in <module>
    ds = xr.open_dataset(file)
         ^^^^^^^^^^^^^^^^^^^^^
  File "/home/563/fm6730/.local/lib/python3.12/site-packages/xarray/backends/api.py", line 607, in open_dataset
    backend_ds = backend.open_dataset(
                 ^^^^^^^^^^^^^^^^^^^^^
  File "/home/563/fm6730/.local/lib/python3.12/site-packages/xarray/backends/netCDF4_.py", line 771, in open_dataset
    store = NetCDF4DataStore.open(
            ^^^^^^^^^^^^^^^^^^^^^^
  File "/home/563/fm6730/.local/lib/python3.12/site-packages/xarray/backends/netCDF4_.py", line 529, in open
    return cls(manager, group=group, mode=mode, lock=lock, autoclose=autoclose)
           ^^^^^^^^^^^^^^^^^^^^^^^^^^^^^^^^^^^^^^^^^^^^^^^^^^^^^^^^^^^^^^^^^^^^
  File "/home/563/fm6730/.local/lib/python3.12/site-packages/xarray/backends/netCDF4_.py", line 429, in __init__
    self.format = self.ds.data_model
                  ^^^^^^^
  File "/home/563/fm6730/.local/lib/python3.12/site-packages/xarray/backends/netCDF4_.py", line 538, in ds
    return self._acquire()
           ^^^^^^^^^^^^^^^
  File "/home/563/fm6730/.local/lib/python3.12/site-packages/xarray/backends/netCDF4_.py", line 532, in _acquire
    with self._manager.acquire_context(needs_lock) as root:
  File "/g/data/xp65/public/apps/med_conda/envs/analysis3-26.07/lib/python3.12/contextlib.py", line 137, in __enter__
    return next(self.gen)
           ^^^^^^^^^^^^^^
  File "/home/563/fm6730/.local/lib/python3.12/site-packages/xarray/backends/file_manager.py", line 207, in acquire_context
    file, cached = self._acquire_with_cache_info(needs_lock)
                   ^^^^^^^^^^^^^^^^^^^^^^^^^^^^^^^^^^^^^^^^^
  File "/home/563/fm6730/.local/lib/python3.12/site-packages/xarray/backends/file_manager.py", line 225, in _acquire_with_cache_info
    file = self._opener(*self._args, **kwargs)
           ^^^^^^^^^^^^^^^^^^^^^^^^^^^^^^^^^^^
  File "src/netCDF4/_netCDF4.pyx", line 2521, in netCDF4._netCDF4.Dataset.__init__
  File "src/netCDF4/_netCDF4.pyx", line 2158, in netCDF4._netCDF4._ensure_nc_success
FileNotFoundError: [Errno 2] No such file or directory: '/home/563/fm6730/localrepo/wave_vertical_heating/data/derived/q1_vert_structure/access-s2/e03/da_q1q2_yanai_20140731_e03_remap.nc'
/g/data/xp65/public/apps/med_conda/envs/analysis3-26.07/lib/python3.12/site-packages/sitecustomize.py:72: UserWarning: Pandas requires version '2.10.2' or newer of 'numexpr' (version '2.10.1' currently installed).
  mod = _real_import(name, globals, locals, fromlist, level)
/g/data/xp65/public/apps/med_conda/envs/analysis3-26.07/lib/python3.12/site-packages/argopy/utils/lists.py:38: UserWarning: An error occurred while loading the ERDDAP data fetcher, it will not be available !
<class 'ImportError'>
cannot import name '_quote_string_constraints' from 'erddapy.erddapy' (/g/data/xp65/public/apps/med_conda/envs/analysis3-26.07/lib/python3.12/site-packages/erddapy/erddapy.py)
  warnings.warn(
/g/data/xp65/public/apps/med_conda/envs/analysis3-26.07/lib/python3.12/site-packages/argopy/utils/lists.py:50: UserWarning: An error occurred while loading the ArgoVis data fetcher, it will not be available !
<class 'ImportError'>
cannot import name '_quote_string_constraints' from 'erddapy.erddapy' (/g/data/xp65/public/apps/med_conda/envs/analysis3-26.07/lib/python3.12/site-packages/erddapy/erddapy.py)
  warnings.warn(
/g/data/xp65/public/apps/med_conda/envs/analysis3-26.07/lib/python3.12/site-packages/argopy/utils/lists.py:66: UserWarning: An error occurred while loading the GDAC data fetcher, it will not be available !
<class 'ImportError'>
cannot import name '_quote_string_constraints' from 'erddapy.erddapy' (/g/data/xp65/public/apps/med_conda/envs/analysis3-26.07/lib/python3.12/site-packages/erddapy/erddapy.py)
  warnings.warn(
/g/data/xp65/public/apps/med_conda/envs/analysis3-26.07/lib/python3.12/site-packages/argopy/utils/lists.py:91: UserWarning: An error occurred while loading the ERDDAP index fetcher, it will not be available !
<class 'ImportError'>
cannot import name '_quote_string_constraints' from 'erddapy.erddapy' (/g/data/xp65/public/apps/med_conda/envs/analysis3-26.07/lib/python3.12/site-packages/erddapy/erddapy.py)
  warnings.warn(
/g/data/xp65/public/apps/med_conda/envs/analysis3-26.07/lib/python3.12/site-packages/argopy/utils/lists.py:107: UserWarning: An error occurred while loading the GDAC index fetcher, it will not be available !
<class 'ImportError'>
cannot import name '_quote_string_constraints' from 'erddapy.erddapy' (/g/data/xp65/public/apps/med_conda/envs/analysis3-26.07/lib/python3.12/site-packages/erddapy/erddapy.py)
  warnings.warn(
/home/563/fm6730/.local/lib/python3.12/site-packages/xarray/backends/plugins.py:109: RuntimeWarning: Engine 'argo' loading failed:
cannot import name '_quote_string_constraints' from 'erddapy.erddapy' (/g/data/xp65/public/apps/med_conda/envs/analysis3-26.07/lib/python3.12/site-packages/erddapy/erddapy.py)
  external_backend_entrypoints = backends_dict_from_pkg(entrypoints_unique)
Traceback (most recent call last):
  File "/home/563/fm6730/.local/lib/python3.12/site-packages/xarray/backends/file_manager.py", line 219, in _acquire_with_cache_info
    file = self._cache[self._key]
           ~~~~~~~~~~~^^^^^^^^^^^
  File "/home/563/fm6730/.local/lib/python3.12/site-packages/xarray/backends/lru_cache.py", line 56, in __getitem__
    value = self._cache[key]
            ~~~~~~~~~~~^^^^^
KeyError: [<class 'netCDF4._netCDF4.Dataset'>, ('/home/563/fm6730/localrepo/wave_vertical_heating/data/derived/q1_vert_structure/access-s2/e03/da_q1q2_yanai_20140901_e03_remap.nc',), 'r', (('clobber', True), ('diskless', False), ('format', 'NETCDF4'), ('persist', False)), 'e2446e66-efce-4794-9a79-419cd6fcf43a']

During handling of the above exception, another exception occurred:

Traceback (most recent call last):
  File "/home/563/fm6730/localrepo/wave_vertical_heating/scripts/utilities/compression_s2s_q1.py", line 14, in <module>
    ds = xr.open_dataset(file)
         ^^^^^^^^^^^^^^^^^^^^^
  File "/home/563/fm6730/.local/lib/python3.12/site-packages/xarray/backends/api.py", line 607, in open_dataset
    backend_ds = backend.open_dataset(
                 ^^^^^^^^^^^^^^^^^^^^^
  File "/home/563/fm6730/.local/lib/python3.12/site-packages/xarray/backends/netCDF4_.py", line 771, in open_dataset
    store = NetCDF4DataStore.open(
            ^^^^^^^^^^^^^^^^^^^^^^
  File "/home/563/fm6730/.local/lib/python3.12/site-packages/xarray/backends/netCDF4_.py", line 529, in open
    return cls(manager, group=group, mode=mode, lock=lock, autoclose=autoclose)
           ^^^^^^^^^^^^^^^^^^^^^^^^^^^^^^^^^^^^^^^^^^^^^^^^^^^^^^^^^^^^^^^^^^^^
  File "/home/563/fm6730/.local/lib/python3.12/site-packages/xarray/backends/netCDF4_.py", line 429, in __init__
    self.format = self.ds.data_model
                  ^^^^^^^
  File "/home/563/fm6730/.local/lib/python3.12/site-packages/xarray/backends/netCDF4_.py", line 538, in ds
    return self._acquire()
           ^^^^^^^^^^^^^^^
  File "/home/563/fm6730/.local/lib/python3.12/site-packages/xarray/backends/netCDF4_.py", line 532, in _acquire
    with self._manager.acquire_context(needs_lock) as root:
  File "/g/data/xp65/public/apps/med_conda/envs/analysis3-26.07/lib/python3.12/contextlib.py", line 137, in __enter__
    return next(self.gen)
           ^^^^^^^^^^^^^^
  File "/home/563/fm6730/.local/lib/python3.12/site-packages/xarray/backends/file_manager.py", line 207, in acquire_context
    file, cached = self._acquire_with_cache_info(needs_lock)
                   ^^^^^^^^^^^^^^^^^^^^^^^^^^^^^^^^^^^^^^^^^
  File "/home/563/fm6730/.local/lib/python3.12/site-packages/xarray/backends/file_manager.py", line 225, in _acquire_with_cache_info
    file = self._opener(*self._args, **kwargs)
           ^^^^^^^^^^^^^^^^^^^^^^^^^^^^^^^^^^^
  File "src/netCDF4/_netCDF4.pyx", line 2521, in netCDF4._netCDF4.Dataset.__init__
  File "src/netCDF4/_netCDF4.pyx", line 2158, in netCDF4._netCDF4._ensure_nc_success
FileNotFoundError: [Errno 2] No such file or directory: '/home/563/fm6730/localrepo/wave_vertical_heating/data/derived/q1_vert_structure/access-s2/e03/da_q1q2_yanai_20140901_e03_remap.nc'
/g/data/xp65/public/apps/med_conda/envs/analysis3-26.07/lib/python3.12/site-packages/sitecustomize.py:72: UserWarning: Pandas requires version '2.10.2' or newer of 'numexpr' (version '2.10.1' currently installed).
  mod = _real_import(name, globals, locals, fromlist, level)
/g/data/xp65/public/apps/med_conda/envs/analysis3-26.07/lib/python3.12/site-packages/argopy/utils/lists.py:38: UserWarning: An error occurred while loading the ERDDAP data fetcher, it will not be available !
<class 'ImportError'>
cannot import name '_quote_string_constraints' from 'erddapy.erddapy' (/g/data/xp65/public/apps/med_conda/envs/analysis3-26.07/lib/python3.12/site-packages/erddapy/erddapy.py)
  warnings.warn(
/g/data/xp65/public/apps/med_conda/envs/analysis3-26.07/lib/python3.12/site-packages/argopy/utils/lists.py:50: UserWarning: An error occurred while loading the ArgoVis data fetcher, it will not be available !
<class 'ImportError'>
cannot import name '_quote_string_constraints' from 'erddapy.erddapy' (/g/data/xp65/public/apps/med_conda/envs/analysis3-26.07/lib/python3.12/site-packages/erddapy/erddapy.py)
  warnings.warn(
/g/data/xp65/public/apps/med_conda/envs/analysis3-26.07/lib/python3.12/site-packages/argopy/utils/lists.py:66: UserWarning: An error occurred while loading the GDAC data fetcher, it will not be available !
<class 'ImportError'>
cannot import name '_quote_string_constraints' from 'erddapy.erddapy' (/g/data/xp65/public/apps/med_conda/envs/analysis3-26.07/lib/python3.12/site-packages/erddapy/erddapy.py)
  warnings.warn(
/g/data/xp65/public/apps/med_conda/envs/analysis3-26.07/lib/python3.12/site-packages/argopy/utils/lists.py:91: UserWarning: An error occurred while loading the ERDDAP index fetcher, it will not be available !
<class 'ImportError'>
cannot import name '_quote_string_constraints' from 'erddapy.erddapy' (/g/data/xp65/public/apps/med_conda/envs/analysis3-26.07/lib/python3.12/site-packages/erddapy/erddapy.py)
  warnings.warn(
/g/data/xp65/public/apps/med_conda/envs/analysis3-26.07/lib/python3.12/site-packages/argopy/utils/lists.py:107: UserWarning: An error occurred while loading the GDAC index fetcher, it will not be available !
<class 'ImportError'>
cannot import name '_quote_string_constraints' from 'erddapy.erddapy' (/g/data/xp65/public/apps/med_conda/envs/analysis3-26.07/lib/python3.12/site-packages/erddapy/erddapy.py)
  warnings.warn(
/home/563/fm6730/.local/lib/python3.12/site-packages/xarray/backends/plugins.py:109: RuntimeWarning: Engine 'argo' loading failed:
cannot import name '_quote_string_constraints' from 'erddapy.erddapy' (/g/data/xp65/public/apps/med_conda/envs/analysis3-26.07/lib/python3.12/site-packages/erddapy/erddapy.py)
  external_backend_entrypoints = backends_dict_from_pkg(entrypoints_unique)
Traceback (most recent call last):
  File "/home/563/fm6730/.local/lib/python3.12/site-packages/xarray/backends/file_manager.py", line 219, in _acquire_with_cache_info
    file = self._cache[self._key]
           ~~~~~~~~~~~^^^^^^^^^^^
  File "/home/563/fm6730/.local/lib/python3.12/site-packages/xarray/backends/lru_cache.py", line 56, in __getitem__
    value = self._cache[key]
            ~~~~~~~~~~~^^^^^
KeyError: [<class 'netCDF4._netCDF4.Dataset'>, ('/home/563/fm6730/localrepo/wave_vertical_heating/data/derived/q1_vert_structure/access-s2/e03/da_q1q2_yanai_20141030_e03_remap.nc',), 'r', (('clobber', True), ('diskless', False), ('format', 'NETCDF4'), ('persist', False)), '67de08ff-0eb8-484c-8a41-ffc493b9a2c8']

During handling of the above exception, another exception occurred:

Traceback (most recent call last):
  File "/home/563/fm6730/localrepo/wave_vertical_heating/scripts/utilities/compression_s2s_q1.py", line 14, in <module>
    ds = xr.open_dataset(file)
         ^^^^^^^^^^^^^^^^^^^^^
  File "/home/563/fm6730/.local/lib/python3.12/site-packages/xarray/backends/api.py", line 607, in open_dataset
    backend_ds = backend.open_dataset(
                 ^^^^^^^^^^^^^^^^^^^^^
  File "/home/563/fm6730/.local/lib/python3.12/site-packages/xarray/backends/netCDF4_.py", line 771, in open_dataset
    store = NetCDF4DataStore.open(
            ^^^^^^^^^^^^^^^^^^^^^^
  File "/home/563/fm6730/.local/lib/python3.12/site-packages/xarray/backends/netCDF4_.py", line 529, in open
    return cls(manager, group=group, mode=mode, lock=lock, autoclose=autoclose)
           ^^^^^^^^^^^^^^^^^^^^^^^^^^^^^^^^^^^^^^^^^^^^^^^^^^^^^^^^^^^^^^^^^^^^
  File "/home/563/fm6730/.local/lib/python3.12/site-packages/xarray/backends/netCDF4_.py", line 429, in __init__
    self.format = self.ds.data_model
                  ^^^^^^^
  File "/home/563/fm6730/.local/lib/python3.12/site-packages/xarray/backends/netCDF4_.py", line 538, in ds
    return self._acquire()
           ^^^^^^^^^^^^^^^
  File "/home/563/fm6730/.local/lib/python3.12/site-packages/xarray/backends/netCDF4_.py", line 532, in _acquire
    with self._manager.acquire_context(needs_lock) as root:
  File "/g/data/xp65/public/apps/med_conda/envs/analysis3-26.07/lib/python3.12/contextlib.py", line 137, in __enter__
    return next(self.gen)
           ^^^^^^^^^^^^^^
  File "/home/563/fm6730/.local/lib/python3.12/site-packages/xarray/backends/file_manager.py", line 207, in acquire_context
    file, cached = self._acquire_with_cache_info(needs_lock)
                   ^^^^^^^^^^^^^^^^^^^^^^^^^^^^^^^^^^^^^^^^^
  File "/home/563/fm6730/.local/lib/python3.12/site-packages/xarray/backends/file_manager.py", line 225, in _acquire_with_cache_info
    file = self._opener(*self._args, **kwargs)
           ^^^^^^^^^^^^^^^^^^^^^^^^^^^^^^^^^^^
  File "src/netCDF4/_netCDF4.pyx", line 2521, in netCDF4._netCDF4.Dataset.__init__
  File "src/netCDF4/_netCDF4.pyx", line 2158, in netCDF4._netCDF4._ensure_nc_success
FileNotFoundError: [Errno 2] No such file or directory: '/home/563/fm6730/localrepo/wave_vertical_heating/data/derived/q1_vert_structure/access-s2/e03/da_q1q2_yanai_20141030_e03_remap.nc'
/g/data/xp65/public/apps/med_conda/envs/analysis3-26.07/lib/python3.12/site-packages/sitecustomize.py:72: UserWarning: Pandas requires version '2.10.2' or newer of 'numexpr' (version '2.10.1' currently installed).
  mod = _real_import(name, globals, locals, fromlist, level)
/g/data/xp65/public/apps/med_conda/envs/analysis3-26.07/lib/python3.12/site-packages/argopy/utils/lists.py:38: UserWarning: An error occurred while loading the ERDDAP data fetcher, it will not be available !
<class 'ImportError'>
cannot import name '_quote_string_constraints' from 'erddapy.erddapy' (/g/data/xp65/public/apps/med_conda/envs/analysis3-26.07/lib/python3.12/site-packages/erddapy/erddapy.py)
  warnings.warn(
/g/data/xp65/public/apps/med_conda/envs/analysis3-26.07/lib/python3.12/site-packages/argopy/utils/lists.py:50: UserWarning: An error occurred while loading the ArgoVis data fetcher, it will not be available !
<class 'ImportError'>
cannot import name '_quote_string_constraints' from 'erddapy.erddapy' (/g/data/xp65/public/apps/med_conda/envs/analysis3-26.07/lib/python3.12/site-packages/erddapy/erddapy.py)
  warnings.warn(
/g/data/xp65/public/apps/med_conda/envs/analysis3-26.07/lib/python3.12/site-packages/argopy/utils/lists.py:66: UserWarning: An error occurred while loading the GDAC data fetcher, it will not be available !
<class 'ImportError'>
cannot import name '_quote_string_constraints' from 'erddapy.erddapy' (/g/data/xp65/public/apps/med_conda/envs/analysis3-26.07/lib/python3.12/site-packages/erddapy/erddapy.py)
  warnings.warn(
/g/data/xp65/public/apps/med_conda/envs/analysis3-26.07/lib/python3.12/site-packages/argopy/utils/lists.py:91: UserWarning: An error occurred while loading the ERDDAP index fetcher, it will not be available !
<class 'ImportError'>
cannot import name '_quote_string_constraints' from 'erddapy.erddapy' (/g/data/xp65/public/apps/med_conda/envs/analysis3-26.07/lib/python3.12/site-packages/erddapy/erddapy.py)
  warnings.warn(
/g/data/xp65/public/apps/med_conda/envs/analysis3-26.07/lib/python3.12/site-packages/argopy/utils/lists.py:107: UserWarning: An error occurred while loading the GDAC index fetcher, it will not be available !
<class 'ImportError'>
cannot import name '_quote_string_constraints' from 'erddapy.erddapy' (/g/data/xp65/public/apps/med_conda/envs/analysis3-26.07/lib/python3.12/site-packages/erddapy/erddapy.py)
  warnings.warn(
/home/563/fm6730/.local/lib/python3.12/site-packages/xarray/backends/plugins.py:109: RuntimeWarning: Engine 'argo' loading failed:
cannot import name '_quote_string_constraints' from 'erddapy.erddapy' (/g/data/xp65/public/apps/med_conda/envs/analysis3-26.07/lib/python3.12/site-packages/erddapy/erddapy.py)
  external_backend_entrypoints = backends_dict_from_pkg(entrypoints_unique)
Traceback (most recent call last):
  File "/home/563/fm6730/.local/lib/python3.12/site-packages/xarray/backends/file_manager.py", line 219, in _acquire_with_cache_info
    file = self._cache[self._key]
           ~~~~~~~~~~~^^^^^^^^^^^
  File "/home/563/fm6730/.local/lib/python3.12/site-packages/xarray/backends/lru_cache.py", line 56, in __getitem__
    value = self._cache[key]
            ~~~~~~~~~~~^^^^^
KeyError: [<class 'netCDF4._netCDF4.Dataset'>, ('/home/563/fm6730/localrepo/wave_vertical_heating/data/derived/q1_vert_structure/access-s2/e03/da_q1q2_yanai_20140530_e03_remap.nc',), 'r', (('clobber', True), ('diskless', False), ('format', 'NETCDF4'), ('persist', False)), 'a98c074c-af93-4565-a33e-ad3a38ab4af1']

During handling of the above exception, another exception occurred:

Traceback (most recent call last):
  File "/home/563/fm6730/localrepo/wave_vertical_heating/scripts/utilities/compression_s2s_q1.py", line 14, in <module>
    ds = xr.open_dataset(file)
         ^^^^^^^^^^^^^^^^^^^^^
  File "/home/563/fm6730/.local/lib/python3.12/site-packages/xarray/backends/api.py", line 607, in open_dataset
    backend_ds = backend.open_dataset(
                 ^^^^^^^^^^^^^^^^^^^^^
  File "/home/563/fm6730/.local/lib/python3.12/site-packages/xarray/backends/netCDF4_.py", line 771, in open_dataset
    store = NetCDF4DataStore.open(
            ^^^^^^^^^^^^^^^^^^^^^^
  File "/home/563/fm6730/.local/lib/python3.12/site-packages/xarray/backends/netCDF4_.py", line 529, in open
    return cls(manager, group=group, mode=mode, lock=lock, autoclose=autoclose)
           ^^^^^^^^^^^^^^^^^^^^^^^^^^^^^^^^^^^^^^^^^^^^^^^^^^^^^^^^^^^^^^^^^^^^
  File "/home/563/fm6730/.local/lib/python3.12/site-packages/xarray/backends/netCDF4_.py", line 429, in __init__
    self.format = self.ds.data_model
                  ^^^^^^^
  File "/home/563/fm6730/.local/lib/python3.12/site-packages/xarray/backends/netCDF4_.py", line 538, in ds
    return self._acquire()
           ^^^^^^^^^^^^^^^
  File "/home/563/fm6730/.local/lib/python3.12/site-packages/xarray/backends/netCDF4_.py", line 532, in _acquire
    with self._manager.acquire_context(needs_lock) as root:
  File "/g/data/xp65/public/apps/med_conda/envs/analysis3-26.07/lib/python3.12/contextlib.py", line 137, in __enter__
    return next(self.gen)
           ^^^^^^^^^^^^^^
  File "/home/563/fm6730/.local/lib/python3.12/site-packages/xarray/backends/file_manager.py", line 207, in acquire_context
    file, cached = self._acquire_with_cache_info(needs_lock)
                   ^^^^^^^^^^^^^^^^^^^^^^^^^^^^^^^^^^^^^^^^^
  File "/home/563/fm6730/.local/lib/python3.12/site-packages/xarray/backends/file_manager.py", line 225, in _acquire_with_cache_info
    file = self._opener(*self._args, **kwargs)
           ^^^^^^^^^^^^^^^^^^^^^^^^^^^^^^^^^^^
  File "src/netCDF4/_netCDF4.pyx", line 2521, in netCDF4._netCDF4.Dataset.__init__
  File "src/netCDF4/_netCDF4.pyx", line 2158, in netCDF4._netCDF4._ensure_nc_success
FileNotFoundError: [Errno 2] No such file or directory: '/home/563/fm6730/localrepo/wave_vertical_heating/data/derived/q1_vert_structure/access-s2/e03/da_q1q2_yanai_20140530_e03_remap.nc'
/g/data/xp65/public/apps/med_conda/envs/analysis3-26.07/lib/python3.12/site-packages/sitecustomize.py:72: UserWarning: Pandas requires version '2.10.2' or newer of 'numexpr' (version '2.10.1' currently installed).
  mod = _real_import(name, globals, locals, fromlist, level)
/g/data/xp65/public/apps/med_conda/envs/analysis3-26.07/lib/python3.12/site-packages/argopy/utils/lists.py:38: UserWarning: An error occurred while loading the ERDDAP data fetcher, it will not be available !
<class 'ImportError'>
cannot import name '_quote_string_constraints' from 'erddapy.erddapy' (/g/data/xp65/public/apps/med_conda/envs/analysis3-26.07/lib/python3.12/site-packages/erddapy/erddapy.py)
  warnings.warn(
/g/data/xp65/public/apps/med_conda/envs/analysis3-26.07/lib/python3.12/site-packages/argopy/utils/lists.py:50: UserWarning: An error occurred while loading the ArgoVis data fetcher, it will not be available !
<class 'ImportError'>
cannot import name '_quote_string_constraints' from 'erddapy.erddapy' (/g/data/xp65/public/apps/med_conda/envs/analysis3-26.07/lib/python3.12/site-packages/erddapy/erddapy.py)
  warnings.warn(
/g/data/xp65/public/apps/med_conda/envs/analysis3-26.07/lib/python3.12/site-packages/argopy/utils/lists.py:66: UserWarning: An error occurred while loading the GDAC data fetcher, it will not be available !
<class 'ImportError'>
cannot import name '_quote_string_constraints' from 'erddapy.erddapy' (/g/data/xp65/public/apps/med_conda/envs/analysis3-26.07/lib/python3.12/site-packages/erddapy/erddapy.py)
  warnings.warn(
/g/data/xp65/public/apps/med_conda/envs/analysis3-26.07/lib/python3.12/site-packages/argopy/utils/lists.py:91: UserWarning: An error occurred while loading the ERDDAP index fetcher, it will not be available !
<class 'ImportError'>
cannot import name '_quote_string_constraints' from 'erddapy.erddapy' (/g/data/xp65/public/apps/med_conda/envs/analysis3-26.07/lib/python3.12/site-packages/erddapy/erddapy.py)
  warnings.warn(
/g/data/xp65/public/apps/med_conda/envs/analysis3-26.07/lib/python3.12/site-packages/argopy/utils/lists.py:107: UserWarning: An error occurred while loading the GDAC index fetcher, it will not be available !
<class 'ImportError'>
cannot import name '_quote_string_constraints' from 'erddapy.erddapy' (/g/data/xp65/public/apps/med_conda/envs/analysis3-26.07/lib/python3.12/site-packages/erddapy/erddapy.py)
  warnings.warn(
/home/563/fm6730/.local/lib/python3.12/site-packages/xarray/backends/plugins.py:109: RuntimeWarning: Engine 'argo' loading failed:
cannot import name '_quote_string_constraints' from 'erddapy.erddapy' (/g/data/xp65/public/apps/med_conda/envs/analysis3-26.07/lib/python3.12/site-packages/erddapy/erddapy.py)
  external_backend_entrypoints = backends_dict_from_pkg(entrypoints_unique)
Traceback (most recent call last):
  File "/home/563/fm6730/.local/lib/python3.12/site-packages/xarray/backends/file_manager.py", line 219, in _acquire_with_cache_info
    file = self._cache[self._key]
           ~~~~~~~~~~~^^^^^^^^^^^
  File "/home/563/fm6730/.local/lib/python3.12/site-packages/xarray/backends/lru_cache.py", line 56, in __getitem__
    value = self._cache[key]
            ~~~~~~~~~~~^^^^^
KeyError: [<class 'netCDF4._netCDF4.Dataset'>, ('/home/563/fm6730/localrepo/wave_vertical_heating/data/derived/q1_vert_structure/access-s2/e03/da_q1q2_yanai_20140531_e03_remap.nc',), 'r', (('clobber', True), ('diskless', False), ('format', 'NETCDF4'), ('persist', False)), '1c550a61-dd1e-4e5e-b02f-cce0441fb290']

During handling of the above exception, another exception occurred:

Traceback (most recent call last):
  File "/home/563/fm6730/localrepo/wave_vertical_heating/scripts/utilities/compression_s2s_q1.py", line 14, in <module>
    ds = xr.open_dataset(file)
         ^^^^^^^^^^^^^^^^^^^^^
  File "/home/563/fm6730/.local/lib/python3.12/site-packages/xarray/backends/api.py", line 607, in open_dataset
    backend_ds = backend.open_dataset(
                 ^^^^^^^^^^^^^^^^^^^^^
  File "/home/563/fm6730/.local/lib/python3.12/site-packages/xarray/backends/netCDF4_.py", line 771, in open_dataset
    store = NetCDF4DataStore.open(
            ^^^^^^^^^^^^^^^^^^^^^^
  File "/home/563/fm6730/.local/lib/python3.12/site-packages/xarray/backends/netCDF4_.py", line 529, in open
    return cls(manager, group=group, mode=mode, lock=lock, autoclose=autoclose)
           ^^^^^^^^^^^^^^^^^^^^^^^^^^^^^^^^^^^^^^^^^^^^^^^^^^^^^^^^^^^^^^^^^^^^
  File "/home/563/fm6730/.local/lib/python3.12/site-packages/xarray/backends/netCDF4_.py", line 429, in __init__
    self.format = self.ds.data_model
                  ^^^^^^^
  File "/home/563/fm6730/.local/lib/python3.12/site-packages/xarray/backends/netCDF4_.py", line 538, in ds
    return self._acquire()
           ^^^^^^^^^^^^^^^
  File "/home/563/fm6730/.local/lib/python3.12/site-packages/xarray/backends/netCDF4_.py", line 532, in _acquire
    with self._manager.acquire_context(needs_lock) as root:
  File "/g/data/xp65/public/apps/med_conda/envs/analysis3-26.07/lib/python3.12/contextlib.py", line 137, in __enter__
    return next(self.gen)
           ^^^^^^^^^^^^^^
  File "/home/563/fm6730/.local/lib/python3.12/site-packages/xarray/backends/file_manager.py", line 207, in acquire_context
    file, cached = self._acquire_with_cache_info(needs_lock)
                   ^^^^^^^^^^^^^^^^^^^^^^^^^^^^^^^^^^^^^^^^^
  File "/home/563/fm6730/.local/lib/python3.12/site-packages/xarray/backends/file_manager.py", line 225, in _acquire_with_cache_info
    file = self._opener(*self._args, **kwargs)
           ^^^^^^^^^^^^^^^^^^^^^^^^^^^^^^^^^^^
  File "src/netCDF4/_netCDF4.pyx", line 2521, in netCDF4._netCDF4.Dataset.__init__
  File "src/netCDF4/_netCDF4.pyx", line 2158, in netCDF4._netCDF4._ensure_nc_success
FileNotFoundError: [Errno 2] No such file or directory: '/home/563/fm6730/localrepo/wave_vertical_heating/data/derived/q1_vert_structure/access-s2/e03/da_q1q2_yanai_20140531_e03_remap.nc'
/g/data/xp65/public/apps/med_conda/envs/analysis3-26.07/lib/python3.12/site-packages/sitecustomize.py:72: UserWarning: Pandas requires version '2.10.2' or newer of 'numexpr' (version '2.10.1' currently installed).
  mod = _real_import(name, globals, locals, fromlist, level)
/g/data/xp65/public/apps/med_conda/envs/analysis3-26.07/lib/python3.12/site-packages/argopy/utils/lists.py:38: UserWarning: An error occurred while loading the ERDDAP data fetcher, it will not be available !
<class 'ImportError'>
cannot import name '_quote_string_constraints' from 'erddapy.erddapy' (/g/data/xp65/public/apps/med_conda/envs/analysis3-26.07/lib/python3.12/site-packages/erddapy/erddapy.py)
  warnings.warn(
/g/data/xp65/public/apps/med_conda/envs/analysis3-26.07/lib/python3.12/site-packages/argopy/utils/lists.py:50: UserWarning: An error occurred while loading the ArgoVis data fetcher, it will not be available !
<class 'ImportError'>
cannot import name '_quote_string_constraints' from 'erddapy.erddapy' (/g/data/xp65/public/apps/med_conda/envs/analysis3-26.07/lib/python3.12/site-packages/erddapy/erddapy.py)
  warnings.warn(
/g/data/xp65/public/apps/med_conda/envs/analysis3-26.07/lib/python3.12/site-packages/argopy/utils/lists.py:66: UserWarning: An error occurred while loading the GDAC data fetcher, it will not be available !
<class 'ImportError'>
cannot import name '_quote_string_constraints' from 'erddapy.erddapy' (/g/data/xp65/public/apps/med_conda/envs/analysis3-26.07/lib/python3.12/site-packages/erddapy/erddapy.py)
  warnings.warn(
/g/data/xp65/public/apps/med_conda/envs/analysis3-26.07/lib/python3.12/site-packages/argopy/utils/lists.py:91: UserWarning: An error occurred while loading the ERDDAP index fetcher, it will not be available !
<class 'ImportError'>
cannot import name '_quote_string_constraints' from 'erddapy.erddapy' (/g/data/xp65/public/apps/med_conda/envs/analysis3-26.07/lib/python3.12/site-packages/erddapy/erddapy.py)
  warnings.warn(
/g/data/xp65/public/apps/med_conda/envs/analysis3-26.07/lib/python3.12/site-packages/argopy/utils/lists.py:107: UserWarning: An error occurred while loading the GDAC index fetcher, it will not be available !
<class 'ImportError'>
cannot import name '_quote_string_constraints' from 'erddapy.erddapy' (/g/data/xp65/public/apps/med_conda/envs/analysis3-26.07/lib/python3.12/site-packages/erddapy/erddapy.py)
  warnings.warn(
/home/563/fm6730/.local/lib/python3.12/site-packages/xarray/backends/plugins.py:109: RuntimeWarning: Engine 'argo' loading failed:
cannot import name '_quote_string_constraints' from 'erddapy.erddapy' (/g/data/xp65/public/apps/med_conda/envs/analysis3-26.07/lib/python3.12/site-packages/erddapy/erddapy.py)
  external_backend_entrypoints = backends_dict_from_pkg(entrypoints_unique)
Traceback (most recent call last):
  File "/home/563/fm6730/.local/lib/python3.12/site-packages/xarray/backends/file_manager.py", line 219, in _acquire_with_cache_info
    file = self._cache[self._key]
           ~~~~~~~~~~~^^^^^^^^^^^
  File "/home/563/fm6730/.local/lib/python3.12/site-packages/xarray/backends/lru_cache.py", line 56, in __getitem__
    value = self._cache[key]
            ~~~~~~~~~~~^^^^^
KeyError: [<class 'netCDF4._netCDF4.Dataset'>, ('/home/563/fm6730/localrepo/wave_vertical_heating/data/derived/q1_vert_structure/access-s2/e03/da_q1q2_yanai_20140831_e03_remap.nc',), 'r', (('clobber', True), ('diskless', False), ('format', 'NETCDF4'), ('persist', False)), '94b2dd5b-28fd-46df-a2fa-a4275ffc609c']

During handling of the above exception, another exception occurred:

Traceback (most recent call last):
  File "/home/563/fm6730/localrepo/wave_vertical_heating/scripts/utilities/compression_s2s_q1.py", line 14, in <module>
    ds = xr.open_dataset(file)
         ^^^^^^^^^^^^^^^^^^^^^
  File "/home/563/fm6730/.local/lib/python3.12/site-packages/xarray/backends/api.py", line 607, in open_dataset
    backend_ds = backend.open_dataset(
                 ^^^^^^^^^^^^^^^^^^^^^
  File "/home/563/fm6730/.local/lib/python3.12/site-packages/xarray/backends/netCDF4_.py", line 771, in open_dataset
    store = NetCDF4DataStore.open(
            ^^^^^^^^^^^^^^^^^^^^^^
  File "/home/563/fm6730/.local/lib/python3.12/site-packages/xarray/backends/netCDF4_.py", line 529, in open
    return cls(manager, group=group, mode=mode, lock=lock, autoclose=autoclose)
           ^^^^^^^^^^^^^^^^^^^^^^^^^^^^^^^^^^^^^^^^^^^^^^^^^^^^^^^^^^^^^^^^^^^^
  File "/home/563/fm6730/.local/lib/python3.12/site-packages/xarray/backends/netCDF4_.py", line 429, in __init__
    self.format = self.ds.data_model
                  ^^^^^^^
  File "/home/563/fm6730/.local/lib/python3.12/site-packages/xarray/backends/netCDF4_.py", line 538, in ds
    return self._acquire()
           ^^^^^^^^^^^^^^^
  File "/home/563/fm6730/.local/lib/python3.12/site-packages/xarray/backends/netCDF4_.py", line 532, in _acquire
    with self._manager.acquire_context(needs_lock) as root:
  File "/g/data/xp65/public/apps/med_conda/envs/analysis3-26.07/lib/python3.12/contextlib.py", line 137, in __enter__
    return next(self.gen)
           ^^^^^^^^^^^^^^
  File "/home/563/fm6730/.local/lib/python3.12/site-packages/xarray/backends/file_manager.py", line 207, in acquire_context
    file, cached = self._acquire_with_cache_info(needs_lock)
                   ^^^^^^^^^^^^^^^^^^^^^^^^^^^^^^^^^^^^^^^^^
  File "/home/563/fm6730/.local/lib/python3.12/site-packages/xarray/backends/file_manager.py", line 225, in _acquire_with_cache_info
    file = self._opener(*self._args, **kwargs)
           ^^^^^^^^^^^^^^^^^^^^^^^^^^^^^^^^^^^
  File "src/netCDF4/_netCDF4.pyx", line 2521, in netCDF4._netCDF4.Dataset.__init__
  File "src/netCDF4/_netCDF4.pyx", line 2158, in netCDF4._netCDF4._ensure_nc_success
FileNotFoundError: [Errno 2] No such file or directory: '/home/563/fm6730/localrepo/wave_vertical_heating/data/derived/q1_vert_structure/access-s2/e03/da_q1q2_yanai_20140831_e03_remap.nc'
/g/data/xp65/public/apps/med_conda/envs/analysis3-26.07/lib/python3.12/site-packages/sitecustomize.py:72: UserWarning: Pandas requires version '2.10.2' or newer of 'numexpr' (version '2.10.1' currently installed).
  mod = _real_import(name, globals, locals, fromlist, level)
/g/data/xp65/public/apps/med_conda/envs/analysis3-26.07/lib/python3.12/site-packages/argopy/utils/lists.py:38: UserWarning: An error occurred while loading the ERDDAP data fetcher, it will not be available !
<class 'ImportError'>
cannot import name '_quote_string_constraints' from 'erddapy.erddapy' (/g/data/xp65/public/apps/med_conda/envs/analysis3-26.07/lib/python3.12/site-packages/erddapy/erddapy.py)
  warnings.warn(
/g/data/xp65/public/apps/med_conda/envs/analysis3-26.07/lib/python3.12/site-packages/argopy/utils/lists.py:50: UserWarning: An error occurred while loading the ArgoVis data fetcher, it will not be available !
<class 'ImportError'>
cannot import name '_quote_string_constraints' from 'erddapy.erddapy' (/g/data/xp65/public/apps/med_conda/envs/analysis3-26.07/lib/python3.12/site-packages/erddapy/erddapy.py)
  warnings.warn(
/g/data/xp65/public/apps/med_conda/envs/analysis3-26.07/lib/python3.12/site-packages/argopy/utils/lists.py:66: UserWarning: An error occurred while loading the GDAC data fetcher, it will not be available !
<class 'ImportError'>
cannot import name '_quote_string_constraints' from 'erddapy.erddapy' (/g/data/xp65/public/apps/med_conda/envs/analysis3-26.07/lib/python3.12/site-packages/erddapy/erddapy.py)
  warnings.warn(
/g/data/xp65/public/apps/med_conda/envs/analysis3-26.07/lib/python3.12/site-packages/argopy/utils/lists.py:91: UserWarning: An error occurred while loading the ERDDAP index fetcher, it will not be available !
<class 'ImportError'>
cannot import name '_quote_string_constraints' from 'erddapy.erddapy' (/g/data/xp65/public/apps/med_conda/envs/analysis3-26.07/lib/python3.12/site-packages/erddapy/erddapy.py)
  warnings.warn(
/g/data/xp65/public/apps/med_conda/envs/analysis3-26.07/lib/python3.12/site-packages/argopy/utils/lists.py:107: UserWarning: An error occurred while loading the GDAC index fetcher, it will not be available !
<class 'ImportError'>
cannot import name '_quote_string_constraints' from 'erddapy.erddapy' (/g/data/xp65/public/apps/med_conda/envs/analysis3-26.07/lib/python3.12/site-packages/erddapy/erddapy.py)
  warnings.warn(
/home/563/fm6730/.local/lib/python3.12/site-packages/xarray/backends/plugins.py:109: RuntimeWarning: Engine 'argo' loading failed:
cannot import name '_quote_string_constraints' from 'erddapy.erddapy' (/g/data/xp65/public/apps/med_conda/envs/analysis3-26.07/lib/python3.12/site-packages/erddapy/erddapy.py)
  external_backend_entrypoints = backends_dict_from_pkg(entrypoints_unique)
Traceback (most recent call last):
  File "/home/563/fm6730/.local/lib/python3.12/site-packages/xarray/backends/file_manager.py", line 219, in _acquire_with_cache_info
    file = self._cache[self._key]
           ~~~~~~~~~~~^^^^^^^^^^^
  File "/home/563/fm6730/.local/lib/python3.12/site-packages/xarray/backends/lru_cache.py", line 56, in __getitem__
    value = self._cache[key]
            ~~~~~~~~~~~^^^^^
KeyError: [<class 'netCDF4._netCDF4.Dataset'>, ('/home/563/fm6730/localrepo/wave_vertical_heating/data/derived/q1_vert_structure/access-s2/e03/da_q1q2_yanai_20140801_e03_remap.nc',), 'r', (('clobber', True), ('diskless', False), ('format', 'NETCDF4'), ('persist', False)), 'c1669cf8-5762-42bb-ac3b-476de2c52a09']

During handling of the above exception, another exception occurred:

Traceback (most recent call last):
  File "/home/563/fm6730/localrepo/wave_vertical_heating/scripts/utilities/compression_s2s_q1.py", line 14, in <module>
    ds = xr.open_dataset(file)
         ^^^^^^^^^^^^^^^^^^^^^
  File "/home/563/fm6730/.local/lib/python3.12/site-packages/xarray/backends/api.py", line 607, in open_dataset
    backend_ds = backend.open_dataset(
                 ^^^^^^^^^^^^^^^^^^^^^
  File "/home/563/fm6730/.local/lib/python3.12/site-packages/xarray/backends/netCDF4_.py", line 771, in open_dataset
    store = NetCDF4DataStore.open(
            ^^^^^^^^^^^^^^^^^^^^^^
  File "/home/563/fm6730/.local/lib/python3.12/site-packages/xarray/backends/netCDF4_.py", line 529, in open
    return cls(manager, group=group, mode=mode, lock=lock, autoclose=autoclose)
           ^^^^^^^^^^^^^^^^^^^^^^^^^^^^^^^^^^^^^^^^^^^^^^^^^^^^^^^^^^^^^^^^^^^^
  File "/home/563/fm6730/.local/lib/python3.12/site-packages/xarray/backends/netCDF4_.py", line 429, in __init__
    self.format = self.ds.data_model
                  ^^^^^^^
  File "/home/563/fm6730/.local/lib/python3.12/site-packages/xarray/backends/netCDF4_.py", line 538, in ds
    return self._acquire()
           ^^^^^^^^^^^^^^^
  File "/home/563/fm6730/.local/lib/python3.12/site-packages/xarray/backends/netCDF4_.py", line 532, in _acquire
    with self._manager.acquire_context(needs_lock) as root:
  File "/g/data/xp65/public/apps/med_conda/envs/analysis3-26.07/lib/python3.12/contextlib.py", line 137, in __enter__
    return next(self.gen)
           ^^^^^^^^^^^^^^
  File "/home/563/fm6730/.local/lib/python3.12/site-packages/xarray/backends/file_manager.py", line 207, in acquire_context
    file, cached = self._acquire_with_cache_info(needs_lock)
                   ^^^^^^^^^^^^^^^^^^^^^^^^^^^^^^^^^^^^^^^^^
  File "/home/563/fm6730/.local/lib/python3.12/site-packages/xarray/backends/file_manager.py", line 225, in _acquire_with_cache_info
    file = self._opener(*self._args, **kwargs)
           ^^^^^^^^^^^^^^^^^^^^^^^^^^^^^^^^^^^
  File "src/netCDF4/_netCDF4.pyx", line 2521, in netCDF4._netCDF4.Dataset.__init__
  File "src/netCDF4/_netCDF4.pyx", line 2158, in netCDF4._netCDF4._ensure_nc_success
FileNotFoundError: [Errno 2] No such file or directory: '/home/563/fm6730/localrepo/wave_vertical_heating/data/derived/q1_vert_structure/access-s2/e03/da_q1q2_yanai_20140801_e03_remap.nc'
/g/data/xp65/public/apps/med_conda/envs/analysis3-26.07/lib/python3.12/site-packages/sitecustomize.py:72: UserWarning: Pandas requires version '2.10.2' or newer of 'numexpr' (version '2.10.1' currently installed).
  mod = _real_import(name, globals, locals, fromlist, level)
/g/data/xp65/public/apps/med_conda/envs/analysis3-26.07/lib/python3.12/site-packages/argopy/utils/lists.py:38: UserWarning: An error occurred while loading the ERDDAP data fetcher, it will not be available !
<class 'ImportError'>
cannot import name '_quote_string_constraints' from 'erddapy.erddapy' (/g/data/xp65/public/apps/med_conda/envs/analysis3-26.07/lib/python3.12/site-packages/erddapy/erddapy.py)
  warnings.warn(
/g/data/xp65/public/apps/med_conda/envs/analysis3-26.07/lib/python3.12/site-packages/argopy/utils/lists.py:50: UserWarning: An error occurred while loading the ArgoVis data fetcher, it will not be available !
<class 'ImportError'>
cannot import name '_quote_string_constraints' from 'erddapy.erddapy' (/g/data/xp65/public/apps/med_conda/envs/analysis3-26.07/lib/python3.12/site-packages/erddapy/erddapy.py)
  warnings.warn(
/g/data/xp65/public/apps/med_conda/envs/analysis3-26.07/lib/python3.12/site-packages/argopy/utils/lists.py:66: UserWarning: An error occurred while loading the GDAC data fetcher, it will not be available !
<class 'ImportError'>
cannot import name '_quote_string_constraints' from 'erddapy.erddapy' (/g/data/xp65/public/apps/med_conda/envs/analysis3-26.07/lib/python3.12/site-packages/erddapy/erddapy.py)
  warnings.warn(
/g/data/xp65/public/apps/med_conda/envs/analysis3-26.07/lib/python3.12/site-packages/argopy/utils/lists.py:91: UserWarning: An error occurred while loading the ERDDAP index fetcher, it will not be available !
<class 'ImportError'>
cannot import name '_quote_string_constraints' from 'erddapy.erddapy' (/g/data/xp65/public/apps/med_conda/envs/analysis3-26.07/lib/python3.12/site-packages/erddapy/erddapy.py)
  warnings.warn(
/g/data/xp65/public/apps/med_conda/envs/analysis3-26.07/lib/python3.12/site-packages/argopy/utils/lists.py:107: UserWarning: An error occurred while loading the GDAC index fetcher, it will not be available !
<class 'ImportError'>
cannot import name '_quote_string_constraints' from 'erddapy.erddapy' (/g/data/xp65/public/apps/med_conda/envs/analysis3-26.07/lib/python3.12/site-packages/erddapy/erddapy.py)
  warnings.warn(
/home/563/fm6730/.local/lib/python3.12/site-packages/xarray/backends/plugins.py:109: RuntimeWarning: Engine 'argo' loading failed:
cannot import name '_quote_string_constraints' from 'erddapy.erddapy' (/g/data/xp65/public/apps/med_conda/envs/analysis3-26.07/lib/python3.12/site-packages/erddapy/erddapy.py)
  external_backend_entrypoints = backends_dict_from_pkg(entrypoints_unique)
Traceback (most recent call last):
  File "/home/563/fm6730/.local/lib/python3.12/site-packages/xarray/backends/file_manager.py", line 219, in _acquire_with_cache_info
    file = self._cache[self._key]
           ~~~~~~~~~~~^^^^^^^^^^^
  File "/home/563/fm6730/.local/lib/python3.12/site-packages/xarray/backends/lru_cache.py", line 56, in __getitem__
    value = self._cache[key]
            ~~~~~~~~~~~^^^^^
KeyError: [<class 'netCDF4._netCDF4.Dataset'>, ('/home/563/fm6730/localrepo/wave_vertical_heating/data/derived/q1_vert_structure/access-s2/e03/da_q1q2_yanai_20140701_e03_remap.nc',), 'r', (('clobber', True), ('diskless', False), ('format', 'NETCDF4'), ('persist', False)), 'b35db575-4c35-4615-9f4b-668ebb541a38']

During handling of the above exception, another exception occurred:

Traceback (most recent call last):
  File "/home/563/fm6730/localrepo/wave_vertical_heating/scripts/utilities/compression_s2s_q1.py", line 14, in <module>
    ds = xr.open_dataset(file)
         ^^^^^^^^^^^^^^^^^^^^^
  File "/home/563/fm6730/.local/lib/python3.12/site-packages/xarray/backends/api.py", line 607, in open_dataset
    backend_ds = backend.open_dataset(
                 ^^^^^^^^^^^^^^^^^^^^^
  File "/home/563/fm6730/.local/lib/python3.12/site-packages/xarray/backends/netCDF4_.py", line 771, in open_dataset
    store = NetCDF4DataStore.open(
            ^^^^^^^^^^^^^^^^^^^^^^
  File "/home/563/fm6730/.local/lib/python3.12/site-packages/xarray/backends/netCDF4_.py", line 529, in open
    return cls(manager, group=group, mode=mode, lock=lock, autoclose=autoclose)
           ^^^^^^^^^^^^^^^^^^^^^^^^^^^^^^^^^^^^^^^^^^^^^^^^^^^^^^^^^^^^^^^^^^^^
  File "/home/563/fm6730/.local/lib/python3.12/site-packages/xarray/backends/netCDF4_.py", line 429, in __init__
    self.format = self.ds.data_model
                  ^^^^^^^
  File "/home/563/fm6730/.local/lib/python3.12/site-packages/xarray/backends/netCDF4_.py", line 538, in ds
    return self._acquire()
           ^^^^^^^^^^^^^^^
  File "/home/563/fm6730/.local/lib/python3.12/site-packages/xarray/backends/netCDF4_.py", line 532, in _acquire
    with self._manager.acquire_context(needs_lock) as root:
  File "/g/data/xp65/public/apps/med_conda/envs/analysis3-26.07/lib/python3.12/contextlib.py", line 137, in __enter__
    return next(self.gen)
           ^^^^^^^^^^^^^^
  File "/home/563/fm6730/.local/lib/python3.12/site-packages/xarray/backends/file_manager.py", line 207, in acquire_context
    file, cached = self._acquire_with_cache_info(needs_lock)
                   ^^^^^^^^^^^^^^^^^^^^^^^^^^^^^^^^^^^^^^^^^
  File "/home/563/fm6730/.local/lib/python3.12/site-packages/xarray/backends/file_manager.py", line 225, in _acquire_with_cache_info
    file = self._opener(*self._args, **kwargs)
           ^^^^^^^^^^^^^^^^^^^^^^^^^^^^^^^^^^^
  File "src/netCDF4/_netCDF4.pyx", line 2521, in netCDF4._netCDF4.Dataset.__init__
  File "src/netCDF4/_netCDF4.pyx", line 2158, in netCDF4._netCDF4._ensure_nc_success
FileNotFoundError: [Errno 2] No such file or directory: '/home/563/fm6730/localrepo/wave_vertical_heating/data/derived/q1_vert_structure/access-s2/e03/da_q1q2_yanai_20140701_e03_remap.nc'
/g/data/xp65/public/apps/med_conda/envs/analysis3-26.07/lib/python3.12/site-packages/sitecustomize.py:72: UserWarning: Pandas requires version '2.10.2' or newer of 'numexpr' (version '2.10.1' currently installed).
  mod = _real_import(name, globals, locals, fromlist, level)
/g/data/xp65/public/apps/med_conda/envs/analysis3-26.07/lib/python3.12/site-packages/argopy/utils/lists.py:38: UserWarning: An error occurred while loading the ERDDAP data fetcher, it will not be available !
<class 'ImportError'>
cannot import name '_quote_string_constraints' from 'erddapy.erddapy' (/g/data/xp65/public/apps/med_conda/envs/analysis3-26.07/lib/python3.12/site-packages/erddapy/erddapy.py)
  warnings.warn(
/g/data/xp65/public/apps/med_conda/envs/analysis3-26.07/lib/python3.12/site-packages/argopy/utils/lists.py:50: UserWarning: An error occurred while loading the ArgoVis data fetcher, it will not be available !
<class 'ImportError'>
cannot import name '_quote_string_constraints' from 'erddapy.erddapy' (/g/data/xp65/public/apps/med_conda/envs/analysis3-26.07/lib/python3.12/site-packages/erddapy/erddapy.py)
  warnings.warn(
/g/data/xp65/public/apps/med_conda/envs/analysis3-26.07/lib/python3.12/site-packages/argopy/utils/lists.py:66: UserWarning: An error occurred while loading the GDAC data fetcher, it will not be available !
<class 'ImportError'>
cannot import name '_quote_string_constraints' from 'erddapy.erddapy' (/g/data/xp65/public/apps/med_conda/envs/analysis3-26.07/lib/python3.12/site-packages/erddapy/erddapy.py)
  warnings.warn(
/g/data/xp65/public/apps/med_conda/envs/analysis3-26.07/lib/python3.12/site-packages/argopy/utils/lists.py:91: UserWarning: An error occurred while loading the ERDDAP index fetcher, it will not be available !
<class 'ImportError'>
cannot import name '_quote_string_constraints' from 'erddapy.erddapy' (/g/data/xp65/public/apps/med_conda/envs/analysis3-26.07/lib/python3.12/site-packages/erddapy/erddapy.py)
  warnings.warn(
/g/data/xp65/public/apps/med_conda/envs/analysis3-26.07/lib/python3.12/site-packages/argopy/utils/lists.py:107: UserWarning: An error occurred while loading the GDAC index fetcher, it will not be available !
<class 'ImportError'>
cannot import name '_quote_string_constraints' from 'erddapy.erddapy' (/g/data/xp65/public/apps/med_conda/envs/analysis3-26.07/lib/python3.12/site-packages/erddapy/erddapy.py)
  warnings.warn(
/home/563/fm6730/.local/lib/python3.12/site-packages/xarray/backends/plugins.py:109: RuntimeWarning: Engine 'argo' loading failed:
cannot import name '_quote_string_constraints' from 'erddapy.erddapy' (/g/data/xp65/public/apps/med_conda/envs/analysis3-26.07/lib/python3.12/site-packages/erddapy/erddapy.py)
  external_backend_entrypoints = backends_dict_from_pkg(entrypoints_unique)
Traceback (most recent call last):
  File "/home/563/fm6730/.local/lib/python3.12/site-packages/xarray/backends/file_manager.py", line 219, in _acquire_with_cache_info
    file = self._cache[self._key]
           ~~~~~~~~~~~^^^^^^^^^^^
  File "/home/563/fm6730/.local/lib/python3.12/site-packages/xarray/backends/lru_cache.py", line 56, in __getitem__
    value = self._cache[key]
            ~~~~~~~~~~~^^^^^
KeyError: [<class 'netCDF4._netCDF4.Dataset'>, ('/home/563/fm6730/localrepo/wave_vertical_heating/data/derived/q1_vert_structure/access-s2/e03/da_q1q2_yanai_20141130_e03_remap.nc',), 'r', (('clobber', True), ('diskless', False), ('format', 'NETCDF4'), ('persist', False)), 'a5387b4d-a6d1-4c19-9aed-4e1e1160ccde']

During handling of the above exception, another exception occurred:

Traceback (most recent call last):
  File "/home/563/fm6730/localrepo/wave_vertical_heating/scripts/utilities/compression_s2s_q1.py", line 14, in <module>
    ds = xr.open_dataset(file)
         ^^^^^^^^^^^^^^^^^^^^^
  File "/home/563/fm6730/.local/lib/python3.12/site-packages/xarray/backends/api.py", line 607, in open_dataset
    backend_ds = backend.open_dataset(
                 ^^^^^^^^^^^^^^^^^^^^^
  File "/home/563/fm6730/.local/lib/python3.12/site-packages/xarray/backends/netCDF4_.py", line 771, in open_dataset
    store = NetCDF4DataStore.open(
            ^^^^^^^^^^^^^^^^^^^^^^
  File "/home/563/fm6730/.local/lib/python3.12/site-packages/xarray/backends/netCDF4_.py", line 529, in open
    return cls(manager, group=group, mode=mode, lock=lock, autoclose=autoclose)
           ^^^^^^^^^^^^^^^^^^^^^^^^^^^^^^^^^^^^^^^^^^^^^^^^^^^^^^^^^^^^^^^^^^^^
  File "/home/563/fm6730/.local/lib/python3.12/site-packages/xarray/backends/netCDF4_.py", line 429, in __init__
    self.format = self.ds.data_model
                  ^^^^^^^
  File "/home/563/fm6730/.local/lib/python3.12/site-packages/xarray/backends/netCDF4_.py", line 538, in ds
    return self._acquire()
           ^^^^^^^^^^^^^^^
  File "/home/563/fm6730/.local/lib/python3.12/site-packages/xarray/backends/netCDF4_.py", line 532, in _acquire
    with self._manager.acquire_context(needs_lock) as root:
  File "/g/data/xp65/public/apps/med_conda/envs/analysis3-26.07/lib/python3.12/contextlib.py", line 137, in __enter__
    return next(self.gen)
           ^^^^^^^^^^^^^^
  File "/home/563/fm6730/.local/lib/python3.12/site-packages/xarray/backends/file_manager.py", line 207, in acquire_context
    file, cached = self._acquire_with_cache_info(needs_lock)
                   ^^^^^^^^^^^^^^^^^^^^^^^^^^^^^^^^^^^^^^^^^
  File "/home/563/fm6730/.local/lib/python3.12/site-packages/xarray/backends/file_manager.py", line 225, in _acquire_with_cache_info
    file = self._opener(*self._args, **kwargs)
           ^^^^^^^^^^^^^^^^^^^^^^^^^^^^^^^^^^^
  File "src/netCDF4/_netCDF4.pyx", line 2521, in netCDF4._netCDF4.Dataset.__init__
  File "src/netCDF4/_netCDF4.pyx", line 2158, in netCDF4._netCDF4._ensure_nc_success
FileNotFoundError: [Errno 2] No such file or directory: '/home/563/fm6730/localrepo/wave_vertical_heating/data/derived/q1_vert_structure/access-s2/e03/da_q1q2_yanai_20141130_e03_remap.nc'
/g/data/xp65/public/apps/med_conda/envs/analysis3-26.07/lib/python3.12/site-packages/sitecustomize.py:72: UserWarning: Pandas requires version '2.10.2' or newer of 'numexpr' (version '2.10.1' currently installed).
  mod = _real_import(name, globals, locals, fromlist, level)
/g/data/xp65/public/apps/med_conda/envs/analysis3-26.07/lib/python3.12/site-packages/argopy/utils/lists.py:38: UserWarning: An error occurred while loading the ERDDAP data fetcher, it will not be available !
<class 'ImportError'>
cannot import name '_quote_string_constraints' from 'erddapy.erddapy' (/g/data/xp65/public/apps/med_conda/envs/analysis3-26.07/lib/python3.12/site-packages/erddapy/erddapy.py)
  warnings.warn(
/g/data/xp65/public/apps/med_conda/envs/analysis3-26.07/lib/python3.12/site-packages/argopy/utils/lists.py:50: UserWarning: An error occurred while loading the ArgoVis data fetcher, it will not be available !
<class 'ImportError'>
cannot import name '_quote_string_constraints' from 'erddapy.erddapy' (/g/data/xp65/public/apps/med_conda/envs/analysis3-26.07/lib/python3.12/site-packages/erddapy/erddapy.py)
  warnings.warn(
/g/data/xp65/public/apps/med_conda/envs/analysis3-26.07/lib/python3.12/site-packages/argopy/utils/lists.py:66: UserWarning: An error occurred while loading the GDAC data fetcher, it will not be available !
<class 'ImportError'>
cannot import name '_quote_string_constraints' from 'erddapy.erddapy' (/g/data/xp65/public/apps/med_conda/envs/analysis3-26.07/lib/python3.12/site-packages/erddapy/erddapy.py)
  warnings.warn(
/g/data/xp65/public/apps/med_conda/envs/analysis3-26.07/lib/python3.12/site-packages/argopy/utils/lists.py:91: UserWarning: An error occurred while loading the ERDDAP index fetcher, it will not be available !
<class 'ImportError'>
cannot import name '_quote_string_constraints' from 'erddapy.erddapy' (/g/data/xp65/public/apps/med_conda/envs/analysis3-26.07/lib/python3.12/site-packages/erddapy/erddapy.py)
  warnings.warn(
/g/data/xp65/public/apps/med_conda/envs/analysis3-26.07/lib/python3.12/site-packages/argopy/utils/lists.py:107: UserWarning: An error occurred while loading the GDAC index fetcher, it will not be available !
<class 'ImportError'>
cannot import name '_quote_string_constraints' from 'erddapy.erddapy' (/g/data/xp65/public/apps/med_conda/envs/analysis3-26.07/lib/python3.12/site-packages/erddapy/erddapy.py)
  warnings.warn(
/home/563/fm6730/.local/lib/python3.12/site-packages/xarray/backends/plugins.py:109: RuntimeWarning: Engine 'argo' loading failed:
cannot import name '_quote_string_constraints' from 'erddapy.erddapy' (/g/data/xp65/public/apps/med_conda/envs/analysis3-26.07/lib/python3.12/site-packages/erddapy/erddapy.py)
  external_backend_entrypoints = backends_dict_from_pkg(entrypoints_unique)
Traceback (most recent call last):
  File "/home/563/fm6730/.local/lib/python3.12/site-packages/xarray/backends/file_manager.py", line 219, in _acquire_with_cache_info
    file = self._cache[self._key]
           ~~~~~~~~~~~^^^^^^^^^^^
  File "/home/563/fm6730/.local/lib/python3.12/site-packages/xarray/backends/lru_cache.py", line 56, in __getitem__
    value = self._cache[key]
            ~~~~~~~~~~~^^^^^
KeyError: [<class 'netCDF4._netCDF4.Dataset'>, ('/home/563/fm6730/localrepo/wave_vertical_heating/data/derived/q1_vert_structure/access-s2/e03/da_q1q2_yanai_20140929_e03_remap.nc',), 'r', (('clobber', True), ('diskless', False), ('format', 'NETCDF4'), ('persist', False)), '3adb8b24-32bb-400d-9277-43f4941221d3']

During handling of the above exception, another exception occurred:

Traceback (most recent call last):
  File "/home/563/fm6730/localrepo/wave_vertical_heating/scripts/utilities/compression_s2s_q1.py", line 14, in <module>
    ds = xr.open_dataset(file)
         ^^^^^^^^^^^^^^^^^^^^^
  File "/home/563/fm6730/.local/lib/python3.12/site-packages/xarray/backends/api.py", line 607, in open_dataset
    backend_ds = backend.open_dataset(
                 ^^^^^^^^^^^^^^^^^^^^^
  File "/home/563/fm6730/.local/lib/python3.12/site-packages/xarray/backends/netCDF4_.py", line 771, in open_dataset
    store = NetCDF4DataStore.open(
            ^^^^^^^^^^^^^^^^^^^^^^
  File "/home/563/fm6730/.local/lib/python3.12/site-packages/xarray/backends/netCDF4_.py", line 529, in open
    return cls(manager, group=group, mode=mode, lock=lock, autoclose=autoclose)
           ^^^^^^^^^^^^^^^^^^^^^^^^^^^^^^^^^^^^^^^^^^^^^^^^^^^^^^^^^^^^^^^^^^^^
  File "/home/563/fm6730/.local/lib/python3.12/site-packages/xarray/backends/netCDF4_.py", line 429, in __init__
    self.format = self.ds.data_model
                  ^^^^^^^
  File "/home/563/fm6730/.local/lib/python3.12/site-packages/xarray/backends/netCDF4_.py", line 538, in ds
    return self._acquire()
           ^^^^^^^^^^^^^^^
  File "/home/563/fm6730/.local/lib/python3.12/site-packages/xarray/backends/netCDF4_.py", line 532, in _acquire
    with self._manager.acquire_context(needs_lock) as root:
  File "/g/data/xp65/public/apps/med_conda/envs/analysis3-26.07/lib/python3.12/contextlib.py", line 137, in __enter__
    return next(self.gen)
           ^^^^^^^^^^^^^^
  File "/home/563/fm6730/.local/lib/python3.12/site-packages/xarray/backends/file_manager.py", line 207, in acquire_context
    file, cached = self._acquire_with_cache_info(needs_lock)
                   ^^^^^^^^^^^^^^^^^^^^^^^^^^^^^^^^^^^^^^^^^
  File "/home/563/fm6730/.local/lib/python3.12/site-packages/xarray/backends/file_manager.py", line 225, in _acquire_with_cache_info
    file = self._opener(*self._args, **kwargs)
           ^^^^^^^^^^^^^^^^^^^^^^^^^^^^^^^^^^^
  File "src/netCDF4/_netCDF4.pyx", line 2521, in netCDF4._netCDF4.Dataset.__init__
  File "src/netCDF4/_netCDF4.pyx", line 2158, in netCDF4._netCDF4._ensure_nc_success
FileNotFoundError: [Errno 2] No such file or directory: '/home/563/fm6730/localrepo/wave_vertical_heating/data/derived/q1_vert_structure/access-s2/e03/da_q1q2_yanai_20140929_e03_remap.nc'
/g/data/xp65/public/apps/med_conda/envs/analysis3-26.07/lib/python3.12/site-packages/sitecustomize.py:72: UserWarning: Pandas requires version '2.10.2' or newer of 'numexpr' (version '2.10.1' currently installed).
  mod = _real_import(name, globals, locals, fromlist, level)
/g/data/xp65/public/apps/med_conda/envs/analysis3-26.07/lib/python3.12/site-packages/argopy/utils/lists.py:38: UserWarning: An error occurred while loading the ERDDAP data fetcher, it will not be available !
<class 'ImportError'>
cannot import name '_quote_string_constraints' from 'erddapy.erddapy' (/g/data/xp65/public/apps/med_conda/envs/analysis3-26.07/lib/python3.12/site-packages/erddapy/erddapy.py)
  warnings.warn(
/g/data/xp65/public/apps/med_conda/envs/analysis3-26.07/lib/python3.12/site-packages/argopy/utils/lists.py:50: UserWarning: An error occurred while loading the ArgoVis data fetcher, it will not be available !
<class 'ImportError'>
cannot import name '_quote_string_constraints' from 'erddapy.erddapy' (/g/data/xp65/public/apps/med_conda/envs/analysis3-26.07/lib/python3.12/site-packages/erddapy/erddapy.py)
  warnings.warn(
/g/data/xp65/public/apps/med_conda/envs/analysis3-26.07/lib/python3.12/site-packages/argopy/utils/lists.py:66: UserWarning: An error occurred while loading the GDAC data fetcher, it will not be available !
<class 'ImportError'>
cannot import name '_quote_string_constraints' from 'erddapy.erddapy' (/g/data/xp65/public/apps/med_conda/envs/analysis3-26.07/lib/python3.12/site-packages/erddapy/erddapy.py)
  warnings.warn(
/g/data/xp65/public/apps/med_conda/envs/analysis3-26.07/lib/python3.12/site-packages/argopy/utils/lists.py:91: UserWarning: An error occurred while loading the ERDDAP index fetcher, it will not be available !
<class 'ImportError'>
cannot import name '_quote_string_constraints' from 'erddapy.erddapy' (/g/data/xp65/public/apps/med_conda/envs/analysis3-26.07/lib/python3.12/site-packages/erddapy/erddapy.py)
  warnings.warn(
/g/data/xp65/public/apps/med_conda/envs/analysis3-26.07/lib/python3.12/site-packages/argopy/utils/lists.py:107: UserWarning: An error occurred while loading the GDAC index fetcher, it will not be available !
<class 'ImportError'>
cannot import name '_quote_string_constraints' from 'erddapy.erddapy' (/g/data/xp65/public/apps/med_conda/envs/analysis3-26.07/lib/python3.12/site-packages/erddapy/erddapy.py)
  warnings.warn(
/home/563/fm6730/.local/lib/python3.12/site-packages/xarray/backends/plugins.py:109: RuntimeWarning: Engine 'argo' loading failed:
cannot import name '_quote_string_constraints' from 'erddapy.erddapy' (/g/data/xp65/public/apps/med_conda/envs/analysis3-26.07/lib/python3.12/site-packages/erddapy/erddapy.py)
  external_backend_entrypoints = backends_dict_from_pkg(entrypoints_unique)
Traceback (most recent call last):
  File "/home/563/fm6730/.local/lib/python3.12/site-packages/xarray/backends/file_manager.py", line 219, in _acquire_with_cache_info
    file = self._cache[self._key]
           ~~~~~~~~~~~^^^^^^^^^^^
  File "/home/563/fm6730/.local/lib/python3.12/site-packages/xarray/backends/lru_cache.py", line 56, in __getitem__
    value = self._cache[key]
            ~~~~~~~~~~~^^^^^
KeyError: [<class 'netCDF4._netCDF4.Dataset'>, ('/home/563/fm6730/localrepo/wave_vertical_heating/data/derived/q1_vert_structure/access-s2/e03/da_q1q2_yanai_20140730_e03_remap.nc',), 'r', (('clobber', True), ('diskless', False), ('format', 'NETCDF4'), ('persist', False)), 'fdfa0ae3-673c-4451-9e21-a2e2dc63d5a6']

During handling of the above exception, another exception occurred:

Traceback (most recent call last):
  File "/home/563/fm6730/localrepo/wave_vertical_heating/scripts/utilities/compression_s2s_q1.py", line 14, in <module>
    ds = xr.open_dataset(file)
         ^^^^^^^^^^^^^^^^^^^^^
  File "/home/563/fm6730/.local/lib/python3.12/site-packages/xarray/backends/api.py", line 607, in open_dataset
    backend_ds = backend.open_dataset(
                 ^^^^^^^^^^^^^^^^^^^^^
  File "/home/563/fm6730/.local/lib/python3.12/site-packages/xarray/backends/netCDF4_.py", line 771, in open_dataset
    store = NetCDF4DataStore.open(
            ^^^^^^^^^^^^^^^^^^^^^^
  File "/home/563/fm6730/.local/lib/python3.12/site-packages/xarray/backends/netCDF4_.py", line 529, in open
    return cls(manager, group=group, mode=mode, lock=lock, autoclose=autoclose)
           ^^^^^^^^^^^^^^^^^^^^^^^^^^^^^^^^^^^^^^^^^^^^^^^^^^^^^^^^^^^^^^^^^^^^
  File "/home/563/fm6730/.local/lib/python3.12/site-packages/xarray/backends/netCDF4_.py", line 429, in __init__
    self.format = self.ds.data_model
                  ^^^^^^^
  File "/home/563/fm6730/.local/lib/python3.12/site-packages/xarray/backends/netCDF4_.py", line 538, in ds
    return self._acquire()
           ^^^^^^^^^^^^^^^
  File "/home/563/fm6730/.local/lib/python3.12/site-packages/xarray/backends/netCDF4_.py", line 532, in _acquire
    with self._manager.acquire_context(needs_lock) as root:
  File "/g/data/xp65/public/apps/med_conda/envs/analysis3-26.07/lib/python3.12/contextlib.py", line 137, in __enter__
    return next(self.gen)
           ^^^^^^^^^^^^^^
  File "/home/563/fm6730/.local/lib/python3.12/site-packages/xarray/backends/file_manager.py", line 207, in acquire_context
    file, cached = self._acquire_with_cache_info(needs_lock)
                   ^^^^^^^^^^^^^^^^^^^^^^^^^^^^^^^^^^^^^^^^^
  File "/home/563/fm6730/.local/lib/python3.12/site-packages/xarray/backends/file_manager.py", line 225, in _acquire_with_cache_info
    file = self._opener(*self._args, **kwargs)
           ^^^^^^^^^^^^^^^^^^^^^^^^^^^^^^^^^^^
  File "src/netCDF4/_netCDF4.pyx", line 2521, in netCDF4._netCDF4.Dataset.__init__
  File "src/netCDF4/_netCDF4.pyx", line 2158, in netCDF4._netCDF4._ensure_nc_success
FileNotFoundError: [Errno 2] No such file or directory: '/home/563/fm6730/localrepo/wave_vertical_heating/data/derived/q1_vert_structure/access-s2/e03/da_q1q2_yanai_20140730_e03_remap.nc'
/g/data/xp65/public/apps/med_conda/envs/analysis3-26.07/lib/python3.12/site-packages/sitecustomize.py:72: UserWarning: Pandas requires version '2.10.2' or newer of 'numexpr' (version '2.10.1' currently installed).
  mod = _real_import(name, globals, locals, fromlist, level)
/g/data/xp65/public/apps/med_conda/envs/analysis3-26.07/lib/python3.12/site-packages/argopy/utils/lists.py:38: UserWarning: An error occurred while loading the ERDDAP data fetcher, it will not be available !
<class 'ImportError'>
cannot import name '_quote_string_constraints' from 'erddapy.erddapy' (/g/data/xp65/public/apps/med_conda/envs/analysis3-26.07/lib/python3.12/site-packages/erddapy/erddapy.py)
  warnings.warn(
/g/data/xp65/public/apps/med_conda/envs/analysis3-26.07/lib/python3.12/site-packages/argopy/utils/lists.py:50: UserWarning: An error occurred while loading the ArgoVis data fetcher, it will not be available !
<class 'ImportError'>
cannot import name '_quote_string_constraints' from 'erddapy.erddapy' (/g/data/xp65/public/apps/med_conda/envs/analysis3-26.07/lib/python3.12/site-packages/erddapy/erddapy.py)
  warnings.warn(
/g/data/xp65/public/apps/med_conda/envs/analysis3-26.07/lib/python3.12/site-packages/argopy/utils/lists.py:66: UserWarning: An error occurred while loading the GDAC data fetcher, it will not be available !
<class 'ImportError'>
cannot import name '_quote_string_constraints' from 'erddapy.erddapy' (/g/data/xp65/public/apps/med_conda/envs/analysis3-26.07/lib/python3.12/site-packages/erddapy/erddapy.py)
  warnings.warn(
/g/data/xp65/public/apps/med_conda/envs/analysis3-26.07/lib/python3.12/site-packages/argopy/utils/lists.py:91: UserWarning: An error occurred while loading the ERDDAP index fetcher, it will not be available !
<class 'ImportError'>
cannot import name '_quote_string_constraints' from 'erddapy.erddapy' (/g/data/xp65/public/apps/med_conda/envs/analysis3-26.07/lib/python3.12/site-packages/erddapy/erddapy.py)
  warnings.warn(
/g/data/xp65/public/apps/med_conda/envs/analysis3-26.07/lib/python3.12/site-packages/argopy/utils/lists.py:107: UserWarning: An error occurred while loading the GDAC index fetcher, it will not be available !
<class 'ImportError'>
cannot import name '_quote_string_constraints' from 'erddapy.erddapy' (/g/data/xp65/public/apps/med_conda/envs/analysis3-26.07/lib/python3.12/site-packages/erddapy/erddapy.py)
  warnings.warn(
/home/563/fm6730/.local/lib/python3.12/site-packages/xarray/backends/plugins.py:109: RuntimeWarning: Engine 'argo' loading failed:
cannot import name '_quote_string_constraints' from 'erddapy.erddapy' (/g/data/xp65/public/apps/med_conda/envs/analysis3-26.07/lib/python3.12/site-packages/erddapy/erddapy.py)
  external_backend_entrypoints = backends_dict_from_pkg(entrypoints_unique)
Traceback (most recent call last):
  File "/home/563/fm6730/.local/lib/python3.12/site-packages/xarray/backends/file_manager.py", line 219, in _acquire_with_cache_info
    file = self._cache[self._key]
           ~~~~~~~~~~~^^^^^^^^^^^
  File "/home/563/fm6730/.local/lib/python3.12/site-packages/xarray/backends/lru_cache.py", line 56, in __getitem__
    value = self._cache[key]
            ~~~~~~~~~~~^^^^^
KeyError: [<class 'netCDF4._netCDF4.Dataset'>, ('/home/563/fm6730/localrepo/wave_vertical_heating/data/derived/q1_vert_structure/access-s2/e03/da_q1q2_yanai_20140630_e03_remap.nc',), 'r', (('clobber', True), ('diskless', False), ('format', 'NETCDF4'), ('persist', False)), 'd706707b-e040-4cb8-bb10-24a0be35310f']

During handling of the above exception, another exception occurred:

Traceback (most recent call last):
  File "/home/563/fm6730/localrepo/wave_vertical_heating/scripts/utilities/compression_s2s_q1.py", line 14, in <module>
    ds = xr.open_dataset(file)
         ^^^^^^^^^^^^^^^^^^^^^
  File "/home/563/fm6730/.local/lib/python3.12/site-packages/xarray/backends/api.py", line 607, in open_dataset
    backend_ds = backend.open_dataset(
                 ^^^^^^^^^^^^^^^^^^^^^
  File "/home/563/fm6730/.local/lib/python3.12/site-packages/xarray/backends/netCDF4_.py", line 771, in open_dataset
    store = NetCDF4DataStore.open(
            ^^^^^^^^^^^^^^^^^^^^^^
  File "/home/563/fm6730/.local/lib/python3.12/site-packages/xarray/backends/netCDF4_.py", line 529, in open
    return cls(manager, group=group, mode=mode, lock=lock, autoclose=autoclose)
           ^^^^^^^^^^^^^^^^^^^^^^^^^^^^^^^^^^^^^^^^^^^^^^^^^^^^^^^^^^^^^^^^^^^^
  File "/home/563/fm6730/.local/lib/python3.12/site-packages/xarray/backends/netCDF4_.py", line 429, in __init__
    self.format = self.ds.data_model
                  ^^^^^^^
  File "/home/563/fm6730/.local/lib/python3.12/site-packages/xarray/backends/netCDF4_.py", line 538, in ds
    return self._acquire()
           ^^^^^^^^^^^^^^^
  File "/home/563/fm6730/.local/lib/python3.12/site-packages/xarray/backends/netCDF4_.py", line 532, in _acquire
    with self._manager.acquire_context(needs_lock) as root:
  File "/g/data/xp65/public/apps/med_conda/envs/analysis3-26.07/lib/python3.12/contextlib.py", line 137, in __enter__
    return next(self.gen)
           ^^^^^^^^^^^^^^
  File "/home/563/fm6730/.local/lib/python3.12/site-packages/xarray/backends/file_manager.py", line 207, in acquire_context
    file, cached = self._acquire_with_cache_info(needs_lock)
                   ^^^^^^^^^^^^^^^^^^^^^^^^^^^^^^^^^^^^^^^^^
  File "/home/563/fm6730/.local/lib/python3.12/site-packages/xarray/backends/file_manager.py", line 225, in _acquire_with_cache_info
    file = self._opener(*self._args, **kwargs)
           ^^^^^^^^^^^^^^^^^^^^^^^^^^^^^^^^^^^
  File "src/netCDF4/_netCDF4.pyx", line 2521, in netCDF4._netCDF4.Dataset.__init__
  File "src/netCDF4/_netCDF4.pyx", line 2158, in netCDF4._netCDF4._ensure_nc_success
FileNotFoundError: [Errno 2] No such file or directory: '/home/563/fm6730/localrepo/wave_vertical_heating/data/derived/q1_vert_structure/access-s2/e03/da_q1q2_yanai_20140630_e03_remap.nc'
/g/data/xp65/public/apps/med_conda/envs/analysis3-26.07/lib/python3.12/site-packages/sitecustomize.py:72: UserWarning: Pandas requires version '2.10.2' or newer of 'numexpr' (version '2.10.1' currently installed).
  mod = _real_import(name, globals, locals, fromlist, level)
/g/data/xp65/public/apps/med_conda/envs/analysis3-26.07/lib/python3.12/site-packages/argopy/utils/lists.py:38: UserWarning: An error occurred while loading the ERDDAP data fetcher, it will not be available !
<class 'ImportError'>
cannot import name '_quote_string_constraints' from 'erddapy.erddapy' (/g/data/xp65/public/apps/med_conda/envs/analysis3-26.07/lib/python3.12/site-packages/erddapy/erddapy.py)
  warnings.warn(
/g/data/xp65/public/apps/med_conda/envs/analysis3-26.07/lib/python3.12/site-packages/argopy/utils/lists.py:50: UserWarning: An error occurred while loading the ArgoVis data fetcher, it will not be available !
<class 'ImportError'>
cannot import name '_quote_string_constraints' from 'erddapy.erddapy' (/g/data/xp65/public/apps/med_conda/envs/analysis3-26.07/lib/python3.12/site-packages/erddapy/erddapy.py)
  warnings.warn(
/g/data/xp65/public/apps/med_conda/envs/analysis3-26.07/lib/python3.12/site-packages/argopy/utils/lists.py:66: UserWarning: An error occurred while loading the GDAC data fetcher, it will not be available !
<class 'ImportError'>
cannot import name '_quote_string_constraints' from 'erddapy.erddapy' (/g/data/xp65/public/apps/med_conda/envs/analysis3-26.07/lib/python3.12/site-packages/erddapy/erddapy.py)
  warnings.warn(
/g/data/xp65/public/apps/med_conda/envs/analysis3-26.07/lib/python3.12/site-packages/argopy/utils/lists.py:91: UserWarning: An error occurred while loading the ERDDAP index fetcher, it will not be available !
<class 'ImportError'>
cannot import name '_quote_string_constraints' from 'erddapy.erddapy' (/g/data/xp65/public/apps/med_conda/envs/analysis3-26.07/lib/python3.12/site-packages/erddapy/erddapy.py)
  warnings.warn(
/g/data/xp65/public/apps/med_conda/envs/analysis3-26.07/lib/python3.12/site-packages/argopy/utils/lists.py:107: UserWarning: An error occurred while loading the GDAC index fetcher, it will not be available !
<class 'ImportError'>
cannot import name '_quote_string_constraints' from 'erddapy.erddapy' (/g/data/xp65/public/apps/med_conda/envs/analysis3-26.07/lib/python3.12/site-packages/erddapy/erddapy.py)
  warnings.warn(
/home/563/fm6730/.local/lib/python3.12/site-packages/xarray/backends/plugins.py:109: RuntimeWarning: Engine 'argo' loading failed:
cannot import name '_quote_string_constraints' from 'erddapy.erddapy' (/g/data/xp65/public/apps/med_conda/envs/analysis3-26.07/lib/python3.12/site-packages/erddapy/erddapy.py)
  external_backend_entrypoints = backends_dict_from_pkg(entrypoints_unique)
Traceback (most recent call last):
  File "/home/563/fm6730/.local/lib/python3.12/site-packages/xarray/backends/file_manager.py", line 219, in _acquire_with_cache_info
    file = self._cache[self._key]
           ~~~~~~~~~~~^^^^^^^^^^^
  File "/home/563/fm6730/.local/lib/python3.12/site-packages/xarray/backends/lru_cache.py", line 56, in __getitem__
    value = self._cache[key]
            ~~~~~~~~~~~^^^^^
KeyError: [<class 'netCDF4._netCDF4.Dataset'>, ('/home/563/fm6730/localrepo/wave_vertical_heating/data/derived/q1_vert_structure/access-s2/e03/da_q1q2_yanai_20140830_e03_remap.nc',), 'r', (('clobber', True), ('diskless', False), ('format', 'NETCDF4'), ('persist', False)), 'a354af92-8ddb-4e7a-86c7-7ceee9da53f1']

During handling of the above exception, another exception occurred:

Traceback (most recent call last):
  File "/home/563/fm6730/localrepo/wave_vertical_heating/scripts/utilities/compression_s2s_q1.py", line 14, in <module>
    ds = xr.open_dataset(file)
         ^^^^^^^^^^^^^^^^^^^^^
  File "/home/563/fm6730/.local/lib/python3.12/site-packages/xarray/backends/api.py", line 607, in open_dataset
    backend_ds = backend.open_dataset(
                 ^^^^^^^^^^^^^^^^^^^^^
  File "/home/563/fm6730/.local/lib/python3.12/site-packages/xarray/backends/netCDF4_.py", line 771, in open_dataset
    store = NetCDF4DataStore.open(
            ^^^^^^^^^^^^^^^^^^^^^^
  File "/home/563/fm6730/.local/lib/python3.12/site-packages/xarray/backends/netCDF4_.py", line 529, in open
    return cls(manager, group=group, mode=mode, lock=lock, autoclose=autoclose)
           ^^^^^^^^^^^^^^^^^^^^^^^^^^^^^^^^^^^^^^^^^^^^^^^^^^^^^^^^^^^^^^^^^^^^
  File "/home/563/fm6730/.local/lib/python3.12/site-packages/xarray/backends/netCDF4_.py", line 429, in __init__
    self.format = self.ds.data_model
                  ^^^^^^^
  File "/home/563/fm6730/.local/lib/python3.12/site-packages/xarray/backends/netCDF4_.py", line 538, in ds
    return self._acquire()
           ^^^^^^^^^^^^^^^
  File "/home/563/fm6730/.local/lib/python3.12/site-packages/xarray/backends/netCDF4_.py", line 532, in _acquire
    with self._manager.acquire_context(needs_lock) as root:
  File "/g/data/xp65/public/apps/med_conda/envs/analysis3-26.07/lib/python3.12/contextlib.py", line 137, in __enter__
    return next(self.gen)
           ^^^^^^^^^^^^^^
  File "/home/563/fm6730/.local/lib/python3.12/site-packages/xarray/backends/file_manager.py", line 207, in acquire_context
    file, cached = self._acquire_with_cache_info(needs_lock)
                   ^^^^^^^^^^^^^^^^^^^^^^^^^^^^^^^^^^^^^^^^^
  File "/home/563/fm6730/.local/lib/python3.12/site-packages/xarray/backends/file_manager.py", line 225, in _acquire_with_cache_info
    file = self._opener(*self._args, **kwargs)
           ^^^^^^^^^^^^^^^^^^^^^^^^^^^^^^^^^^^
  File "src/netCDF4/_netCDF4.pyx", line 2521, in netCDF4._netCDF4.Dataset.__init__
  File "src/netCDF4/_netCDF4.pyx", line 2158, in netCDF4._netCDF4._ensure_nc_success
FileNotFoundError: [Errno 2] No such file or directory: '/home/563/fm6730/localrepo/wave_vertical_heating/data/derived/q1_vert_structure/access-s2/e03/da_q1q2_yanai_20140830_e03_remap.nc'
/g/data/xp65/public/apps/med_conda/envs/analysis3-26.07/lib/python3.12/site-packages/sitecustomize.py:72: UserWarning: Pandas requires version '2.10.2' or newer of 'numexpr' (version '2.10.1' currently installed).
  mod = _real_import(name, globals, locals, fromlist, level)
/g/data/xp65/public/apps/med_conda/envs/analysis3-26.07/lib/python3.12/site-packages/argopy/utils/lists.py:38: UserWarning: An error occurred while loading the ERDDAP data fetcher, it will not be available !
<class 'ImportError'>
cannot import name '_quote_string_constraints' from 'erddapy.erddapy' (/g/data/xp65/public/apps/med_conda/envs/analysis3-26.07/lib/python3.12/site-packages/erddapy/erddapy.py)
  warnings.warn(
/g/data/xp65/public/apps/med_conda/envs/analysis3-26.07/lib/python3.12/site-packages/argopy/utils/lists.py:50: UserWarning: An error occurred while loading the ArgoVis data fetcher, it will not be available !
<class 'ImportError'>
cannot import name '_quote_string_constraints' from 'erddapy.erddapy' (/g/data/xp65/public/apps/med_conda/envs/analysis3-26.07/lib/python3.12/site-packages/erddapy/erddapy.py)
  warnings.warn(
/g/data/xp65/public/apps/med_conda/envs/analysis3-26.07/lib/python3.12/site-packages/argopy/utils/lists.py:66: UserWarning: An error occurred while loading the GDAC data fetcher, it will not be available !
<class 'ImportError'>
cannot import name '_quote_string_constraints' from 'erddapy.erddapy' (/g/data/xp65/public/apps/med_conda/envs/analysis3-26.07/lib/python3.12/site-packages/erddapy/erddapy.py)
  warnings.warn(
/g/data/xp65/public/apps/med_conda/envs/analysis3-26.07/lib/python3.12/site-packages/argopy/utils/lists.py:91: UserWarning: An error occurred while loading the ERDDAP index fetcher, it will not be available !
<class 'ImportError'>
cannot import name '_quote_string_constraints' from 'erddapy.erddapy' (/g/data/xp65/public/apps/med_conda/envs/analysis3-26.07/lib/python3.12/site-packages/erddapy/erddapy.py)
  warnings.warn(
/g/data/xp65/public/apps/med_conda/envs/analysis3-26.07/lib/python3.12/site-packages/argopy/utils/lists.py:107: UserWarning: An error occurred while loading the GDAC index fetcher, it will not be available !
<class 'ImportError'>
cannot import name '_quote_string_constraints' from 'erddapy.erddapy' (/g/data/xp65/public/apps/med_conda/envs/analysis3-26.07/lib/python3.12/site-packages/erddapy/erddapy.py)
  warnings.warn(
/home/563/fm6730/.local/lib/python3.12/site-packages/xarray/backends/plugins.py:109: RuntimeWarning: Engine 'argo' loading failed:
cannot import name '_quote_string_constraints' from 'erddapy.erddapy' (/g/data/xp65/public/apps/med_conda/envs/analysis3-26.07/lib/python3.12/site-packages/erddapy/erddapy.py)
  external_backend_entrypoints = backends_dict_from_pkg(entrypoints_unique)
Traceback (most recent call last):
  File "/home/563/fm6730/.local/lib/python3.12/site-packages/xarray/backends/file_manager.py", line 219, in _acquire_with_cache_info
    file = self._cache[self._key]
           ~~~~~~~~~~~^^^^^^^^^^^
  File "/home/563/fm6730/.local/lib/python3.12/site-packages/xarray/backends/lru_cache.py", line 56, in __getitem__
    value = self._cache[key]
            ~~~~~~~~~~~^^^^^
KeyError: [<class 'netCDF4._netCDF4.Dataset'>, ('/home/563/fm6730/localrepo/wave_vertical_heating/data/derived/q1_vert_structure/access-s2/e03/da_q1q2_yanai_20141001_e03_remap.nc',), 'r', (('clobber', True), ('diskless', False), ('format', 'NETCDF4'), ('persist', False)), '4af9f06d-89cd-4f4e-bd96-778f58828ad8']

During handling of the above exception, another exception occurred:

Traceback (most recent call last):
  File "/home/563/fm6730/localrepo/wave_vertical_heating/scripts/utilities/compression_s2s_q1.py", line 14, in <module>
    ds = xr.open_dataset(file)
         ^^^^^^^^^^^^^^^^^^^^^
  File "/home/563/fm6730/.local/lib/python3.12/site-packages/xarray/backends/api.py", line 607, in open_dataset
    backend_ds = backend.open_dataset(
                 ^^^^^^^^^^^^^^^^^^^^^
  File "/home/563/fm6730/.local/lib/python3.12/site-packages/xarray/backends/netCDF4_.py", line 771, in open_dataset
    store = NetCDF4DataStore.open(
            ^^^^^^^^^^^^^^^^^^^^^^
  File "/home/563/fm6730/.local/lib/python3.12/site-packages/xarray/backends/netCDF4_.py", line 529, in open
    return cls(manager, group=group, mode=mode, lock=lock, autoclose=autoclose)
           ^^^^^^^^^^^^^^^^^^^^^^^^^^^^^^^^^^^^^^^^^^^^^^^^^^^^^^^^^^^^^^^^^^^^
  File "/home/563/fm6730/.local/lib/python3.12/site-packages/xarray/backends/netCDF4_.py", line 429, in __init__
    self.format = self.ds.data_model
                  ^^^^^^^
  File "/home/563/fm6730/.local/lib/python3.12/site-packages/xarray/backends/netCDF4_.py", line 538, in ds
    return self._acquire()
           ^^^^^^^^^^^^^^^
  File "/home/563/fm6730/.local/lib/python3.12/site-packages/xarray/backends/netCDF4_.py", line 532, in _acquire
    with self._manager.acquire_context(needs_lock) as root:
  File "/g/data/xp65/public/apps/med_conda/envs/analysis3-26.07/lib/python3.12/contextlib.py", line 137, in __enter__
    return next(self.gen)
           ^^^^^^^^^^^^^^
  File "/home/563/fm6730/.local/lib/python3.12/site-packages/xarray/backends/file_manager.py", line 207, in acquire_context
    file, cached = self._acquire_with_cache_info(needs_lock)
                   ^^^^^^^^^^^^^^^^^^^^^^^^^^^^^^^^^^^^^^^^^
  File "/home/563/fm6730/.local/lib/python3.12/site-packages/xarray/backends/file_manager.py", line 225, in _acquire_with_cache_info
    file = self._opener(*self._args, **kwargs)
           ^^^^^^^^^^^^^^^^^^^^^^^^^^^^^^^^^^^
  File "src/netCDF4/_netCDF4.pyx", line 2521, in netCDF4._netCDF4.Dataset.__init__
  File "src/netCDF4/_netCDF4.pyx", line 2158, in netCDF4._netCDF4._ensure_nc_success
FileNotFoundError: [Errno 2] No such file or directory: '/home/563/fm6730/localrepo/wave_vertical_heating/data/derived/q1_vert_structure/access-s2/e03/da_q1q2_yanai_20141001_e03_remap.nc'
/g/data/xp65/public/apps/med_conda/envs/analysis3-26.07/lib/python3.12/site-packages/sitecustomize.py:72: UserWarning: Pandas requires version '2.10.2' or newer of 'numexpr' (version '2.10.1' currently installed).
  mod = _real_import(name, globals, locals, fromlist, level)
/g/data/xp65/public/apps/med_conda/envs/analysis3-26.07/lib/python3.12/site-packages/argopy/utils/lists.py:38: UserWarning: An error occurred while loading the ERDDAP data fetcher, it will not be available !
<class 'ImportError'>
cannot import name '_quote_string_constraints' from 'erddapy.erddapy' (/g/data/xp65/public/apps/med_conda/envs/analysis3-26.07/lib/python3.12/site-packages/erddapy/erddapy.py)
  warnings.warn(
/g/data/xp65/public/apps/med_conda/envs/analysis3-26.07/lib/python3.12/site-packages/argopy/utils/lists.py:50: UserWarning: An error occurred while loading the ArgoVis data fetcher, it will not be available !
<class 'ImportError'>
cannot import name '_quote_string_constraints' from 'erddapy.erddapy' (/g/data/xp65/public/apps/med_conda/envs/analysis3-26.07/lib/python3.12/site-packages/erddapy/erddapy.py)
  warnings.warn(
/g/data/xp65/public/apps/med_conda/envs/analysis3-26.07/lib/python3.12/site-packages/argopy/utils/lists.py:66: UserWarning: An error occurred while loading the GDAC data fetcher, it will not be available !
<class 'ImportError'>
cannot import name '_quote_string_constraints' from 'erddapy.erddapy' (/g/data/xp65/public/apps/med_conda/envs/analysis3-26.07/lib/python3.12/site-packages/erddapy/erddapy.py)
  warnings.warn(
/g/data/xp65/public/apps/med_conda/envs/analysis3-26.07/lib/python3.12/site-packages/argopy/utils/lists.py:91: UserWarning: An error occurred while loading the ERDDAP index fetcher, it will not be available !
<class 'ImportError'>
cannot import name '_quote_string_constraints' from 'erddapy.erddapy' (/g/data/xp65/public/apps/med_conda/envs/analysis3-26.07/lib/python3.12/site-packages/erddapy/erddapy.py)
  warnings.warn(
/g/data/xp65/public/apps/med_conda/envs/analysis3-26.07/lib/python3.12/site-packages/argopy/utils/lists.py:107: UserWarning: An error occurred while loading the GDAC index fetcher, it will not be available !
<class 'ImportError'>
cannot import name '_quote_string_constraints' from 'erddapy.erddapy' (/g/data/xp65/public/apps/med_conda/envs/analysis3-26.07/lib/python3.12/site-packages/erddapy/erddapy.py)
  warnings.warn(
/home/563/fm6730/.local/lib/python3.12/site-packages/xarray/backends/plugins.py:109: RuntimeWarning: Engine 'argo' loading failed:
cannot import name '_quote_string_constraints' from 'erddapy.erddapy' (/g/data/xp65/public/apps/med_conda/envs/analysis3-26.07/lib/python3.12/site-packages/erddapy/erddapy.py)
  external_backend_entrypoints = backends_dict_from_pkg(entrypoints_unique)
Traceback (most recent call last):
  File "/home/563/fm6730/.local/lib/python3.12/site-packages/xarray/backends/file_manager.py", line 219, in _acquire_with_cache_info
    file = self._cache[self._key]
           ~~~~~~~~~~~^^^^^^^^^^^
  File "/home/563/fm6730/.local/lib/python3.12/site-packages/xarray/backends/lru_cache.py", line 56, in __getitem__
    value = self._cache[key]
            ~~~~~~~~~~~^^^^^
KeyError: [<class 'netCDF4._netCDF4.Dataset'>, ('/home/563/fm6730/localrepo/wave_vertical_heating/data/derived/q1_vert_structure/access-s2/e03/da_q1q2_yanai_20141031_e03_remap.nc',), 'r', (('clobber', True), ('diskless', False), ('format', 'NETCDF4'), ('persist', False)), 'efae6848-bc84-45b9-8caa-f262e63c2742']

During handling of the above exception, another exception occurred:

Traceback (most recent call last):
  File "/home/563/fm6730/localrepo/wave_vertical_heating/scripts/utilities/compression_s2s_q1.py", line 14, in <module>
    ds = xr.open_dataset(file)
         ^^^^^^^^^^^^^^^^^^^^^
  File "/home/563/fm6730/.local/lib/python3.12/site-packages/xarray/backends/api.py", line 607, in open_dataset
    backend_ds = backend.open_dataset(
                 ^^^^^^^^^^^^^^^^^^^^^
  File "/home/563/fm6730/.local/lib/python3.12/site-packages/xarray/backends/netCDF4_.py", line 771, in open_dataset
    store = NetCDF4DataStore.open(
            ^^^^^^^^^^^^^^^^^^^^^^
  File "/home/563/fm6730/.local/lib/python3.12/site-packages/xarray/backends/netCDF4_.py", line 529, in open
    return cls(manager, group=group, mode=mode, lock=lock, autoclose=autoclose)
           ^^^^^^^^^^^^^^^^^^^^^^^^^^^^^^^^^^^^^^^^^^^^^^^^^^^^^^^^^^^^^^^^^^^^
  File "/home/563/fm6730/.local/lib/python3.12/site-packages/xarray/backends/netCDF4_.py", line 429, in __init__
    self.format = self.ds.data_model
                  ^^^^^^^
  File "/home/563/fm6730/.local/lib/python3.12/site-packages/xarray/backends/netCDF4_.py", line 538, in ds
    return self._acquire()
           ^^^^^^^^^^^^^^^
  File "/home/563/fm6730/.local/lib/python3.12/site-packages/xarray/backends/netCDF4_.py", line 532, in _acquire
    with self._manager.acquire_context(needs_lock) as root:
  File "/g/data/xp65/public/apps/med_conda/envs/analysis3-26.07/lib/python3.12/contextlib.py", line 137, in __enter__
    return next(self.gen)
           ^^^^^^^^^^^^^^
  File "/home/563/fm6730/.local/lib/python3.12/site-packages/xarray/backends/file_manager.py", line 207, in acquire_context
    file, cached = self._acquire_with_cache_info(needs_lock)
                   ^^^^^^^^^^^^^^^^^^^^^^^^^^^^^^^^^^^^^^^^^
  File "/home/563/fm6730/.local/lib/python3.12/site-packages/xarray/backends/file_manager.py", line 225, in _acquire_with_cache_info
    file = self._opener(*self._args, **kwargs)
           ^^^^^^^^^^^^^^^^^^^^^^^^^^^^^^^^^^^
  File "src/netCDF4/_netCDF4.pyx", line 2521, in netCDF4._netCDF4.Dataset.__init__
  File "src/netCDF4/_netCDF4.pyx", line 2158, in netCDF4._netCDF4._ensure_nc_success
FileNotFoundError: [Errno 2] No such file or directory: '/home/563/fm6730/localrepo/wave_vertical_heating/data/derived/q1_vert_structure/access-s2/e03/da_q1q2_yanai_20141031_e03_remap.nc'
/g/data/xp65/public/apps/med_conda/envs/analysis3-26.07/lib/python3.12/site-packages/sitecustomize.py:72: UserWarning: Pandas requires version '2.10.2' or newer of 'numexpr' (version '2.10.1' currently installed).
  mod = _real_import(name, globals, locals, fromlist, level)
/g/data/xp65/public/apps/med_conda/envs/analysis3-26.07/lib/python3.12/site-packages/argopy/utils/lists.py:38: UserWarning: An error occurred while loading the ERDDAP data fetcher, it will not be available !
<class 'ImportError'>
cannot import name '_quote_string_constraints' from 'erddapy.erddapy' (/g/data/xp65/public/apps/med_conda/envs/analysis3-26.07/lib/python3.12/site-packages/erddapy/erddapy.py)
  warnings.warn(
/g/data/xp65/public/apps/med_conda/envs/analysis3-26.07/lib/python3.12/site-packages/argopy/utils/lists.py:50: UserWarning: An error occurred while loading the ArgoVis data fetcher, it will not be available !
<class 'ImportError'>
cannot import name '_quote_string_constraints' from 'erddapy.erddapy' (/g/data/xp65/public/apps/med_conda/envs/analysis3-26.07/lib/python3.12/site-packages/erddapy/erddapy.py)
  warnings.warn(
/g/data/xp65/public/apps/med_conda/envs/analysis3-26.07/lib/python3.12/site-packages/argopy/utils/lists.py:66: UserWarning: An error occurred while loading the GDAC data fetcher, it will not be available !
<class 'ImportError'>
cannot import name '_quote_string_constraints' from 'erddapy.erddapy' (/g/data/xp65/public/apps/med_conda/envs/analysis3-26.07/lib/python3.12/site-packages/erddapy/erddapy.py)
  warnings.warn(
/g/data/xp65/public/apps/med_conda/envs/analysis3-26.07/lib/python3.12/site-packages/argopy/utils/lists.py:91: UserWarning: An error occurred while loading the ERDDAP index fetcher, it will not be available !
<class 'ImportError'>
cannot import name '_quote_string_constraints' from 'erddapy.erddapy' (/g/data/xp65/public/apps/med_conda/envs/analysis3-26.07/lib/python3.12/site-packages/erddapy/erddapy.py)
  warnings.warn(
/g/data/xp65/public/apps/med_conda/envs/analysis3-26.07/lib/python3.12/site-packages/argopy/utils/lists.py:107: UserWarning: An error occurred while loading the GDAC index fetcher, it will not be available !
<class 'ImportError'>
cannot import name '_quote_string_constraints' from 'erddapy.erddapy' (/g/data/xp65/public/apps/med_conda/envs/analysis3-26.07/lib/python3.12/site-packages/erddapy/erddapy.py)
  warnings.warn(
/home/563/fm6730/.local/lib/python3.12/site-packages/xarray/backends/plugins.py:109: RuntimeWarning: Engine 'argo' loading failed:
cannot import name '_quote_string_constraints' from 'erddapy.erddapy' (/g/data/xp65/public/apps/med_conda/envs/analysis3-26.07/lib/python3.12/site-packages/erddapy/erddapy.py)
  external_backend_entrypoints = backends_dict_from_pkg(entrypoints_unique)
Traceback (most recent call last):
  File "/home/563/fm6730/.local/lib/python3.12/site-packages/xarray/backends/file_manager.py", line 219, in _acquire_with_cache_info
    file = self._cache[self._key]
           ~~~~~~~~~~~^^^^^^^^^^^
  File "/home/563/fm6730/.local/lib/python3.12/site-packages/xarray/backends/lru_cache.py", line 56, in __getitem__
    value = self._cache[key]
            ~~~~~~~~~~~^^^^^
KeyError: [<class 'netCDF4._netCDF4.Dataset'>, ('/home/563/fm6730/localrepo/wave_vertical_heating/data/derived/q1_vert_structure/access-s2/e03/da_q1q2_yanai_20141129_e03_remap.nc',), 'r', (('clobber', True), ('diskless', False), ('format', 'NETCDF4'), ('persist', False)), '1eaca074-179a-44bd-8386-6690e3fa9b09']

During handling of the above exception, another exception occurred:

Traceback (most recent call last):
  File "/home/563/fm6730/localrepo/wave_vertical_heating/scripts/utilities/compression_s2s_q1.py", line 14, in <module>
    ds = xr.open_dataset(file)
         ^^^^^^^^^^^^^^^^^^^^^
  File "/home/563/fm6730/.local/lib/python3.12/site-packages/xarray/backends/api.py", line 607, in open_dataset
    backend_ds = backend.open_dataset(
                 ^^^^^^^^^^^^^^^^^^^^^
  File "/home/563/fm6730/.local/lib/python3.12/site-packages/xarray/backends/netCDF4_.py", line 771, in open_dataset
    store = NetCDF4DataStore.open(
            ^^^^^^^^^^^^^^^^^^^^^^
  File "/home/563/fm6730/.local/lib/python3.12/site-packages/xarray/backends/netCDF4_.py", line 529, in open
    return cls(manager, group=group, mode=mode, lock=lock, autoclose=autoclose)
           ^^^^^^^^^^^^^^^^^^^^^^^^^^^^^^^^^^^^^^^^^^^^^^^^^^^^^^^^^^^^^^^^^^^^
  File "/home/563/fm6730/.local/lib/python3.12/site-packages/xarray/backends/netCDF4_.py", line 429, in __init__
    self.format = self.ds.data_model
                  ^^^^^^^
  File "/home/563/fm6730/.local/lib/python3.12/site-packages/xarray/backends/netCDF4_.py", line 538, in ds
    return self._acquire()
           ^^^^^^^^^^^^^^^
  File "/home/563/fm6730/.local/lib/python3.12/site-packages/xarray/backends/netCDF4_.py", line 532, in _acquire
    with self._manager.acquire_context(needs_lock) as root:
  File "/g/data/xp65/public/apps/med_conda/envs/analysis3-26.07/lib/python3.12/contextlib.py", line 137, in __enter__
    return next(self.gen)
           ^^^^^^^^^^^^^^
  File "/home/563/fm6730/.local/lib/python3.12/site-packages/xarray/backends/file_manager.py", line 207, in acquire_context
    file, cached = self._acquire_with_cache_info(needs_lock)
                   ^^^^^^^^^^^^^^^^^^^^^^^^^^^^^^^^^^^^^^^^^
  File "/home/563/fm6730/.local/lib/python3.12/site-packages/xarray/backends/file_manager.py", line 225, in _acquire_with_cache_info
    file = self._opener(*self._args, **kwargs)
           ^^^^^^^^^^^^^^^^^^^^^^^^^^^^^^^^^^^
  File "src/netCDF4/_netCDF4.pyx", line 2521, in netCDF4._netCDF4.Dataset.__init__
  File "src/netCDF4/_netCDF4.pyx", line 2158, in netCDF4._netCDF4._ensure_nc_success
FileNotFoundError: [Errno 2] No such file or directory: '/home/563/fm6730/localrepo/wave_vertical_heating/data/derived/q1_vert_structure/access-s2/e03/da_q1q2_yanai_20141129_e03_remap.nc'
/g/data/xp65/public/apps/med_conda/envs/analysis3-26.07/lib/python3.12/site-packages/sitecustomize.py:72: UserWarning: Pandas requires version '2.10.2' or newer of 'numexpr' (version '2.10.1' currently installed).
  mod = _real_import(name, globals, locals, fromlist, level)
/g/data/xp65/public/apps/med_conda/envs/analysis3-26.07/lib/python3.12/site-packages/argopy/utils/lists.py:38: UserWarning: An error occurred while loading the ERDDAP data fetcher, it will not be available !
<class 'ImportError'>
cannot import name '_quote_string_constraints' from 'erddapy.erddapy' (/g/data/xp65/public/apps/med_conda/envs/analysis3-26.07/lib/python3.12/site-packages/erddapy/erddapy.py)
  warnings.warn(
/g/data/xp65/public/apps/med_conda/envs/analysis3-26.07/lib/python3.12/site-packages/argopy/utils/lists.py:50: UserWarning: An error occurred while loading the ArgoVis data fetcher, it will not be available !
<class 'ImportError'>
cannot import name '_quote_string_constraints' from 'erddapy.erddapy' (/g/data/xp65/public/apps/med_conda/envs/analysis3-26.07/lib/python3.12/site-packages/erddapy/erddapy.py)
  warnings.warn(
/g/data/xp65/public/apps/med_conda/envs/analysis3-26.07/lib/python3.12/site-packages/argopy/utils/lists.py:66: UserWarning: An error occurred while loading the GDAC data fetcher, it will not be available !
<class 'ImportError'>
cannot import name '_quote_string_constraints' from 'erddapy.erddapy' (/g/data/xp65/public/apps/med_conda/envs/analysis3-26.07/lib/python3.12/site-packages/erddapy/erddapy.py)
  warnings.warn(
/g/data/xp65/public/apps/med_conda/envs/analysis3-26.07/lib/python3.12/site-packages/argopy/utils/lists.py:91: UserWarning: An error occurred while loading the ERDDAP index fetcher, it will not be available !
<class 'ImportError'>
cannot import name '_quote_string_constraints' from 'erddapy.erddapy' (/g/data/xp65/public/apps/med_conda/envs/analysis3-26.07/lib/python3.12/site-packages/erddapy/erddapy.py)
  warnings.warn(
/g/data/xp65/public/apps/med_conda/envs/analysis3-26.07/lib/python3.12/site-packages/argopy/utils/lists.py:107: UserWarning: An error occurred while loading the GDAC index fetcher, it will not be available !
<class 'ImportError'>
cannot import name '_quote_string_constraints' from 'erddapy.erddapy' (/g/data/xp65/public/apps/med_conda/envs/analysis3-26.07/lib/python3.12/site-packages/erddapy/erddapy.py)
  warnings.warn(
/home/563/fm6730/.local/lib/python3.12/site-packages/xarray/backends/plugins.py:109: RuntimeWarning: Engine 'argo' loading failed:
cannot import name '_quote_string_constraints' from 'erddapy.erddapy' (/g/data/xp65/public/apps/med_conda/envs/analysis3-26.07/lib/python3.12/site-packages/erddapy/erddapy.py)
  external_backend_entrypoints = backends_dict_from_pkg(entrypoints_unique)
Traceback (most recent call last):
  File "/home/563/fm6730/.local/lib/python3.12/site-packages/xarray/backends/file_manager.py", line 219, in _acquire_with_cache_info
    file = self._cache[self._key]
           ~~~~~~~~~~~^^^^^^^^^^^
  File "/home/563/fm6730/.local/lib/python3.12/site-packages/xarray/backends/lru_cache.py", line 56, in __getitem__
    value = self._cache[key]
            ~~~~~~~~~~~^^^^^
KeyError: [<class 'netCDF4._netCDF4.Dataset'>, ('/home/563/fm6730/localrepo/wave_vertical_heating/data/derived/q1_vert_structure/access-s2/e03/da_q1q2_yanai_20150130_e03_remap.nc',), 'r', (('clobber', True), ('diskless', False), ('format', 'NETCDF4'), ('persist', False)), '2c3fdd3d-530f-433a-bbf4-ce42afeeebd6']

During handling of the above exception, another exception occurred:

Traceback (most recent call last):
  File "/home/563/fm6730/localrepo/wave_vertical_heating/scripts/utilities/compression_s2s_q1.py", line 14, in <module>
    ds = xr.open_dataset(file)
         ^^^^^^^^^^^^^^^^^^^^^
  File "/home/563/fm6730/.local/lib/python3.12/site-packages/xarray/backends/api.py", line 607, in open_dataset
    backend_ds = backend.open_dataset(
                 ^^^^^^^^^^^^^^^^^^^^^
  File "/home/563/fm6730/.local/lib/python3.12/site-packages/xarray/backends/netCDF4_.py", line 771, in open_dataset
    store = NetCDF4DataStore.open(
            ^^^^^^^^^^^^^^^^^^^^^^
  File "/home/563/fm6730/.local/lib/python3.12/site-packages/xarray/backends/netCDF4_.py", line 529, in open
    return cls(manager, group=group, mode=mode, lock=lock, autoclose=autoclose)
           ^^^^^^^^^^^^^^^^^^^^^^^^^^^^^^^^^^^^^^^^^^^^^^^^^^^^^^^^^^^^^^^^^^^^
  File "/home/563/fm6730/.local/lib/python3.12/site-packages/xarray/backends/netCDF4_.py", line 429, in __init__
    self.format = self.ds.data_model
                  ^^^^^^^
  File "/home/563/fm6730/.local/lib/python3.12/site-packages/xarray/backends/netCDF4_.py", line 538, in ds
    return self._acquire()
           ^^^^^^^^^^^^^^^
  File "/home/563/fm6730/.local/lib/python3.12/site-packages/xarray/backends/netCDF4_.py", line 532, in _acquire
    with self._manager.acquire_context(needs_lock) as root:
  File "/g/data/xp65/public/apps/med_conda/envs/analysis3-26.07/lib/python3.12/contextlib.py", line 137, in __enter__
    return next(self.gen)
           ^^^^^^^^^^^^^^
  File "/home/563/fm6730/.local/lib/python3.12/site-packages/xarray/backends/file_manager.py", line 207, in acquire_context
    file, cached = self._acquire_with_cache_info(needs_lock)
                   ^^^^^^^^^^^^^^^^^^^^^^^^^^^^^^^^^^^^^^^^^
  File "/home/563/fm6730/.local/lib/python3.12/site-packages/xarray/backends/file_manager.py", line 225, in _acquire_with_cache_info
    file = self._opener(*self._args, **kwargs)
           ^^^^^^^^^^^^^^^^^^^^^^^^^^^^^^^^^^^
  File "src/netCDF4/_netCDF4.pyx", line 2521, in netCDF4._netCDF4.Dataset.__init__
  File "src/netCDF4/_netCDF4.pyx", line 2158, in netCDF4._netCDF4._ensure_nc_success
FileNotFoundError: [Errno 2] No such file or directory: '/home/563/fm6730/localrepo/wave_vertical_heating/data/derived/q1_vert_structure/access-s2/e03/da_q1q2_yanai_20150130_e03_remap.nc'
/g/data/xp65/public/apps/med_conda/envs/analysis3-26.07/lib/python3.12/site-packages/sitecustomize.py:72: UserWarning: Pandas requires version '2.10.2' or newer of 'numexpr' (version '2.10.1' currently installed).
  mod = _real_import(name, globals, locals, fromlist, level)
/g/data/xp65/public/apps/med_conda/envs/analysis3-26.07/lib/python3.12/site-packages/argopy/utils/lists.py:38: UserWarning: An error occurred while loading the ERDDAP data fetcher, it will not be available !
<class 'ImportError'>
cannot import name '_quote_string_constraints' from 'erddapy.erddapy' (/g/data/xp65/public/apps/med_conda/envs/analysis3-26.07/lib/python3.12/site-packages/erddapy/erddapy.py)
  warnings.warn(
/g/data/xp65/public/apps/med_conda/envs/analysis3-26.07/lib/python3.12/site-packages/argopy/utils/lists.py:50: UserWarning: An error occurred while loading the ArgoVis data fetcher, it will not be available !
<class 'ImportError'>
cannot import name '_quote_string_constraints' from 'erddapy.erddapy' (/g/data/xp65/public/apps/med_conda/envs/analysis3-26.07/lib/python3.12/site-packages/erddapy/erddapy.py)
  warnings.warn(
/g/data/xp65/public/apps/med_conda/envs/analysis3-26.07/lib/python3.12/site-packages/argopy/utils/lists.py:66: UserWarning: An error occurred while loading the GDAC data fetcher, it will not be available !
<class 'ImportError'>
cannot import name '_quote_string_constraints' from 'erddapy.erddapy' (/g/data/xp65/public/apps/med_conda/envs/analysis3-26.07/lib/python3.12/site-packages/erddapy/erddapy.py)
  warnings.warn(
/g/data/xp65/public/apps/med_conda/envs/analysis3-26.07/lib/python3.12/site-packages/argopy/utils/lists.py:91: UserWarning: An error occurred while loading the ERDDAP index fetcher, it will not be available !
<class 'ImportError'>
cannot import name '_quote_string_constraints' from 'erddapy.erddapy' (/g/data/xp65/public/apps/med_conda/envs/analysis3-26.07/lib/python3.12/site-packages/erddapy/erddapy.py)
  warnings.warn(
/g/data/xp65/public/apps/med_conda/envs/analysis3-26.07/lib/python3.12/site-packages/argopy/utils/lists.py:107: UserWarning: An error occurred while loading the GDAC index fetcher, it will not be available !
<class 'ImportError'>
cannot import name '_quote_string_constraints' from 'erddapy.erddapy' (/g/data/xp65/public/apps/med_conda/envs/analysis3-26.07/lib/python3.12/site-packages/erddapy/erddapy.py)
  warnings.warn(
/home/563/fm6730/.local/lib/python3.12/site-packages/xarray/backends/plugins.py:109: RuntimeWarning: Engine 'argo' loading failed:
cannot import name '_quote_string_constraints' from 'erddapy.erddapy' (/g/data/xp65/public/apps/med_conda/envs/analysis3-26.07/lib/python3.12/site-packages/erddapy/erddapy.py)
  external_backend_entrypoints = backends_dict_from_pkg(entrypoints_unique)
Traceback (most recent call last):
  File "/home/563/fm6730/.local/lib/python3.12/site-packages/xarray/backends/file_manager.py", line 219, in _acquire_with_cache_info
    file = self._cache[self._key]
           ~~~~~~~~~~~^^^^^^^^^^^
  File "/home/563/fm6730/.local/lib/python3.12/site-packages/xarray/backends/lru_cache.py", line 56, in __getitem__
    value = self._cache[key]
            ~~~~~~~~~~~^^^^^
KeyError: [<class 'netCDF4._netCDF4.Dataset'>, ('/home/563/fm6730/localrepo/wave_vertical_heating/data/derived/q1_vert_structure/access-s2/e03/da_q1q2_yanai_20150301_e03_remap.nc',), 'r', (('clobber', True), ('diskless', False), ('format', 'NETCDF4'), ('persist', False)), '98848c82-c76e-48b7-9092-f584b0c936ad']

During handling of the above exception, another exception occurred:

Traceback (most recent call last):
  File "/home/563/fm6730/localrepo/wave_vertical_heating/scripts/utilities/compression_s2s_q1.py", line 14, in <module>
    ds = xr.open_dataset(file)
         ^^^^^^^^^^^^^^^^^^^^^
  File "/home/563/fm6730/.local/lib/python3.12/site-packages/xarray/backends/api.py", line 607, in open_dataset
    backend_ds = backend.open_dataset(
                 ^^^^^^^^^^^^^^^^^^^^^
  File "/home/563/fm6730/.local/lib/python3.12/site-packages/xarray/backends/netCDF4_.py", line 771, in open_dataset
    store = NetCDF4DataStore.open(
            ^^^^^^^^^^^^^^^^^^^^^^
  File "/home/563/fm6730/.local/lib/python3.12/site-packages/xarray/backends/netCDF4_.py", line 529, in open
    return cls(manager, group=group, mode=mode, lock=lock, autoclose=autoclose)
           ^^^^^^^^^^^^^^^^^^^^^^^^^^^^^^^^^^^^^^^^^^^^^^^^^^^^^^^^^^^^^^^^^^^^
  File "/home/563/fm6730/.local/lib/python3.12/site-packages/xarray/backends/netCDF4_.py", line 429, in __init__
    self.format = self.ds.data_model
                  ^^^^^^^
  File "/home/563/fm6730/.local/lib/python3.12/site-packages/xarray/backends/netCDF4_.py", line 538, in ds
    return self._acquire()
           ^^^^^^^^^^^^^^^
  File "/home/563/fm6730/.local/lib/python3.12/site-packages/xarray/backends/netCDF4_.py", line 532, in _acquire
    with self._manager.acquire_context(needs_lock) as root:
  File "/g/data/xp65/public/apps/med_conda/envs/analysis3-26.07/lib/python3.12/contextlib.py", line 137, in __enter__
    return next(self.gen)
           ^^^^^^^^^^^^^^
  File "/home/563/fm6730/.local/lib/python3.12/site-packages/xarray/backends/file_manager.py", line 207, in acquire_context
    file, cached = self._acquire_with_cache_info(needs_lock)
                   ^^^^^^^^^^^^^^^^^^^^^^^^^^^^^^^^^^^^^^^^^
  File "/home/563/fm6730/.local/lib/python3.12/site-packages/xarray/backends/file_manager.py", line 225, in _acquire_with_cache_info
    file = self._opener(*self._args, **kwargs)
           ^^^^^^^^^^^^^^^^^^^^^^^^^^^^^^^^^^^
  File "src/netCDF4/_netCDF4.pyx", line 2521, in netCDF4._netCDF4.Dataset.__init__
  File "src/netCDF4/_netCDF4.pyx", line 2158, in netCDF4._netCDF4._ensure_nc_success
FileNotFoundError: [Errno 2] No such file or directory: '/home/563/fm6730/localrepo/wave_vertical_heating/data/derived/q1_vert_structure/access-s2/e03/da_q1q2_yanai_20150301_e03_remap.nc'
/g/data/xp65/public/apps/med_conda/envs/analysis3-26.07/lib/python3.12/site-packages/sitecustomize.py:72: UserWarning: Pandas requires version '2.10.2' or newer of 'numexpr' (version '2.10.1' currently installed).
  mod = _real_import(name, globals, locals, fromlist, level)
/g/data/xp65/public/apps/med_conda/envs/analysis3-26.07/lib/python3.12/site-packages/argopy/utils/lists.py:38: UserWarning: An error occurred while loading the ERDDAP data fetcher, it will not be available !
<class 'ImportError'>
cannot import name '_quote_string_constraints' from 'erddapy.erddapy' (/g/data/xp65/public/apps/med_conda/envs/analysis3-26.07/lib/python3.12/site-packages/erddapy/erddapy.py)
  warnings.warn(
/g/data/xp65/public/apps/med_conda/envs/analysis3-26.07/lib/python3.12/site-packages/argopy/utils/lists.py:50: UserWarning: An error occurred while loading the ArgoVis data fetcher, it will not be available !
<class 'ImportError'>
cannot import name '_quote_string_constraints' from 'erddapy.erddapy' (/g/data/xp65/public/apps/med_conda/envs/analysis3-26.07/lib/python3.12/site-packages/erddapy/erddapy.py)
  warnings.warn(
/g/data/xp65/public/apps/med_conda/envs/analysis3-26.07/lib/python3.12/site-packages/argopy/utils/lists.py:66: UserWarning: An error occurred while loading the GDAC data fetcher, it will not be available !
<class 'ImportError'>
cannot import name '_quote_string_constraints' from 'erddapy.erddapy' (/g/data/xp65/public/apps/med_conda/envs/analysis3-26.07/lib/python3.12/site-packages/erddapy/erddapy.py)
  warnings.warn(
/g/data/xp65/public/apps/med_conda/envs/analysis3-26.07/lib/python3.12/site-packages/argopy/utils/lists.py:91: UserWarning: An error occurred while loading the ERDDAP index fetcher, it will not be available !
<class 'ImportError'>
cannot import name '_quote_string_constraints' from 'erddapy.erddapy' (/g/data/xp65/public/apps/med_conda/envs/analysis3-26.07/lib/python3.12/site-packages/erddapy/erddapy.py)
  warnings.warn(
/g/data/xp65/public/apps/med_conda/envs/analysis3-26.07/lib/python3.12/site-packages/argopy/utils/lists.py:107: UserWarning: An error occurred while loading the GDAC index fetcher, it will not be available !
<class 'ImportError'>
cannot import name '_quote_string_constraints' from 'erddapy.erddapy' (/g/data/xp65/public/apps/med_conda/envs/analysis3-26.07/lib/python3.12/site-packages/erddapy/erddapy.py)
  warnings.warn(
/home/563/fm6730/.local/lib/python3.12/site-packages/xarray/backends/plugins.py:109: RuntimeWarning: Engine 'argo' loading failed:
cannot import name '_quote_string_constraints' from 'erddapy.erddapy' (/g/data/xp65/public/apps/med_conda/envs/analysis3-26.07/lib/python3.12/site-packages/erddapy/erddapy.py)
  external_backend_entrypoints = backends_dict_from_pkg(entrypoints_unique)
Traceback (most recent call last):
  File "/home/563/fm6730/.local/lib/python3.12/site-packages/xarray/backends/file_manager.py", line 219, in _acquire_with_cache_info
    file = self._cache[self._key]
           ~~~~~~~~~~~^^^^^^^^^^^
  File "/home/563/fm6730/.local/lib/python3.12/site-packages/xarray/backends/lru_cache.py", line 56, in __getitem__
    value = self._cache[key]
            ~~~~~~~~~~~^^^^^
KeyError: [<class 'netCDF4._netCDF4.Dataset'>, ('/home/563/fm6730/localrepo/wave_vertical_heating/data/derived/q1_vert_structure/access-s2/e03/da_q1q2_yanai_20141230_e03_remap.nc',), 'r', (('clobber', True), ('diskless', False), ('format', 'NETCDF4'), ('persist', False)), '47139488-f538-4d04-a798-eeb3547a45f4']

During handling of the above exception, another exception occurred:

Traceback (most recent call last):
  File "/home/563/fm6730/localrepo/wave_vertical_heating/scripts/utilities/compression_s2s_q1.py", line 14, in <module>
    ds = xr.open_dataset(file)
         ^^^^^^^^^^^^^^^^^^^^^
  File "/home/563/fm6730/.local/lib/python3.12/site-packages/xarray/backends/api.py", line 607, in open_dataset
    backend_ds = backend.open_dataset(
                 ^^^^^^^^^^^^^^^^^^^^^
  File "/home/563/fm6730/.local/lib/python3.12/site-packages/xarray/backends/netCDF4_.py", line 771, in open_dataset
    store = NetCDF4DataStore.open(
            ^^^^^^^^^^^^^^^^^^^^^^
  File "/home/563/fm6730/.local/lib/python3.12/site-packages/xarray/backends/netCDF4_.py", line 529, in open
    return cls(manager, group=group, mode=mode, lock=lock, autoclose=autoclose)
           ^^^^^^^^^^^^^^^^^^^^^^^^^^^^^^^^^^^^^^^^^^^^^^^^^^^^^^^^^^^^^^^^^^^^
  File "/home/563/fm6730/.local/lib/python3.12/site-packages/xarray/backends/netCDF4_.py", line 429, in __init__
    self.format = self.ds.data_model
                  ^^^^^^^
  File "/home/563/fm6730/.local/lib/python3.12/site-packages/xarray/backends/netCDF4_.py", line 538, in ds
    return self._acquire()
           ^^^^^^^^^^^^^^^
  File "/home/563/fm6730/.local/lib/python3.12/site-packages/xarray/backends/netCDF4_.py", line 532, in _acquire
    with self._manager.acquire_context(needs_lock) as root:
  File "/g/data/xp65/public/apps/med_conda/envs/analysis3-26.07/lib/python3.12/contextlib.py", line 137, in __enter__
    return next(self.gen)
           ^^^^^^^^^^^^^^
  File "/home/563/fm6730/.local/lib/python3.12/site-packages/xarray/backends/file_manager.py", line 207, in acquire_context
    file, cached = self._acquire_with_cache_info(needs_lock)
                   ^^^^^^^^^^^^^^^^^^^^^^^^^^^^^^^^^^^^^^^^^
  File "/home/563/fm6730/.local/lib/python3.12/site-packages/xarray/backends/file_manager.py", line 225, in _acquire_with_cache_info
    file = self._opener(*self._args, **kwargs)
           ^^^^^^^^^^^^^^^^^^^^^^^^^^^^^^^^^^^
  File "src/netCDF4/_netCDF4.pyx", line 2521, in netCDF4._netCDF4.Dataset.__init__
  File "src/netCDF4/_netCDF4.pyx", line 2158, in netCDF4._netCDF4._ensure_nc_success
FileNotFoundError: [Errno 2] No such file or directory: '/home/563/fm6730/localrepo/wave_vertical_heating/data/derived/q1_vert_structure/access-s2/e03/da_q1q2_yanai_20141230_e03_remap.nc'
/g/data/xp65/public/apps/med_conda/envs/analysis3-26.07/lib/python3.12/site-packages/sitecustomize.py:72: UserWarning: Pandas requires version '2.10.2' or newer of 'numexpr' (version '2.10.1' currently installed).
  mod = _real_import(name, globals, locals, fromlist, level)
/g/data/xp65/public/apps/med_conda/envs/analysis3-26.07/lib/python3.12/site-packages/argopy/utils/lists.py:38: UserWarning: An error occurred while loading the ERDDAP data fetcher, it will not be available !
<class 'ImportError'>
cannot import name '_quote_string_constraints' from 'erddapy.erddapy' (/g/data/xp65/public/apps/med_conda/envs/analysis3-26.07/lib/python3.12/site-packages/erddapy/erddapy.py)
  warnings.warn(
/g/data/xp65/public/apps/med_conda/envs/analysis3-26.07/lib/python3.12/site-packages/argopy/utils/lists.py:50: UserWarning: An error occurred while loading the ArgoVis data fetcher, it will not be available !
<class 'ImportError'>
cannot import name '_quote_string_constraints' from 'erddapy.erddapy' (/g/data/xp65/public/apps/med_conda/envs/analysis3-26.07/lib/python3.12/site-packages/erddapy/erddapy.py)
  warnings.warn(
/g/data/xp65/public/apps/med_conda/envs/analysis3-26.07/lib/python3.12/site-packages/argopy/utils/lists.py:66: UserWarning: An error occurred while loading the GDAC data fetcher, it will not be available !
<class 'ImportError'>
cannot import name '_quote_string_constraints' from 'erddapy.erddapy' (/g/data/xp65/public/apps/med_conda/envs/analysis3-26.07/lib/python3.12/site-packages/erddapy/erddapy.py)
  warnings.warn(
/g/data/xp65/public/apps/med_conda/envs/analysis3-26.07/lib/python3.12/site-packages/argopy/utils/lists.py:91: UserWarning: An error occurred while loading the ERDDAP index fetcher, it will not be available !
<class 'ImportError'>
cannot import name '_quote_string_constraints' from 'erddapy.erddapy' (/g/data/xp65/public/apps/med_conda/envs/analysis3-26.07/lib/python3.12/site-packages/erddapy/erddapy.py)
  warnings.warn(
/g/data/xp65/public/apps/med_conda/envs/analysis3-26.07/lib/python3.12/site-packages/argopy/utils/lists.py:107: UserWarning: An error occurred while loading the GDAC index fetcher, it will not be available !
<class 'ImportError'>
cannot import name '_quote_string_constraints' from 'erddapy.erddapy' (/g/data/xp65/public/apps/med_conda/envs/analysis3-26.07/lib/python3.12/site-packages/erddapy/erddapy.py)
  warnings.warn(
/home/563/fm6730/.local/lib/python3.12/site-packages/xarray/backends/plugins.py:109: RuntimeWarning: Engine 'argo' loading failed:
cannot import name '_quote_string_constraints' from 'erddapy.erddapy' (/g/data/xp65/public/apps/med_conda/envs/analysis3-26.07/lib/python3.12/site-packages/erddapy/erddapy.py)
  external_backend_entrypoints = backends_dict_from_pkg(entrypoints_unique)
Traceback (most recent call last):
  File "/home/563/fm6730/.local/lib/python3.12/site-packages/xarray/backends/file_manager.py", line 219, in _acquire_with_cache_info
    file = self._cache[self._key]
           ~~~~~~~~~~~^^^^^^^^^^^
  File "/home/563/fm6730/.local/lib/python3.12/site-packages/xarray/backends/lru_cache.py", line 56, in __getitem__
    value = self._cache[key]
            ~~~~~~~~~~~^^^^^
KeyError: [<class 'netCDF4._netCDF4.Dataset'>, ('/home/563/fm6730/localrepo/wave_vertical_heating/data/derived/q1_vert_structure/access-s2/e03/da_q1q2_yanai_20150131_e03_remap.nc',), 'r', (('clobber', True), ('diskless', False), ('format', 'NETCDF4'), ('persist', False)), '07439a03-d640-42e7-babc-b187885cbe84']

During handling of the above exception, another exception occurred:

Traceback (most recent call last):
  File "/home/563/fm6730/localrepo/wave_vertical_heating/scripts/utilities/compression_s2s_q1.py", line 14, in <module>
    ds = xr.open_dataset(file)
         ^^^^^^^^^^^^^^^^^^^^^
  File "/home/563/fm6730/.local/lib/python3.12/site-packages/xarray/backends/api.py", line 607, in open_dataset
    backend_ds = backend.open_dataset(
                 ^^^^^^^^^^^^^^^^^^^^^
  File "/home/563/fm6730/.local/lib/python3.12/site-packages/xarray/backends/netCDF4_.py", line 771, in open_dataset
    store = NetCDF4DataStore.open(
            ^^^^^^^^^^^^^^^^^^^^^^
  File "/home/563/fm6730/.local/lib/python3.12/site-packages/xarray/backends/netCDF4_.py", line 529, in open
    return cls(manager, group=group, mode=mode, lock=lock, autoclose=autoclose)
           ^^^^^^^^^^^^^^^^^^^^^^^^^^^^^^^^^^^^^^^^^^^^^^^^^^^^^^^^^^^^^^^^^^^^
  File "/home/563/fm6730/.local/lib/python3.12/site-packages/xarray/backends/netCDF4_.py", line 429, in __init__
    self.format = self.ds.data_model
                  ^^^^^^^
  File "/home/563/fm6730/.local/lib/python3.12/site-packages/xarray/backends/netCDF4_.py", line 538, in ds
    return self._acquire()
           ^^^^^^^^^^^^^^^
  File "/home/563/fm6730/.local/lib/python3.12/site-packages/xarray/backends/netCDF4_.py", line 532, in _acquire
    with self._manager.acquire_context(needs_lock) as root:
  File "/g/data/xp65/public/apps/med_conda/envs/analysis3-26.07/lib/python3.12/contextlib.py", line 137, in __enter__
    return next(self.gen)
           ^^^^^^^^^^^^^^
  File "/home/563/fm6730/.local/lib/python3.12/site-packages/xarray/backends/file_manager.py", line 207, in acquire_context
    file, cached = self._acquire_with_cache_info(needs_lock)
                   ^^^^^^^^^^^^^^^^^^^^^^^^^^^^^^^^^^^^^^^^^
  File "/home/563/fm6730/.local/lib/python3.12/site-packages/xarray/backends/file_manager.py", line 225, in _acquire_with_cache_info
    file = self._opener(*self._args, **kwargs)
           ^^^^^^^^^^^^^^^^^^^^^^^^^^^^^^^^^^^
  File "src/netCDF4/_netCDF4.pyx", line 2521, in netCDF4._netCDF4.Dataset.__init__
  File "src/netCDF4/_netCDF4.pyx", line 2158, in netCDF4._netCDF4._ensure_nc_success
FileNotFoundError: [Errno 2] No such file or directory: '/home/563/fm6730/localrepo/wave_vertical_heating/data/derived/q1_vert_structure/access-s2/e03/da_q1q2_yanai_20150131_e03_remap.nc'
/g/data/xp65/public/apps/med_conda/envs/analysis3-26.07/lib/python3.12/site-packages/sitecustomize.py:72: UserWarning: Pandas requires version '2.10.2' or newer of 'numexpr' (version '2.10.1' currently installed).
  mod = _real_import(name, globals, locals, fromlist, level)
/g/data/xp65/public/apps/med_conda/envs/analysis3-26.07/lib/python3.12/site-packages/argopy/utils/lists.py:38: UserWarning: An error occurred while loading the ERDDAP data fetcher, it will not be available !
<class 'ImportError'>
cannot import name '_quote_string_constraints' from 'erddapy.erddapy' (/g/data/xp65/public/apps/med_conda/envs/analysis3-26.07/lib/python3.12/site-packages/erddapy/erddapy.py)
  warnings.warn(
/g/data/xp65/public/apps/med_conda/envs/analysis3-26.07/lib/python3.12/site-packages/argopy/utils/lists.py:50: UserWarning: An error occurred while loading the ArgoVis data fetcher, it will not be available !
<class 'ImportError'>
cannot import name '_quote_string_constraints' from 'erddapy.erddapy' (/g/data/xp65/public/apps/med_conda/envs/analysis3-26.07/lib/python3.12/site-packages/erddapy/erddapy.py)
  warnings.warn(
/g/data/xp65/public/apps/med_conda/envs/analysis3-26.07/lib/python3.12/site-packages/argopy/utils/lists.py:66: UserWarning: An error occurred while loading the GDAC data fetcher, it will not be available !
<class 'ImportError'>
cannot import name '_quote_string_constraints' from 'erddapy.erddapy' (/g/data/xp65/public/apps/med_conda/envs/analysis3-26.07/lib/python3.12/site-packages/erddapy/erddapy.py)
  warnings.warn(
/g/data/xp65/public/apps/med_conda/envs/analysis3-26.07/lib/python3.12/site-packages/argopy/utils/lists.py:91: UserWarning: An error occurred while loading the ERDDAP index fetcher, it will not be available !
<class 'ImportError'>
cannot import name '_quote_string_constraints' from 'erddapy.erddapy' (/g/data/xp65/public/apps/med_conda/envs/analysis3-26.07/lib/python3.12/site-packages/erddapy/erddapy.py)
  warnings.warn(
/g/data/xp65/public/apps/med_conda/envs/analysis3-26.07/lib/python3.12/site-packages/argopy/utils/lists.py:107: UserWarning: An error occurred while loading the GDAC index fetcher, it will not be available !
<class 'ImportError'>
cannot import name '_quote_string_constraints' from 'erddapy.erddapy' (/g/data/xp65/public/apps/med_conda/envs/analysis3-26.07/lib/python3.12/site-packages/erddapy/erddapy.py)
  warnings.warn(
/home/563/fm6730/.local/lib/python3.12/site-packages/xarray/backends/plugins.py:109: RuntimeWarning: Engine 'argo' loading failed:
cannot import name '_quote_string_constraints' from 'erddapy.erddapy' (/g/data/xp65/public/apps/med_conda/envs/analysis3-26.07/lib/python3.12/site-packages/erddapy/erddapy.py)
  external_backend_entrypoints = backends_dict_from_pkg(entrypoints_unique)
Traceback (most recent call last):
  File "/home/563/fm6730/.local/lib/python3.12/site-packages/xarray/backends/file_manager.py", line 219, in _acquire_with_cache_info
    file = self._cache[self._key]
           ~~~~~~~~~~~^^^^^^^^^^^
  File "/home/563/fm6730/.local/lib/python3.12/site-packages/xarray/backends/lru_cache.py", line 56, in __getitem__
    value = self._cache[key]
            ~~~~~~~~~~~^^^^^
KeyError: [<class 'netCDF4._netCDF4.Dataset'>, ('/home/563/fm6730/localrepo/wave_vertical_heating/data/derived/q1_vert_structure/access-s2/e03/da_q1q2_yanai_20150330_e03_remap.nc',), 'r', (('clobber', True), ('diskless', False), ('format', 'NETCDF4'), ('persist', False)), '3ec337bd-70da-4c83-b295-a49caf054ec3']

During handling of the above exception, another exception occurred:

Traceback (most recent call last):
  File "/home/563/fm6730/localrepo/wave_vertical_heating/scripts/utilities/compression_s2s_q1.py", line 14, in <module>
    ds = xr.open_dataset(file)
         ^^^^^^^^^^^^^^^^^^^^^
  File "/home/563/fm6730/.local/lib/python3.12/site-packages/xarray/backends/api.py", line 607, in open_dataset
    backend_ds = backend.open_dataset(
                 ^^^^^^^^^^^^^^^^^^^^^
  File "/home/563/fm6730/.local/lib/python3.12/site-packages/xarray/backends/netCDF4_.py", line 771, in open_dataset
    store = NetCDF4DataStore.open(
            ^^^^^^^^^^^^^^^^^^^^^^
  File "/home/563/fm6730/.local/lib/python3.12/site-packages/xarray/backends/netCDF4_.py", line 529, in open
    return cls(manager, group=group, mode=mode, lock=lock, autoclose=autoclose)
           ^^^^^^^^^^^^^^^^^^^^^^^^^^^^^^^^^^^^^^^^^^^^^^^^^^^^^^^^^^^^^^^^^^^^
  File "/home/563/fm6730/.local/lib/python3.12/site-packages/xarray/backends/netCDF4_.py", line 429, in __init__
    self.format = self.ds.data_model
                  ^^^^^^^
  File "/home/563/fm6730/.local/lib/python3.12/site-packages/xarray/backends/netCDF4_.py", line 538, in ds
    return self._acquire()
           ^^^^^^^^^^^^^^^
  File "/home/563/fm6730/.local/lib/python3.12/site-packages/xarray/backends/netCDF4_.py", line 532, in _acquire
    with self._manager.acquire_context(needs_lock) as root:
  File "/g/data/xp65/public/apps/med_conda/envs/analysis3-26.07/lib/python3.12/contextlib.py", line 137, in __enter__
    return next(self.gen)
           ^^^^^^^^^^^^^^
  File "/home/563/fm6730/.local/lib/python3.12/site-packages/xarray/backends/file_manager.py", line 207, in acquire_context
    file, cached = self._acquire_with_cache_info(needs_lock)
                   ^^^^^^^^^^^^^^^^^^^^^^^^^^^^^^^^^^^^^^^^^
  File "/home/563/fm6730/.local/lib/python3.12/site-packages/xarray/backends/file_manager.py", line 225, in _acquire_with_cache_info
    file = self._opener(*self._args, **kwargs)
           ^^^^^^^^^^^^^^^^^^^^^^^^^^^^^^^^^^^
  File "src/netCDF4/_netCDF4.pyx", line 2521, in netCDF4._netCDF4.Dataset.__init__
  File "src/netCDF4/_netCDF4.pyx", line 2158, in netCDF4._netCDF4._ensure_nc_success
FileNotFoundError: [Errno 2] No such file or directory: '/home/563/fm6730/localrepo/wave_vertical_heating/data/derived/q1_vert_structure/access-s2/e03/da_q1q2_yanai_20150330_e03_remap.nc'
/g/data/xp65/public/apps/med_conda/envs/analysis3-26.07/lib/python3.12/site-packages/sitecustomize.py:72: UserWarning: Pandas requires version '2.10.2' or newer of 'numexpr' (version '2.10.1' currently installed).
  mod = _real_import(name, globals, locals, fromlist, level)
/g/data/xp65/public/apps/med_conda/envs/analysis3-26.07/lib/python3.12/site-packages/argopy/utils/lists.py:38: UserWarning: An error occurred while loading the ERDDAP data fetcher, it will not be available !
<class 'ImportError'>
cannot import name '_quote_string_constraints' from 'erddapy.erddapy' (/g/data/xp65/public/apps/med_conda/envs/analysis3-26.07/lib/python3.12/site-packages/erddapy/erddapy.py)
  warnings.warn(
/g/data/xp65/public/apps/med_conda/envs/analysis3-26.07/lib/python3.12/site-packages/argopy/utils/lists.py:50: UserWarning: An error occurred while loading the ArgoVis data fetcher, it will not be available !
<class 'ImportError'>
cannot import name '_quote_string_constraints' from 'erddapy.erddapy' (/g/data/xp65/public/apps/med_conda/envs/analysis3-26.07/lib/python3.12/site-packages/erddapy/erddapy.py)
  warnings.warn(
/g/data/xp65/public/apps/med_conda/envs/analysis3-26.07/lib/python3.12/site-packages/argopy/utils/lists.py:66: UserWarning: An error occurred while loading the GDAC data fetcher, it will not be available !
<class 'ImportError'>
cannot import name '_quote_string_constraints' from 'erddapy.erddapy' (/g/data/xp65/public/apps/med_conda/envs/analysis3-26.07/lib/python3.12/site-packages/erddapy/erddapy.py)
  warnings.warn(
/g/data/xp65/public/apps/med_conda/envs/analysis3-26.07/lib/python3.12/site-packages/argopy/utils/lists.py:91: UserWarning: An error occurred while loading the ERDDAP index fetcher, it will not be available !
<class 'ImportError'>
cannot import name '_quote_string_constraints' from 'erddapy.erddapy' (/g/data/xp65/public/apps/med_conda/envs/analysis3-26.07/lib/python3.12/site-packages/erddapy/erddapy.py)
  warnings.warn(
/g/data/xp65/public/apps/med_conda/envs/analysis3-26.07/lib/python3.12/site-packages/argopy/utils/lists.py:107: UserWarning: An error occurred while loading the GDAC index fetcher, it will not be available !
<class 'ImportError'>
cannot import name '_quote_string_constraints' from 'erddapy.erddapy' (/g/data/xp65/public/apps/med_conda/envs/analysis3-26.07/lib/python3.12/site-packages/erddapy/erddapy.py)
  warnings.warn(
/home/563/fm6730/.local/lib/python3.12/site-packages/xarray/backends/plugins.py:109: RuntimeWarning: Engine 'argo' loading failed:
cannot import name '_quote_string_constraints' from 'erddapy.erddapy' (/g/data/xp65/public/apps/med_conda/envs/analysis3-26.07/lib/python3.12/site-packages/erddapy/erddapy.py)
  external_backend_entrypoints = backends_dict_from_pkg(entrypoints_unique)
Traceback (most recent call last):
  File "/home/563/fm6730/.local/lib/python3.12/site-packages/xarray/backends/file_manager.py", line 219, in _acquire_with_cache_info
    file = self._cache[self._key]
           ~~~~~~~~~~~^^^^^^^^^^^
  File "/home/563/fm6730/.local/lib/python3.12/site-packages/xarray/backends/lru_cache.py", line 56, in __getitem__
    value = self._cache[key]
            ~~~~~~~~~~~^^^^^
KeyError: [<class 'netCDF4._netCDF4.Dataset'>, ('/home/563/fm6730/localrepo/wave_vertical_heating/data/derived/q1_vert_structure/access-s2/e03/da_q1q2_yanai_20141231_e03_remap.nc',), 'r', (('clobber', True), ('diskless', False), ('format', 'NETCDF4'), ('persist', False)), '85edf5ad-188c-4ece-af4e-c6ea42295176']

During handling of the above exception, another exception occurred:

Traceback (most recent call last):
  File "/home/563/fm6730/localrepo/wave_vertical_heating/scripts/utilities/compression_s2s_q1.py", line 14, in <module>
    ds = xr.open_dataset(file)
         ^^^^^^^^^^^^^^^^^^^^^
  File "/home/563/fm6730/.local/lib/python3.12/site-packages/xarray/backends/api.py", line 607, in open_dataset
    backend_ds = backend.open_dataset(
                 ^^^^^^^^^^^^^^^^^^^^^
  File "/home/563/fm6730/.local/lib/python3.12/site-packages/xarray/backends/netCDF4_.py", line 771, in open_dataset
    store = NetCDF4DataStore.open(
            ^^^^^^^^^^^^^^^^^^^^^^
  File "/home/563/fm6730/.local/lib/python3.12/site-packages/xarray/backends/netCDF4_.py", line 529, in open
    return cls(manager, group=group, mode=mode, lock=lock, autoclose=autoclose)
           ^^^^^^^^^^^^^^^^^^^^^^^^^^^^^^^^^^^^^^^^^^^^^^^^^^^^^^^^^^^^^^^^^^^^
  File "/home/563/fm6730/.local/lib/python3.12/site-packages/xarray/backends/netCDF4_.py", line 429, in __init__
    self.format = self.ds.data_model
                  ^^^^^^^
  File "/home/563/fm6730/.local/lib/python3.12/site-packages/xarray/backends/netCDF4_.py", line 538, in ds
    return self._acquire()
           ^^^^^^^^^^^^^^^
  File "/home/563/fm6730/.local/lib/python3.12/site-packages/xarray/backends/netCDF4_.py", line 532, in _acquire
    with self._manager.acquire_context(needs_lock) as root:
  File "/g/data/xp65/public/apps/med_conda/envs/analysis3-26.07/lib/python3.12/contextlib.py", line 137, in __enter__
    return next(self.gen)
           ^^^^^^^^^^^^^^
  File "/home/563/fm6730/.local/lib/python3.12/site-packages/xarray/backends/file_manager.py", line 207, in acquire_context
    file, cached = self._acquire_with_cache_info(needs_lock)
                   ^^^^^^^^^^^^^^^^^^^^^^^^^^^^^^^^^^^^^^^^^
  File "/home/563/fm6730/.local/lib/python3.12/site-packages/xarray/backends/file_manager.py", line 225, in _acquire_with_cache_info
    file = self._opener(*self._args, **kwargs)
           ^^^^^^^^^^^^^^^^^^^^^^^^^^^^^^^^^^^
  File "src/netCDF4/_netCDF4.pyx", line 2521, in netCDF4._netCDF4.Dataset.__init__
  File "src/netCDF4/_netCDF4.pyx", line 2158, in netCDF4._netCDF4._ensure_nc_success
FileNotFoundError: [Errno 2] No such file or directory: '/home/563/fm6730/localrepo/wave_vertical_heating/data/derived/q1_vert_structure/access-s2/e03/da_q1q2_yanai_20141231_e03_remap.nc'
/g/data/xp65/public/apps/med_conda/envs/analysis3-26.07/lib/python3.12/site-packages/sitecustomize.py:72: UserWarning: Pandas requires version '2.10.2' or newer of 'numexpr' (version '2.10.1' currently installed).
  mod = _real_import(name, globals, locals, fromlist, level)
/g/data/xp65/public/apps/med_conda/envs/analysis3-26.07/lib/python3.12/site-packages/argopy/utils/lists.py:38: UserWarning: An error occurred while loading the ERDDAP data fetcher, it will not be available !
<class 'ImportError'>
cannot import name '_quote_string_constraints' from 'erddapy.erddapy' (/g/data/xp65/public/apps/med_conda/envs/analysis3-26.07/lib/python3.12/site-packages/erddapy/erddapy.py)
  warnings.warn(
/g/data/xp65/public/apps/med_conda/envs/analysis3-26.07/lib/python3.12/site-packages/argopy/utils/lists.py:50: UserWarning: An error occurred while loading the ArgoVis data fetcher, it will not be available !
<class 'ImportError'>
cannot import name '_quote_string_constraints' from 'erddapy.erddapy' (/g/data/xp65/public/apps/med_conda/envs/analysis3-26.07/lib/python3.12/site-packages/erddapy/erddapy.py)
  warnings.warn(
/g/data/xp65/public/apps/med_conda/envs/analysis3-26.07/lib/python3.12/site-packages/argopy/utils/lists.py:66: UserWarning: An error occurred while loading the GDAC data fetcher, it will not be available !
<class 'ImportError'>
cannot import name '_quote_string_constraints' from 'erddapy.erddapy' (/g/data/xp65/public/apps/med_conda/envs/analysis3-26.07/lib/python3.12/site-packages/erddapy/erddapy.py)
  warnings.warn(
/g/data/xp65/public/apps/med_conda/envs/analysis3-26.07/lib/python3.12/site-packages/argopy/utils/lists.py:91: UserWarning: An error occurred while loading the ERDDAP index fetcher, it will not be available !
<class 'ImportError'>
cannot import name '_quote_string_constraints' from 'erddapy.erddapy' (/g/data/xp65/public/apps/med_conda/envs/analysis3-26.07/lib/python3.12/site-packages/erddapy/erddapy.py)
  warnings.warn(
/g/data/xp65/public/apps/med_conda/envs/analysis3-26.07/lib/python3.12/site-packages/argopy/utils/lists.py:107: UserWarning: An error occurred while loading the GDAC index fetcher, it will not be available !
<class 'ImportError'>
cannot import name '_quote_string_constraints' from 'erddapy.erddapy' (/g/data/xp65/public/apps/med_conda/envs/analysis3-26.07/lib/python3.12/site-packages/erddapy/erddapy.py)
  warnings.warn(
/home/563/fm6730/.local/lib/python3.12/site-packages/xarray/backends/plugins.py:109: RuntimeWarning: Engine 'argo' loading failed:
cannot import name '_quote_string_constraints' from 'erddapy.erddapy' (/g/data/xp65/public/apps/med_conda/envs/analysis3-26.07/lib/python3.12/site-packages/erddapy/erddapy.py)
  external_backend_entrypoints = backends_dict_from_pkg(entrypoints_unique)
Traceback (most recent call last):
  File "/home/563/fm6730/.local/lib/python3.12/site-packages/xarray/backends/file_manager.py", line 219, in _acquire_with_cache_info
    file = self._cache[self._key]
           ~~~~~~~~~~~^^^^^^^^^^^
  File "/home/563/fm6730/.local/lib/python3.12/site-packages/xarray/backends/lru_cache.py", line 56, in __getitem__
    value = self._cache[key]
            ~~~~~~~~~~~^^^^^
KeyError: [<class 'netCDF4._netCDF4.Dataset'>, ('/home/563/fm6730/localrepo/wave_vertical_heating/data/derived/q1_vert_structure/access-s2/e03/da_q1q2_yanai_20150227_e03_remap.nc',), 'r', (('clobber', True), ('diskless', False), ('format', 'NETCDF4'), ('persist', False)), 'b706e33d-31e4-4ab8-a31b-9f6b3fa2e4e0']

During handling of the above exception, another exception occurred:

Traceback (most recent call last):
  File "/home/563/fm6730/localrepo/wave_vertical_heating/scripts/utilities/compression_s2s_q1.py", line 14, in <module>
    ds = xr.open_dataset(file)
         ^^^^^^^^^^^^^^^^^^^^^
  File "/home/563/fm6730/.local/lib/python3.12/site-packages/xarray/backends/api.py", line 607, in open_dataset
    backend_ds = backend.open_dataset(
                 ^^^^^^^^^^^^^^^^^^^^^
  File "/home/563/fm6730/.local/lib/python3.12/site-packages/xarray/backends/netCDF4_.py", line 771, in open_dataset
    store = NetCDF4DataStore.open(
            ^^^^^^^^^^^^^^^^^^^^^^
  File "/home/563/fm6730/.local/lib/python3.12/site-packages/xarray/backends/netCDF4_.py", line 529, in open
    return cls(manager, group=group, mode=mode, lock=lock, autoclose=autoclose)
           ^^^^^^^^^^^^^^^^^^^^^^^^^^^^^^^^^^^^^^^^^^^^^^^^^^^^^^^^^^^^^^^^^^^^
  File "/home/563/fm6730/.local/lib/python3.12/site-packages/xarray/backends/netCDF4_.py", line 429, in __init__
    self.format = self.ds.data_model
                  ^^^^^^^
  File "/home/563/fm6730/.local/lib/python3.12/site-packages/xarray/backends/netCDF4_.py", line 538, in ds
    return self._acquire()
           ^^^^^^^^^^^^^^^
  File "/home/563/fm6730/.local/lib/python3.12/site-packages/xarray/backends/netCDF4_.py", line 532, in _acquire
    with self._manager.acquire_context(needs_lock) as root:
  File "/g/data/xp65/public/apps/med_conda/envs/analysis3-26.07/lib/python3.12/contextlib.py", line 137, in __enter__
    return next(self.gen)
           ^^^^^^^^^^^^^^
  File "/home/563/fm6730/.local/lib/python3.12/site-packages/xarray/backends/file_manager.py", line 207, in acquire_context
    file, cached = self._acquire_with_cache_info(needs_lock)
                   ^^^^^^^^^^^^^^^^^^^^^^^^^^^^^^^^^^^^^^^^^
  File "/home/563/fm6730/.local/lib/python3.12/site-packages/xarray/backends/file_manager.py", line 225, in _acquire_with_cache_info
    file = self._opener(*self._args, **kwargs)
           ^^^^^^^^^^^^^^^^^^^^^^^^^^^^^^^^^^^
  File "src/netCDF4/_netCDF4.pyx", line 2521, in netCDF4._netCDF4.Dataset.__init__
  File "src/netCDF4/_netCDF4.pyx", line 2158, in netCDF4._netCDF4._ensure_nc_success
FileNotFoundError: [Errno 2] No such file or directory: '/home/563/fm6730/localrepo/wave_vertical_heating/data/derived/q1_vert_structure/access-s2/e03/da_q1q2_yanai_20150227_e03_remap.nc'
/g/data/xp65/public/apps/med_conda/envs/analysis3-26.07/lib/python3.12/site-packages/sitecustomize.py:72: UserWarning: Pandas requires version '2.10.2' or newer of 'numexpr' (version '2.10.1' currently installed).
  mod = _real_import(name, globals, locals, fromlist, level)
/g/data/xp65/public/apps/med_conda/envs/analysis3-26.07/lib/python3.12/site-packages/argopy/utils/lists.py:38: UserWarning: An error occurred while loading the ERDDAP data fetcher, it will not be available !
<class 'ImportError'>
cannot import name '_quote_string_constraints' from 'erddapy.erddapy' (/g/data/xp65/public/apps/med_conda/envs/analysis3-26.07/lib/python3.12/site-packages/erddapy/erddapy.py)
  warnings.warn(
/g/data/xp65/public/apps/med_conda/envs/analysis3-26.07/lib/python3.12/site-packages/argopy/utils/lists.py:50: UserWarning: An error occurred while loading the ArgoVis data fetcher, it will not be available !
<class 'ImportError'>
cannot import name '_quote_string_constraints' from 'erddapy.erddapy' (/g/data/xp65/public/apps/med_conda/envs/analysis3-26.07/lib/python3.12/site-packages/erddapy/erddapy.py)
  warnings.warn(
/g/data/xp65/public/apps/med_conda/envs/analysis3-26.07/lib/python3.12/site-packages/argopy/utils/lists.py:66: UserWarning: An error occurred while loading the GDAC data fetcher, it will not be available !
<class 'ImportError'>
cannot import name '_quote_string_constraints' from 'erddapy.erddapy' (/g/data/xp65/public/apps/med_conda/envs/analysis3-26.07/lib/python3.12/site-packages/erddapy/erddapy.py)
  warnings.warn(
/g/data/xp65/public/apps/med_conda/envs/analysis3-26.07/lib/python3.12/site-packages/argopy/utils/lists.py:91: UserWarning: An error occurred while loading the ERDDAP index fetcher, it will not be available !
<class 'ImportError'>
cannot import name '_quote_string_constraints' from 'erddapy.erddapy' (/g/data/xp65/public/apps/med_conda/envs/analysis3-26.07/lib/python3.12/site-packages/erddapy/erddapy.py)
  warnings.warn(
/g/data/xp65/public/apps/med_conda/envs/analysis3-26.07/lib/python3.12/site-packages/argopy/utils/lists.py:107: UserWarning: An error occurred while loading the GDAC index fetcher, it will not be available !
<class 'ImportError'>
cannot import name '_quote_string_constraints' from 'erddapy.erddapy' (/g/data/xp65/public/apps/med_conda/envs/analysis3-26.07/lib/python3.12/site-packages/erddapy/erddapy.py)
  warnings.warn(
/home/563/fm6730/.local/lib/python3.12/site-packages/xarray/backends/plugins.py:109: RuntimeWarning: Engine 'argo' loading failed:
cannot import name '_quote_string_constraints' from 'erddapy.erddapy' (/g/data/xp65/public/apps/med_conda/envs/analysis3-26.07/lib/python3.12/site-packages/erddapy/erddapy.py)
  external_backend_entrypoints = backends_dict_from_pkg(entrypoints_unique)
Traceback (most recent call last):
  File "/home/563/fm6730/.local/lib/python3.12/site-packages/xarray/backends/file_manager.py", line 219, in _acquire_with_cache_info
    file = self._cache[self._key]
           ~~~~~~~~~~~^^^^^^^^^^^
  File "/home/563/fm6730/.local/lib/python3.12/site-packages/xarray/backends/lru_cache.py", line 56, in __getitem__
    value = self._cache[key]
            ~~~~~~~~~~~^^^^^
KeyError: [<class 'netCDF4._netCDF4.Dataset'>, ('/home/563/fm6730/localrepo/wave_vertical_heating/data/derived/q1_vert_structure/access-s2/e03/da_q1q2_yanai_20150201_e03_remap.nc',), 'r', (('clobber', True), ('diskless', False), ('format', 'NETCDF4'), ('persist', False)), 'c395f571-85e9-4827-a9c3-31b8f286adf9']

During handling of the above exception, another exception occurred:

Traceback (most recent call last):
  File "/home/563/fm6730/localrepo/wave_vertical_heating/scripts/utilities/compression_s2s_q1.py", line 14, in <module>
    ds = xr.open_dataset(file)
         ^^^^^^^^^^^^^^^^^^^^^
  File "/home/563/fm6730/.local/lib/python3.12/site-packages/xarray/backends/api.py", line 607, in open_dataset
    backend_ds = backend.open_dataset(
                 ^^^^^^^^^^^^^^^^^^^^^
  File "/home/563/fm6730/.local/lib/python3.12/site-packages/xarray/backends/netCDF4_.py", line 771, in open_dataset
    store = NetCDF4DataStore.open(
            ^^^^^^^^^^^^^^^^^^^^^^
  File "/home/563/fm6730/.local/lib/python3.12/site-packages/xarray/backends/netCDF4_.py", line 529, in open
    return cls(manager, group=group, mode=mode, lock=lock, autoclose=autoclose)
           ^^^^^^^^^^^^^^^^^^^^^^^^^^^^^^^^^^^^^^^^^^^^^^^^^^^^^^^^^^^^^^^^^^^^
  File "/home/563/fm6730/.local/lib/python3.12/site-packages/xarray/backends/netCDF4_.py", line 429, in __init__
    self.format = self.ds.data_model
                  ^^^^^^^
  File "/home/563/fm6730/.local/lib/python3.12/site-packages/xarray/backends/netCDF4_.py", line 538, in ds
    return self._acquire()
           ^^^^^^^^^^^^^^^
  File "/home/563/fm6730/.local/lib/python3.12/site-packages/xarray/backends/netCDF4_.py", line 532, in _acquire
    with self._manager.acquire_context(needs_lock) as root:
  File "/g/data/xp65/public/apps/med_conda/envs/analysis3-26.07/lib/python3.12/contextlib.py", line 137, in __enter__
    return next(self.gen)
           ^^^^^^^^^^^^^^
  File "/home/563/fm6730/.local/lib/python3.12/site-packages/xarray/backends/file_manager.py", line 207, in acquire_context
    file, cached = self._acquire_with_cache_info(needs_lock)
                   ^^^^^^^^^^^^^^^^^^^^^^^^^^^^^^^^^^^^^^^^^
  File "/home/563/fm6730/.local/lib/python3.12/site-packages/xarray/backends/file_manager.py", line 225, in _acquire_with_cache_info
    file = self._opener(*self._args, **kwargs)
           ^^^^^^^^^^^^^^^^^^^^^^^^^^^^^^^^^^^
  File "src/netCDF4/_netCDF4.pyx", line 2521, in netCDF4._netCDF4.Dataset.__init__
  File "src/netCDF4/_netCDF4.pyx", line 2158, in netCDF4._netCDF4._ensure_nc_success
FileNotFoundError: [Errno 2] No such file or directory: '/home/563/fm6730/localrepo/wave_vertical_heating/data/derived/q1_vert_structure/access-s2/e03/da_q1q2_yanai_20150201_e03_remap.nc'
/g/data/xp65/public/apps/med_conda/envs/analysis3-26.07/lib/python3.12/site-packages/sitecustomize.py:72: UserWarning: Pandas requires version '2.10.2' or newer of 'numexpr' (version '2.10.1' currently installed).
  mod = _real_import(name, globals, locals, fromlist, level)
/g/data/xp65/public/apps/med_conda/envs/analysis3-26.07/lib/python3.12/site-packages/argopy/utils/lists.py:38: UserWarning: An error occurred while loading the ERDDAP data fetcher, it will not be available !
<class 'ImportError'>
cannot import name '_quote_string_constraints' from 'erddapy.erddapy' (/g/data/xp65/public/apps/med_conda/envs/analysis3-26.07/lib/python3.12/site-packages/erddapy/erddapy.py)
  warnings.warn(
/g/data/xp65/public/apps/med_conda/envs/analysis3-26.07/lib/python3.12/site-packages/argopy/utils/lists.py:50: UserWarning: An error occurred while loading the ArgoVis data fetcher, it will not be available !
<class 'ImportError'>
cannot import name '_quote_string_constraints' from 'erddapy.erddapy' (/g/data/xp65/public/apps/med_conda/envs/analysis3-26.07/lib/python3.12/site-packages/erddapy/erddapy.py)
  warnings.warn(
/g/data/xp65/public/apps/med_conda/envs/analysis3-26.07/lib/python3.12/site-packages/argopy/utils/lists.py:66: UserWarning: An error occurred while loading the GDAC data fetcher, it will not be available !
<class 'ImportError'>
cannot import name '_quote_string_constraints' from 'erddapy.erddapy' (/g/data/xp65/public/apps/med_conda/envs/analysis3-26.07/lib/python3.12/site-packages/erddapy/erddapy.py)
  warnings.warn(
/g/data/xp65/public/apps/med_conda/envs/analysis3-26.07/lib/python3.12/site-packages/argopy/utils/lists.py:91: UserWarning: An error occurred while loading the ERDDAP index fetcher, it will not be available !
<class 'ImportError'>
cannot import name '_quote_string_constraints' from 'erddapy.erddapy' (/g/data/xp65/public/apps/med_conda/envs/analysis3-26.07/lib/python3.12/site-packages/erddapy/erddapy.py)
  warnings.warn(
/g/data/xp65/public/apps/med_conda/envs/analysis3-26.07/lib/python3.12/site-packages/argopy/utils/lists.py:107: UserWarning: An error occurred while loading the GDAC index fetcher, it will not be available !
<class 'ImportError'>
cannot import name '_quote_string_constraints' from 'erddapy.erddapy' (/g/data/xp65/public/apps/med_conda/envs/analysis3-26.07/lib/python3.12/site-packages/erddapy/erddapy.py)
  warnings.warn(
/home/563/fm6730/.local/lib/python3.12/site-packages/xarray/backends/plugins.py:109: RuntimeWarning: Engine 'argo' loading failed:
cannot import name '_quote_string_constraints' from 'erddapy.erddapy' (/g/data/xp65/public/apps/med_conda/envs/analysis3-26.07/lib/python3.12/site-packages/erddapy/erddapy.py)
  external_backend_entrypoints = backends_dict_from_pkg(entrypoints_unique)
Traceback (most recent call last):
  File "/home/563/fm6730/.local/lib/python3.12/site-packages/xarray/backends/file_manager.py", line 219, in _acquire_with_cache_info
    file = self._cache[self._key]
           ~~~~~~~~~~~^^^^^^^^^^^
  File "/home/563/fm6730/.local/lib/python3.12/site-packages/xarray/backends/lru_cache.py", line 56, in __getitem__
    value = self._cache[key]
            ~~~~~~~~~~~^^^^^
KeyError: [<class 'netCDF4._netCDF4.Dataset'>, ('/home/563/fm6730/localrepo/wave_vertical_heating/data/derived/q1_vert_structure/access-s2/e03/da_q1q2_yanai_20150228_e03_remap.nc',), 'r', (('clobber', True), ('diskless', False), ('format', 'NETCDF4'), ('persist', False)), '4ec86901-062c-4283-896d-aaf734a69835']

During handling of the above exception, another exception occurred:

Traceback (most recent call last):
  File "/home/563/fm6730/localrepo/wave_vertical_heating/scripts/utilities/compression_s2s_q1.py", line 14, in <module>
    ds = xr.open_dataset(file)
         ^^^^^^^^^^^^^^^^^^^^^
  File "/home/563/fm6730/.local/lib/python3.12/site-packages/xarray/backends/api.py", line 607, in open_dataset
    backend_ds = backend.open_dataset(
                 ^^^^^^^^^^^^^^^^^^^^^
  File "/home/563/fm6730/.local/lib/python3.12/site-packages/xarray/backends/netCDF4_.py", line 771, in open_dataset
    store = NetCDF4DataStore.open(
            ^^^^^^^^^^^^^^^^^^^^^^
  File "/home/563/fm6730/.local/lib/python3.12/site-packages/xarray/backends/netCDF4_.py", line 529, in open
    return cls(manager, group=group, mode=mode, lock=lock, autoclose=autoclose)
           ^^^^^^^^^^^^^^^^^^^^^^^^^^^^^^^^^^^^^^^^^^^^^^^^^^^^^^^^^^^^^^^^^^^^
  File "/home/563/fm6730/.local/lib/python3.12/site-packages/xarray/backends/netCDF4_.py", line 429, in __init__
    self.format = self.ds.data_model
                  ^^^^^^^
  File "/home/563/fm6730/.local/lib/python3.12/site-packages/xarray/backends/netCDF4_.py", line 538, in ds
    return self._acquire()
           ^^^^^^^^^^^^^^^
  File "/home/563/fm6730/.local/lib/python3.12/site-packages/xarray/backends/netCDF4_.py", line 532, in _acquire
    with self._manager.acquire_context(needs_lock) as root:
  File "/g/data/xp65/public/apps/med_conda/envs/analysis3-26.07/lib/python3.12/contextlib.py", line 137, in __enter__
    return next(self.gen)
           ^^^^^^^^^^^^^^
  File "/home/563/fm6730/.local/lib/python3.12/site-packages/xarray/backends/file_manager.py", line 207, in acquire_context
    file, cached = self._acquire_with_cache_info(needs_lock)
                   ^^^^^^^^^^^^^^^^^^^^^^^^^^^^^^^^^^^^^^^^^
  File "/home/563/fm6730/.local/lib/python3.12/site-packages/xarray/backends/file_manager.py", line 225, in _acquire_with_cache_info
    file = self._opener(*self._args, **kwargs)
           ^^^^^^^^^^^^^^^^^^^^^^^^^^^^^^^^^^^
  File "src/netCDF4/_netCDF4.pyx", line 2521, in netCDF4._netCDF4.Dataset.__init__
  File "src/netCDF4/_netCDF4.pyx", line 2158, in netCDF4._netCDF4._ensure_nc_success
FileNotFoundError: [Errno 2] No such file or directory: '/home/563/fm6730/localrepo/wave_vertical_heating/data/derived/q1_vert_structure/access-s2/e03/da_q1q2_yanai_20150228_e03_remap.nc'
/g/data/xp65/public/apps/med_conda/envs/analysis3-26.07/lib/python3.12/site-packages/sitecustomize.py:72: UserWarning: Pandas requires version '2.10.2' or newer of 'numexpr' (version '2.10.1' currently installed).
  mod = _real_import(name, globals, locals, fromlist, level)
/g/data/xp65/public/apps/med_conda/envs/analysis3-26.07/lib/python3.12/site-packages/argopy/utils/lists.py:38: UserWarning: An error occurred while loading the ERDDAP data fetcher, it will not be available !
<class 'ImportError'>
cannot import name '_quote_string_constraints' from 'erddapy.erddapy' (/g/data/xp65/public/apps/med_conda/envs/analysis3-26.07/lib/python3.12/site-packages/erddapy/erddapy.py)
  warnings.warn(
/g/data/xp65/public/apps/med_conda/envs/analysis3-26.07/lib/python3.12/site-packages/argopy/utils/lists.py:50: UserWarning: An error occurred while loading the ArgoVis data fetcher, it will not be available !
<class 'ImportError'>
cannot import name '_quote_string_constraints' from 'erddapy.erddapy' (/g/data/xp65/public/apps/med_conda/envs/analysis3-26.07/lib/python3.12/site-packages/erddapy/erddapy.py)
  warnings.warn(
/g/data/xp65/public/apps/med_conda/envs/analysis3-26.07/lib/python3.12/site-packages/argopy/utils/lists.py:66: UserWarning: An error occurred while loading the GDAC data fetcher, it will not be available !
<class 'ImportError'>
cannot import name '_quote_string_constraints' from 'erddapy.erddapy' (/g/data/xp65/public/apps/med_conda/envs/analysis3-26.07/lib/python3.12/site-packages/erddapy/erddapy.py)
  warnings.warn(
/g/data/xp65/public/apps/med_conda/envs/analysis3-26.07/lib/python3.12/site-packages/argopy/utils/lists.py:91: UserWarning: An error occurred while loading the ERDDAP index fetcher, it will not be available !
<class 'ImportError'>
cannot import name '_quote_string_constraints' from 'erddapy.erddapy' (/g/data/xp65/public/apps/med_conda/envs/analysis3-26.07/lib/python3.12/site-packages/erddapy/erddapy.py)
  warnings.warn(
/g/data/xp65/public/apps/med_conda/envs/analysis3-26.07/lib/python3.12/site-packages/argopy/utils/lists.py:107: UserWarning: An error occurred while loading the GDAC index fetcher, it will not be available !
<class 'ImportError'>
cannot import name '_quote_string_constraints' from 'erddapy.erddapy' (/g/data/xp65/public/apps/med_conda/envs/analysis3-26.07/lib/python3.12/site-packages/erddapy/erddapy.py)
  warnings.warn(
/home/563/fm6730/.local/lib/python3.12/site-packages/xarray/backends/plugins.py:109: RuntimeWarning: Engine 'argo' loading failed:
cannot import name '_quote_string_constraints' from 'erddapy.erddapy' (/g/data/xp65/public/apps/med_conda/envs/analysis3-26.07/lib/python3.12/site-packages/erddapy/erddapy.py)
  external_backend_entrypoints = backends_dict_from_pkg(entrypoints_unique)
Traceback (most recent call last):
  File "/home/563/fm6730/.local/lib/python3.12/site-packages/xarray/backends/file_manager.py", line 219, in _acquire_with_cache_info
    file = self._cache[self._key]
           ~~~~~~~~~~~^^^^^^^^^^^
  File "/home/563/fm6730/.local/lib/python3.12/site-packages/xarray/backends/lru_cache.py", line 56, in __getitem__
    value = self._cache[key]
            ~~~~~~~~~~~^^^^^
KeyError: [<class 'netCDF4._netCDF4.Dataset'>, ('/home/563/fm6730/localrepo/wave_vertical_heating/data/derived/q1_vert_structure/access-s2/e03/da_q1q2_yanai_20150101_e03_remap.nc',), 'r', (('clobber', True), ('diskless', False), ('format', 'NETCDF4'), ('persist', False)), '0fa2c0f1-74b8-48ad-b60a-bc2b2c2118b7']

During handling of the above exception, another exception occurred:

Traceback (most recent call last):
  File "/home/563/fm6730/localrepo/wave_vertical_heating/scripts/utilities/compression_s2s_q1.py", line 14, in <module>
    ds = xr.open_dataset(file)
         ^^^^^^^^^^^^^^^^^^^^^
  File "/home/563/fm6730/.local/lib/python3.12/site-packages/xarray/backends/api.py", line 607, in open_dataset
    backend_ds = backend.open_dataset(
                 ^^^^^^^^^^^^^^^^^^^^^
  File "/home/563/fm6730/.local/lib/python3.12/site-packages/xarray/backends/netCDF4_.py", line 771, in open_dataset
    store = NetCDF4DataStore.open(
            ^^^^^^^^^^^^^^^^^^^^^^
  File "/home/563/fm6730/.local/lib/python3.12/site-packages/xarray/backends/netCDF4_.py", line 529, in open
    return cls(manager, group=group, mode=mode, lock=lock, autoclose=autoclose)
           ^^^^^^^^^^^^^^^^^^^^^^^^^^^^^^^^^^^^^^^^^^^^^^^^^^^^^^^^^^^^^^^^^^^^
  File "/home/563/fm6730/.local/lib/python3.12/site-packages/xarray/backends/netCDF4_.py", line 429, in __init__
    self.format = self.ds.data_model
                  ^^^^^^^
  File "/home/563/fm6730/.local/lib/python3.12/site-packages/xarray/backends/netCDF4_.py", line 538, in ds
    return self._acquire()
           ^^^^^^^^^^^^^^^
  File "/home/563/fm6730/.local/lib/python3.12/site-packages/xarray/backends/netCDF4_.py", line 532, in _acquire
    with self._manager.acquire_context(needs_lock) as root:
  File "/g/data/xp65/public/apps/med_conda/envs/analysis3-26.07/lib/python3.12/contextlib.py", line 137, in __enter__
    return next(self.gen)
           ^^^^^^^^^^^^^^
  File "/home/563/fm6730/.local/lib/python3.12/site-packages/xarray/backends/file_manager.py", line 207, in acquire_context
    file, cached = self._acquire_with_cache_info(needs_lock)
                   ^^^^^^^^^^^^^^^^^^^^^^^^^^^^^^^^^^^^^^^^^
  File "/home/563/fm6730/.local/lib/python3.12/site-packages/xarray/backends/file_manager.py", line 225, in _acquire_with_cache_info
    file = self._opener(*self._args, **kwargs)
           ^^^^^^^^^^^^^^^^^^^^^^^^^^^^^^^^^^^
  File "src/netCDF4/_netCDF4.pyx", line 2521, in netCDF4._netCDF4.Dataset.__init__
  File "src/netCDF4/_netCDF4.pyx", line 2158, in netCDF4._netCDF4._ensure_nc_success
FileNotFoundError: [Errno 2] No such file or directory: '/home/563/fm6730/localrepo/wave_vertical_heating/data/derived/q1_vert_structure/access-s2/e03/da_q1q2_yanai_20150101_e03_remap.nc'
/g/data/xp65/public/apps/med_conda/envs/analysis3-26.07/lib/python3.12/site-packages/sitecustomize.py:72: UserWarning: Pandas requires version '2.10.2' or newer of 'numexpr' (version '2.10.1' currently installed).
  mod = _real_import(name, globals, locals, fromlist, level)
/g/data/xp65/public/apps/med_conda/envs/analysis3-26.07/lib/python3.12/site-packages/argopy/utils/lists.py:38: UserWarning: An error occurred while loading the ERDDAP data fetcher, it will not be available !
<class 'ImportError'>
cannot import name '_quote_string_constraints' from 'erddapy.erddapy' (/g/data/xp65/public/apps/med_conda/envs/analysis3-26.07/lib/python3.12/site-packages/erddapy/erddapy.py)
  warnings.warn(
/g/data/xp65/public/apps/med_conda/envs/analysis3-26.07/lib/python3.12/site-packages/argopy/utils/lists.py:50: UserWarning: An error occurred while loading the ArgoVis data fetcher, it will not be available !
<class 'ImportError'>
cannot import name '_quote_string_constraints' from 'erddapy.erddapy' (/g/data/xp65/public/apps/med_conda/envs/analysis3-26.07/lib/python3.12/site-packages/erddapy/erddapy.py)
  warnings.warn(
/g/data/xp65/public/apps/med_conda/envs/analysis3-26.07/lib/python3.12/site-packages/argopy/utils/lists.py:66: UserWarning: An error occurred while loading the GDAC data fetcher, it will not be available !
<class 'ImportError'>
cannot import name '_quote_string_constraints' from 'erddapy.erddapy' (/g/data/xp65/public/apps/med_conda/envs/analysis3-26.07/lib/python3.12/site-packages/erddapy/erddapy.py)
  warnings.warn(
/g/data/xp65/public/apps/med_conda/envs/analysis3-26.07/lib/python3.12/site-packages/argopy/utils/lists.py:91: UserWarning: An error occurred while loading the ERDDAP index fetcher, it will not be available !
<class 'ImportError'>
cannot import name '_quote_string_constraints' from 'erddapy.erddapy' (/g/data/xp65/public/apps/med_conda/envs/analysis3-26.07/lib/python3.12/site-packages/erddapy/erddapy.py)
  warnings.warn(
/g/data/xp65/public/apps/med_conda/envs/analysis3-26.07/lib/python3.12/site-packages/argopy/utils/lists.py:107: UserWarning: An error occurred while loading the GDAC index fetcher, it will not be available !
<class 'ImportError'>
cannot import name '_quote_string_constraints' from 'erddapy.erddapy' (/g/data/xp65/public/apps/med_conda/envs/analysis3-26.07/lib/python3.12/site-packages/erddapy/erddapy.py)
  warnings.warn(
/home/563/fm6730/.local/lib/python3.12/site-packages/xarray/backends/plugins.py:109: RuntimeWarning: Engine 'argo' loading failed:
cannot import name '_quote_string_constraints' from 'erddapy.erddapy' (/g/data/xp65/public/apps/med_conda/envs/analysis3-26.07/lib/python3.12/site-packages/erddapy/erddapy.py)
  external_backend_entrypoints = backends_dict_from_pkg(entrypoints_unique)
Traceback (most recent call last):
  File "/home/563/fm6730/.local/lib/python3.12/site-packages/xarray/backends/file_manager.py", line 219, in _acquire_with_cache_info
    file = self._cache[self._key]
           ~~~~~~~~~~~^^^^^^^^^^^
  File "/home/563/fm6730/.local/lib/python3.12/site-packages/xarray/backends/lru_cache.py", line 56, in __getitem__
    value = self._cache[key]
            ~~~~~~~~~~~^^^^^
KeyError: [<class 'netCDF4._netCDF4.Dataset'>, ('/home/563/fm6730/localrepo/wave_vertical_heating/data/derived/q1_vert_structure/access-s2/e03/da_q1q2_yanai_20150501_e03_remap.nc',), 'r', (('clobber', True), ('diskless', False), ('format', 'NETCDF4'), ('persist', False)), 'f2d5af14-9385-4c85-8342-197133df6022']

During handling of the above exception, another exception occurred:

Traceback (most recent call last):
  File "/home/563/fm6730/localrepo/wave_vertical_heating/scripts/utilities/compression_s2s_q1.py", line 14, in <module>
    ds = xr.open_dataset(file)
         ^^^^^^^^^^^^^^^^^^^^^
  File "/home/563/fm6730/.local/lib/python3.12/site-packages/xarray/backends/api.py", line 607, in open_dataset
    backend_ds = backend.open_dataset(
                 ^^^^^^^^^^^^^^^^^^^^^
  File "/home/563/fm6730/.local/lib/python3.12/site-packages/xarray/backends/netCDF4_.py", line 771, in open_dataset
    store = NetCDF4DataStore.open(
            ^^^^^^^^^^^^^^^^^^^^^^
  File "/home/563/fm6730/.local/lib/python3.12/site-packages/xarray/backends/netCDF4_.py", line 529, in open
    return cls(manager, group=group, mode=mode, lock=lock, autoclose=autoclose)
           ^^^^^^^^^^^^^^^^^^^^^^^^^^^^^^^^^^^^^^^^^^^^^^^^^^^^^^^^^^^^^^^^^^^^
  File "/home/563/fm6730/.local/lib/python3.12/site-packages/xarray/backends/netCDF4_.py", line 429, in __init__
    self.format = self.ds.data_model
                  ^^^^^^^
  File "/home/563/fm6730/.local/lib/python3.12/site-packages/xarray/backends/netCDF4_.py", line 538, in ds
    return self._acquire()
           ^^^^^^^^^^^^^^^
  File "/home/563/fm6730/.local/lib/python3.12/site-packages/xarray/backends/netCDF4_.py", line 532, in _acquire
    with self._manager.acquire_context(needs_lock) as root:
  File "/g/data/xp65/public/apps/med_conda/envs/analysis3-26.07/lib/python3.12/contextlib.py", line 137, in __enter__
    return next(self.gen)
           ^^^^^^^^^^^^^^
  File "/home/563/fm6730/.local/lib/python3.12/site-packages/xarray/backends/file_manager.py", line 207, in acquire_context
    file, cached = self._acquire_with_cache_info(needs_lock)
                   ^^^^^^^^^^^^^^^^^^^^^^^^^^^^^^^^^^^^^^^^^
  File "/home/563/fm6730/.local/lib/python3.12/site-packages/xarray/backends/file_manager.py", line 225, in _acquire_with_cache_info
    file = self._opener(*self._args, **kwargs)
           ^^^^^^^^^^^^^^^^^^^^^^^^^^^^^^^^^^^
  File "src/netCDF4/_netCDF4.pyx", line 2521, in netCDF4._netCDF4.Dataset.__init__
  File "src/netCDF4/_netCDF4.pyx", line 2158, in netCDF4._netCDF4._ensure_nc_success
FileNotFoundError: [Errno 2] No such file or directory: '/home/563/fm6730/localrepo/wave_vertical_heating/data/derived/q1_vert_structure/access-s2/e03/da_q1q2_yanai_20150501_e03_remap.nc'
/g/data/xp65/public/apps/med_conda/envs/analysis3-26.07/lib/python3.12/site-packages/sitecustomize.py:72: UserWarning: Pandas requires version '2.10.2' or newer of 'numexpr' (version '2.10.1' currently installed).
  mod = _real_import(name, globals, locals, fromlist, level)
/g/data/xp65/public/apps/med_conda/envs/analysis3-26.07/lib/python3.12/site-packages/argopy/utils/lists.py:38: UserWarning: An error occurred while loading the ERDDAP data fetcher, it will not be available !
<class 'ImportError'>
cannot import name '_quote_string_constraints' from 'erddapy.erddapy' (/g/data/xp65/public/apps/med_conda/envs/analysis3-26.07/lib/python3.12/site-packages/erddapy/erddapy.py)
  warnings.warn(
/g/data/xp65/public/apps/med_conda/envs/analysis3-26.07/lib/python3.12/site-packages/argopy/utils/lists.py:50: UserWarning: An error occurred while loading the ArgoVis data fetcher, it will not be available !
<class 'ImportError'>
cannot import name '_quote_string_constraints' from 'erddapy.erddapy' (/g/data/xp65/public/apps/med_conda/envs/analysis3-26.07/lib/python3.12/site-packages/erddapy/erddapy.py)
  warnings.warn(
/g/data/xp65/public/apps/med_conda/envs/analysis3-26.07/lib/python3.12/site-packages/argopy/utils/lists.py:66: UserWarning: An error occurred while loading the GDAC data fetcher, it will not be available !
<class 'ImportError'>
cannot import name '_quote_string_constraints' from 'erddapy.erddapy' (/g/data/xp65/public/apps/med_conda/envs/analysis3-26.07/lib/python3.12/site-packages/erddapy/erddapy.py)
  warnings.warn(
/g/data/xp65/public/apps/med_conda/envs/analysis3-26.07/lib/python3.12/site-packages/argopy/utils/lists.py:91: UserWarning: An error occurred while loading the ERDDAP index fetcher, it will not be available !
<class 'ImportError'>
cannot import name '_quote_string_constraints' from 'erddapy.erddapy' (/g/data/xp65/public/apps/med_conda/envs/analysis3-26.07/lib/python3.12/site-packages/erddapy/erddapy.py)
  warnings.warn(
/g/data/xp65/public/apps/med_conda/envs/analysis3-26.07/lib/python3.12/site-packages/argopy/utils/lists.py:107: UserWarning: An error occurred while loading the GDAC index fetcher, it will not be available !
<class 'ImportError'>
cannot import name '_quote_string_constraints' from 'erddapy.erddapy' (/g/data/xp65/public/apps/med_conda/envs/analysis3-26.07/lib/python3.12/site-packages/erddapy/erddapy.py)
  warnings.warn(
/home/563/fm6730/.local/lib/python3.12/site-packages/xarray/backends/plugins.py:109: RuntimeWarning: Engine 'argo' loading failed:
cannot import name '_quote_string_constraints' from 'erddapy.erddapy' (/g/data/xp65/public/apps/med_conda/envs/analysis3-26.07/lib/python3.12/site-packages/erddapy/erddapy.py)
  external_backend_entrypoints = backends_dict_from_pkg(entrypoints_unique)
Traceback (most recent call last):
  File "/home/563/fm6730/.local/lib/python3.12/site-packages/xarray/backends/file_manager.py", line 219, in _acquire_with_cache_info
    file = self._cache[self._key]
           ~~~~~~~~~~~^^^^^^^^^^^
  File "/home/563/fm6730/.local/lib/python3.12/site-packages/xarray/backends/lru_cache.py", line 56, in __getitem__
    value = self._cache[key]
            ~~~~~~~~~~~^^^^^
KeyError: [<class 'netCDF4._netCDF4.Dataset'>, ('/home/563/fm6730/localrepo/wave_vertical_heating/data/derived/q1_vert_structure/access-s2/e03/da_q1q2_yanai_20141201_e03_remap.nc',), 'r', (('clobber', True), ('diskless', False), ('format', 'NETCDF4'), ('persist', False)), '5b4c4414-b673-4164-82cd-8535f7de4237']

During handling of the above exception, another exception occurred:

Traceback (most recent call last):
  File "/home/563/fm6730/localrepo/wave_vertical_heating/scripts/utilities/compression_s2s_q1.py", line 14, in <module>
    ds = xr.open_dataset(file)
         ^^^^^^^^^^^^^^^^^^^^^
  File "/home/563/fm6730/.local/lib/python3.12/site-packages/xarray/backends/api.py", line 607, in open_dataset
    backend_ds = backend.open_dataset(
                 ^^^^^^^^^^^^^^^^^^^^^
  File "/home/563/fm6730/.local/lib/python3.12/site-packages/xarray/backends/netCDF4_.py", line 771, in open_dataset
    store = NetCDF4DataStore.open(
            ^^^^^^^^^^^^^^^^^^^^^^
  File "/home/563/fm6730/.local/lib/python3.12/site-packages/xarray/backends/netCDF4_.py", line 529, in open
    return cls(manager, group=group, mode=mode, lock=lock, autoclose=autoclose)
           ^^^^^^^^^^^^^^^^^^^^^^^^^^^^^^^^^^^^^^^^^^^^^^^^^^^^^^^^^^^^^^^^^^^^
  File "/home/563/fm6730/.local/lib/python3.12/site-packages/xarray/backends/netCDF4_.py", line 429, in __init__
    self.format = self.ds.data_model
                  ^^^^^^^
  File "/home/563/fm6730/.local/lib/python3.12/site-packages/xarray/backends/netCDF4_.py", line 538, in ds
    return self._acquire()
           ^^^^^^^^^^^^^^^
  File "/home/563/fm6730/.local/lib/python3.12/site-packages/xarray/backends/netCDF4_.py", line 532, in _acquire
    with self._manager.acquire_context(needs_lock) as root:
  File "/g/data/xp65/public/apps/med_conda/envs/analysis3-26.07/lib/python3.12/contextlib.py", line 137, in __enter__
    return next(self.gen)
           ^^^^^^^^^^^^^^
  File "/home/563/fm6730/.local/lib/python3.12/site-packages/xarray/backends/file_manager.py", line 207, in acquire_context
    file, cached = self._acquire_with_cache_info(needs_lock)
                   ^^^^^^^^^^^^^^^^^^^^^^^^^^^^^^^^^^^^^^^^^
  File "/home/563/fm6730/.local/lib/python3.12/site-packages/xarray/backends/file_manager.py", line 225, in _acquire_with_cache_info
    file = self._opener(*self._args, **kwargs)
           ^^^^^^^^^^^^^^^^^^^^^^^^^^^^^^^^^^^
  File "src/netCDF4/_netCDF4.pyx", line 2521, in netCDF4._netCDF4.Dataset.__init__
  File "src/netCDF4/_netCDF4.pyx", line 2158, in netCDF4._netCDF4._ensure_nc_success
FileNotFoundError: [Errno 2] No such file or directory: '/home/563/fm6730/localrepo/wave_vertical_heating/data/derived/q1_vert_structure/access-s2/e03/da_q1q2_yanai_20141201_e03_remap.nc'
/g/data/xp65/public/apps/med_conda/envs/analysis3-26.07/lib/python3.12/site-packages/sitecustomize.py:72: UserWarning: Pandas requires version '2.10.2' or newer of 'numexpr' (version '2.10.1' currently installed).
  mod = _real_import(name, globals, locals, fromlist, level)
/g/data/xp65/public/apps/med_conda/envs/analysis3-26.07/lib/python3.12/site-packages/argopy/utils/lists.py:38: UserWarning: An error occurred while loading the ERDDAP data fetcher, it will not be available !
<class 'ImportError'>
cannot import name '_quote_string_constraints' from 'erddapy.erddapy' (/g/data/xp65/public/apps/med_conda/envs/analysis3-26.07/lib/python3.12/site-packages/erddapy/erddapy.py)
  warnings.warn(
/g/data/xp65/public/apps/med_conda/envs/analysis3-26.07/lib/python3.12/site-packages/argopy/utils/lists.py:50: UserWarning: An error occurred while loading the ArgoVis data fetcher, it will not be available !
<class 'ImportError'>
cannot import name '_quote_string_constraints' from 'erddapy.erddapy' (/g/data/xp65/public/apps/med_conda/envs/analysis3-26.07/lib/python3.12/site-packages/erddapy/erddapy.py)
  warnings.warn(
/g/data/xp65/public/apps/med_conda/envs/analysis3-26.07/lib/python3.12/site-packages/argopy/utils/lists.py:66: UserWarning: An error occurred while loading the GDAC data fetcher, it will not be available !
<class 'ImportError'>
cannot import name '_quote_string_constraints' from 'erddapy.erddapy' (/g/data/xp65/public/apps/med_conda/envs/analysis3-26.07/lib/python3.12/site-packages/erddapy/erddapy.py)
  warnings.warn(
/g/data/xp65/public/apps/med_conda/envs/analysis3-26.07/lib/python3.12/site-packages/argopy/utils/lists.py:91: UserWarning: An error occurred while loading the ERDDAP index fetcher, it will not be available !
<class 'ImportError'>
cannot import name '_quote_string_constraints' from 'erddapy.erddapy' (/g/data/xp65/public/apps/med_conda/envs/analysis3-26.07/lib/python3.12/site-packages/erddapy/erddapy.py)
  warnings.warn(
/g/data/xp65/public/apps/med_conda/envs/analysis3-26.07/lib/python3.12/site-packages/argopy/utils/lists.py:107: UserWarning: An error occurred while loading the GDAC index fetcher, it will not be available !
<class 'ImportError'>
cannot import name '_quote_string_constraints' from 'erddapy.erddapy' (/g/data/xp65/public/apps/med_conda/envs/analysis3-26.07/lib/python3.12/site-packages/erddapy/erddapy.py)
  warnings.warn(
/home/563/fm6730/.local/lib/python3.12/site-packages/xarray/backends/plugins.py:109: RuntimeWarning: Engine 'argo' loading failed:
cannot import name '_quote_string_constraints' from 'erddapy.erddapy' (/g/data/xp65/public/apps/med_conda/envs/analysis3-26.07/lib/python3.12/site-packages/erddapy/erddapy.py)
  external_backend_entrypoints = backends_dict_from_pkg(entrypoints_unique)
Traceback (most recent call last):
  File "/home/563/fm6730/.local/lib/python3.12/site-packages/xarray/backends/file_manager.py", line 219, in _acquire_with_cache_info
    file = self._cache[self._key]
           ~~~~~~~~~~~^^^^^^^^^^^
  File "/home/563/fm6730/.local/lib/python3.12/site-packages/xarray/backends/lru_cache.py", line 56, in __getitem__
    value = self._cache[key]
            ~~~~~~~~~~~^^^^^
KeyError: [<class 'netCDF4._netCDF4.Dataset'>, ('/home/563/fm6730/localrepo/wave_vertical_heating/data/derived/q1_vert_structure/access-s2/e03/da_q1q2_yanai_20150430_e03_remap.nc',), 'r', (('clobber', True), ('diskless', False), ('format', 'NETCDF4'), ('persist', False)), '08e8221a-a59a-4bbc-9125-a888f4bc1bc7']

During handling of the above exception, another exception occurred:

Traceback (most recent call last):
  File "/home/563/fm6730/localrepo/wave_vertical_heating/scripts/utilities/compression_s2s_q1.py", line 14, in <module>
    ds = xr.open_dataset(file)
         ^^^^^^^^^^^^^^^^^^^^^
  File "/home/563/fm6730/.local/lib/python3.12/site-packages/xarray/backends/api.py", line 607, in open_dataset
    backend_ds = backend.open_dataset(
                 ^^^^^^^^^^^^^^^^^^^^^
  File "/home/563/fm6730/.local/lib/python3.12/site-packages/xarray/backends/netCDF4_.py", line 771, in open_dataset
    store = NetCDF4DataStore.open(
            ^^^^^^^^^^^^^^^^^^^^^^
  File "/home/563/fm6730/.local/lib/python3.12/site-packages/xarray/backends/netCDF4_.py", line 529, in open
    return cls(manager, group=group, mode=mode, lock=lock, autoclose=autoclose)
           ^^^^^^^^^^^^^^^^^^^^^^^^^^^^^^^^^^^^^^^^^^^^^^^^^^^^^^^^^^^^^^^^^^^^
  File "/home/563/fm6730/.local/lib/python3.12/site-packages/xarray/backends/netCDF4_.py", line 429, in __init__
    self.format = self.ds.data_model
                  ^^^^^^^
  File "/home/563/fm6730/.local/lib/python3.12/site-packages/xarray/backends/netCDF4_.py", line 538, in ds
    return self._acquire()
           ^^^^^^^^^^^^^^^
  File "/home/563/fm6730/.local/lib/python3.12/site-packages/xarray/backends/netCDF4_.py", line 532, in _acquire
    with self._manager.acquire_context(needs_lock) as root:
  File "/g/data/xp65/public/apps/med_conda/envs/analysis3-26.07/lib/python3.12/contextlib.py", line 137, in __enter__
    return next(self.gen)
           ^^^^^^^^^^^^^^
  File "/home/563/fm6730/.local/lib/python3.12/site-packages/xarray/backends/file_manager.py", line 207, in acquire_context
    file, cached = self._acquire_with_cache_info(needs_lock)
                   ^^^^^^^^^^^^^^^^^^^^^^^^^^^^^^^^^^^^^^^^^
  File "/home/563/fm6730/.local/lib/python3.12/site-packages/xarray/backends/file_manager.py", line 225, in _acquire_with_cache_info
    file = self._opener(*self._args, **kwargs)
           ^^^^^^^^^^^^^^^^^^^^^^^^^^^^^^^^^^^
  File "src/netCDF4/_netCDF4.pyx", line 2521, in netCDF4._netCDF4.Dataset.__init__
  File "src/netCDF4/_netCDF4.pyx", line 2158, in netCDF4._netCDF4._ensure_nc_success
FileNotFoundError: [Errno 2] No such file or directory: '/home/563/fm6730/localrepo/wave_vertical_heating/data/derived/q1_vert_structure/access-s2/e03/da_q1q2_yanai_20150430_e03_remap.nc'
/g/data/xp65/public/apps/med_conda/envs/analysis3-26.07/lib/python3.12/site-packages/sitecustomize.py:72: UserWarning: Pandas requires version '2.10.2' or newer of 'numexpr' (version '2.10.1' currently installed).
  mod = _real_import(name, globals, locals, fromlist, level)
/g/data/xp65/public/apps/med_conda/envs/analysis3-26.07/lib/python3.12/site-packages/argopy/utils/lists.py:38: UserWarning: An error occurred while loading the ERDDAP data fetcher, it will not be available !
<class 'ImportError'>
cannot import name '_quote_string_constraints' from 'erddapy.erddapy' (/g/data/xp65/public/apps/med_conda/envs/analysis3-26.07/lib/python3.12/site-packages/erddapy/erddapy.py)
  warnings.warn(
/g/data/xp65/public/apps/med_conda/envs/analysis3-26.07/lib/python3.12/site-packages/argopy/utils/lists.py:50: UserWarning: An error occurred while loading the ArgoVis data fetcher, it will not be available !
<class 'ImportError'>
cannot import name '_quote_string_constraints' from 'erddapy.erddapy' (/g/data/xp65/public/apps/med_conda/envs/analysis3-26.07/lib/python3.12/site-packages/erddapy/erddapy.py)
  warnings.warn(
/g/data/xp65/public/apps/med_conda/envs/analysis3-26.07/lib/python3.12/site-packages/argopy/utils/lists.py:66: UserWarning: An error occurred while loading the GDAC data fetcher, it will not be available !
<class 'ImportError'>
cannot import name '_quote_string_constraints' from 'erddapy.erddapy' (/g/data/xp65/public/apps/med_conda/envs/analysis3-26.07/lib/python3.12/site-packages/erddapy/erddapy.py)
  warnings.warn(
/g/data/xp65/public/apps/med_conda/envs/analysis3-26.07/lib/python3.12/site-packages/argopy/utils/lists.py:91: UserWarning: An error occurred while loading the ERDDAP index fetcher, it will not be available !
<class 'ImportError'>
cannot import name '_quote_string_constraints' from 'erddapy.erddapy' (/g/data/xp65/public/apps/med_conda/envs/analysis3-26.07/lib/python3.12/site-packages/erddapy/erddapy.py)
  warnings.warn(
/g/data/xp65/public/apps/med_conda/envs/analysis3-26.07/lib/python3.12/site-packages/argopy/utils/lists.py:107: UserWarning: An error occurred while loading the GDAC index fetcher, it will not be available !
<class 'ImportError'>
cannot import name '_quote_string_constraints' from 'erddapy.erddapy' (/g/data/xp65/public/apps/med_conda/envs/analysis3-26.07/lib/python3.12/site-packages/erddapy/erddapy.py)
  warnings.warn(
/home/563/fm6730/.local/lib/python3.12/site-packages/xarray/backends/plugins.py:109: RuntimeWarning: Engine 'argo' loading failed:
cannot import name '_quote_string_constraints' from 'erddapy.erddapy' (/g/data/xp65/public/apps/med_conda/envs/analysis3-26.07/lib/python3.12/site-packages/erddapy/erddapy.py)
  external_backend_entrypoints = backends_dict_from_pkg(entrypoints_unique)
Traceback (most recent call last):
  File "/home/563/fm6730/.local/lib/python3.12/site-packages/xarray/backends/file_manager.py", line 219, in _acquire_with_cache_info
    file = self._cache[self._key]
           ~~~~~~~~~~~^^^^^^^^^^^
  File "/home/563/fm6730/.local/lib/python3.12/site-packages/xarray/backends/lru_cache.py", line 56, in __getitem__
    value = self._cache[key]
            ~~~~~~~~~~~^^^^^
KeyError: [<class 'netCDF4._netCDF4.Dataset'>, ('/home/563/fm6730/localrepo/wave_vertical_heating/data/derived/q1_vert_structure/access-s2/e03/da_q1q2_yanai_20150530_e03_remap.nc',), 'r', (('clobber', True), ('diskless', False), ('format', 'NETCDF4'), ('persist', False)), 'daab0afc-9fb0-4cd3-8209-1b8b70d138f4']

During handling of the above exception, another exception occurred:

Traceback (most recent call last):
  File "/home/563/fm6730/localrepo/wave_vertical_heating/scripts/utilities/compression_s2s_q1.py", line 14, in <module>
    ds = xr.open_dataset(file)
         ^^^^^^^^^^^^^^^^^^^^^
  File "/home/563/fm6730/.local/lib/python3.12/site-packages/xarray/backends/api.py", line 607, in open_dataset
    backend_ds = backend.open_dataset(
                 ^^^^^^^^^^^^^^^^^^^^^
  File "/home/563/fm6730/.local/lib/python3.12/site-packages/xarray/backends/netCDF4_.py", line 771, in open_dataset
    store = NetCDF4DataStore.open(
            ^^^^^^^^^^^^^^^^^^^^^^
  File "/home/563/fm6730/.local/lib/python3.12/site-packages/xarray/backends/netCDF4_.py", line 529, in open
    return cls(manager, group=group, mode=mode, lock=lock, autoclose=autoclose)
           ^^^^^^^^^^^^^^^^^^^^^^^^^^^^^^^^^^^^^^^^^^^^^^^^^^^^^^^^^^^^^^^^^^^^
  File "/home/563/fm6730/.local/lib/python3.12/site-packages/xarray/backends/netCDF4_.py", line 429, in __init__
    self.format = self.ds.data_model
                  ^^^^^^^
  File "/home/563/fm6730/.local/lib/python3.12/site-packages/xarray/backends/netCDF4_.py", line 538, in ds
    return self._acquire()
           ^^^^^^^^^^^^^^^
  File "/home/563/fm6730/.local/lib/python3.12/site-packages/xarray/backends/netCDF4_.py", line 532, in _acquire
    with self._manager.acquire_context(needs_lock) as root:
  File "/g/data/xp65/public/apps/med_conda/envs/analysis3-26.07/lib/python3.12/contextlib.py", line 137, in __enter__
    return next(self.gen)
           ^^^^^^^^^^^^^^
  File "/home/563/fm6730/.local/lib/python3.12/site-packages/xarray/backends/file_manager.py", line 207, in acquire_context
    file, cached = self._acquire_with_cache_info(needs_lock)
                   ^^^^^^^^^^^^^^^^^^^^^^^^^^^^^^^^^^^^^^^^^
  File "/home/563/fm6730/.local/lib/python3.12/site-packages/xarray/backends/file_manager.py", line 225, in _acquire_with_cache_info
    file = self._opener(*self._args, **kwargs)
           ^^^^^^^^^^^^^^^^^^^^^^^^^^^^^^^^^^^
  File "src/netCDF4/_netCDF4.pyx", line 2521, in netCDF4._netCDF4.Dataset.__init__
  File "src/netCDF4/_netCDF4.pyx", line 2158, in netCDF4._netCDF4._ensure_nc_success
FileNotFoundError: [Errno 2] No such file or directory: '/home/563/fm6730/localrepo/wave_vertical_heating/data/derived/q1_vert_structure/access-s2/e03/da_q1q2_yanai_20150530_e03_remap.nc'
/g/data/xp65/public/apps/med_conda/envs/analysis3-26.07/lib/python3.12/site-packages/sitecustomize.py:72: UserWarning: Pandas requires version '2.10.2' or newer of 'numexpr' (version '2.10.1' currently installed).
  mod = _real_import(name, globals, locals, fromlist, level)
/g/data/xp65/public/apps/med_conda/envs/analysis3-26.07/lib/python3.12/site-packages/argopy/utils/lists.py:38: UserWarning: An error occurred while loading the ERDDAP data fetcher, it will not be available !
<class 'ImportError'>
cannot import name '_quote_string_constraints' from 'erddapy.erddapy' (/g/data/xp65/public/apps/med_conda/envs/analysis3-26.07/lib/python3.12/site-packages/erddapy/erddapy.py)
  warnings.warn(
/g/data/xp65/public/apps/med_conda/envs/analysis3-26.07/lib/python3.12/site-packages/argopy/utils/lists.py:50: UserWarning: An error occurred while loading the ArgoVis data fetcher, it will not be available !
<class 'ImportError'>
cannot import name '_quote_string_constraints' from 'erddapy.erddapy' (/g/data/xp65/public/apps/med_conda/envs/analysis3-26.07/lib/python3.12/site-packages/erddapy/erddapy.py)
  warnings.warn(
/g/data/xp65/public/apps/med_conda/envs/analysis3-26.07/lib/python3.12/site-packages/argopy/utils/lists.py:66: UserWarning: An error occurred while loading the GDAC data fetcher, it will not be available !
<class 'ImportError'>
cannot import name '_quote_string_constraints' from 'erddapy.erddapy' (/g/data/xp65/public/apps/med_conda/envs/analysis3-26.07/lib/python3.12/site-packages/erddapy/erddapy.py)
  warnings.warn(
/g/data/xp65/public/apps/med_conda/envs/analysis3-26.07/lib/python3.12/site-packages/argopy/utils/lists.py:91: UserWarning: An error occurred while loading the ERDDAP index fetcher, it will not be available !
<class 'ImportError'>
cannot import name '_quote_string_constraints' from 'erddapy.erddapy' (/g/data/xp65/public/apps/med_conda/envs/analysis3-26.07/lib/python3.12/site-packages/erddapy/erddapy.py)
  warnings.warn(
/g/data/xp65/public/apps/med_conda/envs/analysis3-26.07/lib/python3.12/site-packages/argopy/utils/lists.py:107: UserWarning: An error occurred while loading the GDAC index fetcher, it will not be available !
<class 'ImportError'>
cannot import name '_quote_string_constraints' from 'erddapy.erddapy' (/g/data/xp65/public/apps/med_conda/envs/analysis3-26.07/lib/python3.12/site-packages/erddapy/erddapy.py)
  warnings.warn(
/home/563/fm6730/.local/lib/python3.12/site-packages/xarray/backends/plugins.py:109: RuntimeWarning: Engine 'argo' loading failed:
cannot import name '_quote_string_constraints' from 'erddapy.erddapy' (/g/data/xp65/public/apps/med_conda/envs/analysis3-26.07/lib/python3.12/site-packages/erddapy/erddapy.py)
  external_backend_entrypoints = backends_dict_from_pkg(entrypoints_unique)
Traceback (most recent call last):
  File "/home/563/fm6730/.local/lib/python3.12/site-packages/xarray/backends/file_manager.py", line 219, in _acquire_with_cache_info
    file = self._cache[self._key]
           ~~~~~~~~~~~^^^^^^^^^^^
  File "/home/563/fm6730/.local/lib/python3.12/site-packages/xarray/backends/lru_cache.py", line 56, in __getitem__
    value = self._cache[key]
            ~~~~~~~~~~~^^^^^
KeyError: [<class 'netCDF4._netCDF4.Dataset'>, ('/home/563/fm6730/localrepo/wave_vertical_heating/data/derived/q1_vert_structure/access-s2/e03/da_q1q2_yanai_20150429_e03_remap.nc',), 'r', (('clobber', True), ('diskless', False), ('format', 'NETCDF4'), ('persist', False)), '6bf7b16d-7f5b-40b4-950c-c09351a69b35']

During handling of the above exception, another exception occurred:

Traceback (most recent call last):
  File "/home/563/fm6730/localrepo/wave_vertical_heating/scripts/utilities/compression_s2s_q1.py", line 14, in <module>
    ds = xr.open_dataset(file)
         ^^^^^^^^^^^^^^^^^^^^^
  File "/home/563/fm6730/.local/lib/python3.12/site-packages/xarray/backends/api.py", line 607, in open_dataset
    backend_ds = backend.open_dataset(
                 ^^^^^^^^^^^^^^^^^^^^^
  File "/home/563/fm6730/.local/lib/python3.12/site-packages/xarray/backends/netCDF4_.py", line 771, in open_dataset
    store = NetCDF4DataStore.open(
            ^^^^^^^^^^^^^^^^^^^^^^
  File "/home/563/fm6730/.local/lib/python3.12/site-packages/xarray/backends/netCDF4_.py", line 529, in open
    return cls(manager, group=group, mode=mode, lock=lock, autoclose=autoclose)
           ^^^^^^^^^^^^^^^^^^^^^^^^^^^^^^^^^^^^^^^^^^^^^^^^^^^^^^^^^^^^^^^^^^^^
  File "/home/563/fm6730/.local/lib/python3.12/site-packages/xarray/backends/netCDF4_.py", line 429, in __init__
    self.format = self.ds.data_model
                  ^^^^^^^
  File "/home/563/fm6730/.local/lib/python3.12/site-packages/xarray/backends/netCDF4_.py", line 538, in ds
    return self._acquire()
           ^^^^^^^^^^^^^^^
  File "/home/563/fm6730/.local/lib/python3.12/site-packages/xarray/backends/netCDF4_.py", line 532, in _acquire
    with self._manager.acquire_context(needs_lock) as root:
  File "/g/data/xp65/public/apps/med_conda/envs/analysis3-26.07/lib/python3.12/contextlib.py", line 137, in __enter__
    return next(self.gen)
           ^^^^^^^^^^^^^^
  File "/home/563/fm6730/.local/lib/python3.12/site-packages/xarray/backends/file_manager.py", line 207, in acquire_context
    file, cached = self._acquire_with_cache_info(needs_lock)
                   ^^^^^^^^^^^^^^^^^^^^^^^^^^^^^^^^^^^^^^^^^
  File "/home/563/fm6730/.local/lib/python3.12/site-packages/xarray/backends/file_manager.py", line 225, in _acquire_with_cache_info
    file = self._opener(*self._args, **kwargs)
           ^^^^^^^^^^^^^^^^^^^^^^^^^^^^^^^^^^^
  File "src/netCDF4/_netCDF4.pyx", line 2521, in netCDF4._netCDF4.Dataset.__init__
  File "src/netCDF4/_netCDF4.pyx", line 2158, in netCDF4._netCDF4._ensure_nc_success
FileNotFoundError: [Errno 2] No such file or directory: '/home/563/fm6730/localrepo/wave_vertical_heating/data/derived/q1_vert_structure/access-s2/e03/da_q1q2_yanai_20150429_e03_remap.nc'
/g/data/xp65/public/apps/med_conda/envs/analysis3-26.07/lib/python3.12/site-packages/sitecustomize.py:72: UserWarning: Pandas requires version '2.10.2' or newer of 'numexpr' (version '2.10.1' currently installed).
  mod = _real_import(name, globals, locals, fromlist, level)
/g/data/xp65/public/apps/med_conda/envs/analysis3-26.07/lib/python3.12/site-packages/argopy/utils/lists.py:38: UserWarning: An error occurred while loading the ERDDAP data fetcher, it will not be available !
<class 'ImportError'>
cannot import name '_quote_string_constraints' from 'erddapy.erddapy' (/g/data/xp65/public/apps/med_conda/envs/analysis3-26.07/lib/python3.12/site-packages/erddapy/erddapy.py)
  warnings.warn(
/g/data/xp65/public/apps/med_conda/envs/analysis3-26.07/lib/python3.12/site-packages/argopy/utils/lists.py:50: UserWarning: An error occurred while loading the ArgoVis data fetcher, it will not be available !
<class 'ImportError'>
cannot import name '_quote_string_constraints' from 'erddapy.erddapy' (/g/data/xp65/public/apps/med_conda/envs/analysis3-26.07/lib/python3.12/site-packages/erddapy/erddapy.py)
  warnings.warn(
/g/data/xp65/public/apps/med_conda/envs/analysis3-26.07/lib/python3.12/site-packages/argopy/utils/lists.py:66: UserWarning: An error occurred while loading the GDAC data fetcher, it will not be available !
<class 'ImportError'>
cannot import name '_quote_string_constraints' from 'erddapy.erddapy' (/g/data/xp65/public/apps/med_conda/envs/analysis3-26.07/lib/python3.12/site-packages/erddapy/erddapy.py)
  warnings.warn(
/g/data/xp65/public/apps/med_conda/envs/analysis3-26.07/lib/python3.12/site-packages/argopy/utils/lists.py:91: UserWarning: An error occurred while loading the ERDDAP index fetcher, it will not be available !
<class 'ImportError'>
cannot import name '_quote_string_constraints' from 'erddapy.erddapy' (/g/data/xp65/public/apps/med_conda/envs/analysis3-26.07/lib/python3.12/site-packages/erddapy/erddapy.py)
  warnings.warn(
/g/data/xp65/public/apps/med_conda/envs/analysis3-26.07/lib/python3.12/site-packages/argopy/utils/lists.py:107: UserWarning: An error occurred while loading the GDAC index fetcher, it will not be available !
<class 'ImportError'>
cannot import name '_quote_string_constraints' from 'erddapy.erddapy' (/g/data/xp65/public/apps/med_conda/envs/analysis3-26.07/lib/python3.12/site-packages/erddapy/erddapy.py)
  warnings.warn(
/home/563/fm6730/.local/lib/python3.12/site-packages/xarray/backends/plugins.py:109: RuntimeWarning: Engine 'argo' loading failed:
cannot import name '_quote_string_constraints' from 'erddapy.erddapy' (/g/data/xp65/public/apps/med_conda/envs/analysis3-26.07/lib/python3.12/site-packages/erddapy/erddapy.py)
  external_backend_entrypoints = backends_dict_from_pkg(entrypoints_unique)
Traceback (most recent call last):
  File "/home/563/fm6730/.local/lib/python3.12/site-packages/xarray/backends/file_manager.py", line 219, in _acquire_with_cache_info
    file = self._cache[self._key]
           ~~~~~~~~~~~^^^^^^^^^^^
  File "/home/563/fm6730/.local/lib/python3.12/site-packages/xarray/backends/lru_cache.py", line 56, in __getitem__
    value = self._cache[key]
            ~~~~~~~~~~~^^^^^
KeyError: [<class 'netCDF4._netCDF4.Dataset'>, ('/home/563/fm6730/localrepo/wave_vertical_heating/data/derived/q1_vert_structure/access-s2/e03/da_q1q2_yanai_20150331_e03_remap.nc',), 'r', (('clobber', True), ('diskless', False), ('format', 'NETCDF4'), ('persist', False)), '8998950b-02a6-4809-803d-b375992879bc']

During handling of the above exception, another exception occurred:

Traceback (most recent call last):
  File "/home/563/fm6730/localrepo/wave_vertical_heating/scripts/utilities/compression_s2s_q1.py", line 14, in <module>
    ds = xr.open_dataset(file)
         ^^^^^^^^^^^^^^^^^^^^^
  File "/home/563/fm6730/.local/lib/python3.12/site-packages/xarray/backends/api.py", line 607, in open_dataset
    backend_ds = backend.open_dataset(
                 ^^^^^^^^^^^^^^^^^^^^^
  File "/home/563/fm6730/.local/lib/python3.12/site-packages/xarray/backends/netCDF4_.py", line 771, in open_dataset
    store = NetCDF4DataStore.open(
            ^^^^^^^^^^^^^^^^^^^^^^
  File "/home/563/fm6730/.local/lib/python3.12/site-packages/xarray/backends/netCDF4_.py", line 529, in open
    return cls(manager, group=group, mode=mode, lock=lock, autoclose=autoclose)
           ^^^^^^^^^^^^^^^^^^^^^^^^^^^^^^^^^^^^^^^^^^^^^^^^^^^^^^^^^^^^^^^^^^^^
  File "/home/563/fm6730/.local/lib/python3.12/site-packages/xarray/backends/netCDF4_.py", line 429, in __init__
    self.format = self.ds.data_model
                  ^^^^^^^
  File "/home/563/fm6730/.local/lib/python3.12/site-packages/xarray/backends/netCDF4_.py", line 538, in ds
    return self._acquire()
           ^^^^^^^^^^^^^^^
  File "/home/563/fm6730/.local/lib/python3.12/site-packages/xarray/backends/netCDF4_.py", line 532, in _acquire
    with self._manager.acquire_context(needs_lock) as root:
  File "/g/data/xp65/public/apps/med_conda/envs/analysis3-26.07/lib/python3.12/contextlib.py", line 137, in __enter__
    return next(self.gen)
           ^^^^^^^^^^^^^^
  File "/home/563/fm6730/.local/lib/python3.12/site-packages/xarray/backends/file_manager.py", line 207, in acquire_context
    file, cached = self._acquire_with_cache_info(needs_lock)
                   ^^^^^^^^^^^^^^^^^^^^^^^^^^^^^^^^^^^^^^^^^
  File "/home/563/fm6730/.local/lib/python3.12/site-packages/xarray/backends/file_manager.py", line 225, in _acquire_with_cache_info
    file = self._opener(*self._args, **kwargs)
           ^^^^^^^^^^^^^^^^^^^^^^^^^^^^^^^^^^^
  File "src/netCDF4/_netCDF4.pyx", line 2521, in netCDF4._netCDF4.Dataset.__init__
  File "src/netCDF4/_netCDF4.pyx", line 2158, in netCDF4._netCDF4._ensure_nc_success
FileNotFoundError: [Errno 2] No such file or directory: '/home/563/fm6730/localrepo/wave_vertical_heating/data/derived/q1_vert_structure/access-s2/e03/da_q1q2_yanai_20150331_e03_remap.nc'
/g/data/xp65/public/apps/med_conda/envs/analysis3-26.07/lib/python3.12/site-packages/sitecustomize.py:72: UserWarning: Pandas requires version '2.10.2' or newer of 'numexpr' (version '2.10.1' currently installed).
  mod = _real_import(name, globals, locals, fromlist, level)
/g/data/xp65/public/apps/med_conda/envs/analysis3-26.07/lib/python3.12/site-packages/argopy/utils/lists.py:38: UserWarning: An error occurred while loading the ERDDAP data fetcher, it will not be available !
<class 'ImportError'>
cannot import name '_quote_string_constraints' from 'erddapy.erddapy' (/g/data/xp65/public/apps/med_conda/envs/analysis3-26.07/lib/python3.12/site-packages/erddapy/erddapy.py)
  warnings.warn(
/g/data/xp65/public/apps/med_conda/envs/analysis3-26.07/lib/python3.12/site-packages/argopy/utils/lists.py:50: UserWarning: An error occurred while loading the ArgoVis data fetcher, it will not be available !
<class 'ImportError'>
cannot import name '_quote_string_constraints' from 'erddapy.erddapy' (/g/data/xp65/public/apps/med_conda/envs/analysis3-26.07/lib/python3.12/site-packages/erddapy/erddapy.py)
  warnings.warn(
/g/data/xp65/public/apps/med_conda/envs/analysis3-26.07/lib/python3.12/site-packages/argopy/utils/lists.py:66: UserWarning: An error occurred while loading the GDAC data fetcher, it will not be available !
<class 'ImportError'>
cannot import name '_quote_string_constraints' from 'erddapy.erddapy' (/g/data/xp65/public/apps/med_conda/envs/analysis3-26.07/lib/python3.12/site-packages/erddapy/erddapy.py)
  warnings.warn(
/g/data/xp65/public/apps/med_conda/envs/analysis3-26.07/lib/python3.12/site-packages/argopy/utils/lists.py:91: UserWarning: An error occurred while loading the ERDDAP index fetcher, it will not be available !
<class 'ImportError'>
cannot import name '_quote_string_constraints' from 'erddapy.erddapy' (/g/data/xp65/public/apps/med_conda/envs/analysis3-26.07/lib/python3.12/site-packages/erddapy/erddapy.py)
  warnings.warn(
/g/data/xp65/public/apps/med_conda/envs/analysis3-26.07/lib/python3.12/site-packages/argopy/utils/lists.py:107: UserWarning: An error occurred while loading the GDAC index fetcher, it will not be available !
<class 'ImportError'>
cannot import name '_quote_string_constraints' from 'erddapy.erddapy' (/g/data/xp65/public/apps/med_conda/envs/analysis3-26.07/lib/python3.12/site-packages/erddapy/erddapy.py)
  warnings.warn(
/home/563/fm6730/.local/lib/python3.12/site-packages/xarray/backends/plugins.py:109: RuntimeWarning: Engine 'argo' loading failed:
cannot import name '_quote_string_constraints' from 'erddapy.erddapy' (/g/data/xp65/public/apps/med_conda/envs/analysis3-26.07/lib/python3.12/site-packages/erddapy/erddapy.py)
  external_backend_entrypoints = backends_dict_from_pkg(entrypoints_unique)
Traceback (most recent call last):
  File "/home/563/fm6730/.local/lib/python3.12/site-packages/xarray/backends/file_manager.py", line 219, in _acquire_with_cache_info
    file = self._cache[self._key]
           ~~~~~~~~~~~^^^^^^^^^^^
  File "/home/563/fm6730/.local/lib/python3.12/site-packages/xarray/backends/lru_cache.py", line 56, in __getitem__
    value = self._cache[key]
            ~~~~~~~~~~~^^^^^
KeyError: [<class 'netCDF4._netCDF4.Dataset'>, ('/home/563/fm6730/localrepo/wave_vertical_heating/data/derived/q1_vert_structure/access-s2/e03/da_q1q2_yanai_20150601_e03_remap.nc',), 'r', (('clobber', True), ('diskless', False), ('format', 'NETCDF4'), ('persist', False)), '8cc31ae0-d0e8-4665-bcc8-87425841021c']

During handling of the above exception, another exception occurred:

Traceback (most recent call last):
  File "/home/563/fm6730/localrepo/wave_vertical_heating/scripts/utilities/compression_s2s_q1.py", line 14, in <module>
    ds = xr.open_dataset(file)
         ^^^^^^^^^^^^^^^^^^^^^
  File "/home/563/fm6730/.local/lib/python3.12/site-packages/xarray/backends/api.py", line 607, in open_dataset
    backend_ds = backend.open_dataset(
                 ^^^^^^^^^^^^^^^^^^^^^
  File "/home/563/fm6730/.local/lib/python3.12/site-packages/xarray/backends/netCDF4_.py", line 771, in open_dataset
    store = NetCDF4DataStore.open(
            ^^^^^^^^^^^^^^^^^^^^^^
  File "/home/563/fm6730/.local/lib/python3.12/site-packages/xarray/backends/netCDF4_.py", line 529, in open
    return cls(manager, group=group, mode=mode, lock=lock, autoclose=autoclose)
           ^^^^^^^^^^^^^^^^^^^^^^^^^^^^^^^^^^^^^^^^^^^^^^^^^^^^^^^^^^^^^^^^^^^^
  File "/home/563/fm6730/.local/lib/python3.12/site-packages/xarray/backends/netCDF4_.py", line 429, in __init__
    self.format = self.ds.data_model
                  ^^^^^^^
  File "/home/563/fm6730/.local/lib/python3.12/site-packages/xarray/backends/netCDF4_.py", line 538, in ds
    return self._acquire()
           ^^^^^^^^^^^^^^^
  File "/home/563/fm6730/.local/lib/python3.12/site-packages/xarray/backends/netCDF4_.py", line 532, in _acquire
    with self._manager.acquire_context(needs_lock) as root:
  File "/g/data/xp65/public/apps/med_conda/envs/analysis3-26.07/lib/python3.12/contextlib.py", line 137, in __enter__
    return next(self.gen)
           ^^^^^^^^^^^^^^
  File "/home/563/fm6730/.local/lib/python3.12/site-packages/xarray/backends/file_manager.py", line 207, in acquire_context
    file, cached = self._acquire_with_cache_info(needs_lock)
                   ^^^^^^^^^^^^^^^^^^^^^^^^^^^^^^^^^^^^^^^^^
  File "/home/563/fm6730/.local/lib/python3.12/site-packages/xarray/backends/file_manager.py", line 225, in _acquire_with_cache_info
    file = self._opener(*self._args, **kwargs)
           ^^^^^^^^^^^^^^^^^^^^^^^^^^^^^^^^^^^
  File "src/netCDF4/_netCDF4.pyx", line 2521, in netCDF4._netCDF4.Dataset.__init__
  File "src/netCDF4/_netCDF4.pyx", line 2158, in netCDF4._netCDF4._ensure_nc_success
FileNotFoundError: [Errno 2] No such file or directory: '/home/563/fm6730/localrepo/wave_vertical_heating/data/derived/q1_vert_structure/access-s2/e03/da_q1q2_yanai_20150601_e03_remap.nc'
/g/data/xp65/public/apps/med_conda/envs/analysis3-26.07/lib/python3.12/site-packages/sitecustomize.py:72: UserWarning: Pandas requires version '2.10.2' or newer of 'numexpr' (version '2.10.1' currently installed).
  mod = _real_import(name, globals, locals, fromlist, level)
/g/data/xp65/public/apps/med_conda/envs/analysis3-26.07/lib/python3.12/site-packages/argopy/utils/lists.py:38: UserWarning: An error occurred while loading the ERDDAP data fetcher, it will not be available !
<class 'ImportError'>
cannot import name '_quote_string_constraints' from 'erddapy.erddapy' (/g/data/xp65/public/apps/med_conda/envs/analysis3-26.07/lib/python3.12/site-packages/erddapy/erddapy.py)
  warnings.warn(
/g/data/xp65/public/apps/med_conda/envs/analysis3-26.07/lib/python3.12/site-packages/argopy/utils/lists.py:50: UserWarning: An error occurred while loading the ArgoVis data fetcher, it will not be available !
<class 'ImportError'>
cannot import name '_quote_string_constraints' from 'erddapy.erddapy' (/g/data/xp65/public/apps/med_conda/envs/analysis3-26.07/lib/python3.12/site-packages/erddapy/erddapy.py)
  warnings.warn(
/g/data/xp65/public/apps/med_conda/envs/analysis3-26.07/lib/python3.12/site-packages/argopy/utils/lists.py:66: UserWarning: An error occurred while loading the GDAC data fetcher, it will not be available !
<class 'ImportError'>
cannot import name '_quote_string_constraints' from 'erddapy.erddapy' (/g/data/xp65/public/apps/med_conda/envs/analysis3-26.07/lib/python3.12/site-packages/erddapy/erddapy.py)
  warnings.warn(
/g/data/xp65/public/apps/med_conda/envs/analysis3-26.07/lib/python3.12/site-packages/argopy/utils/lists.py:91: UserWarning: An error occurred while loading the ERDDAP index fetcher, it will not be available !
<class 'ImportError'>
cannot import name '_quote_string_constraints' from 'erddapy.erddapy' (/g/data/xp65/public/apps/med_conda/envs/analysis3-26.07/lib/python3.12/site-packages/erddapy/erddapy.py)
  warnings.warn(
/g/data/xp65/public/apps/med_conda/envs/analysis3-26.07/lib/python3.12/site-packages/argopy/utils/lists.py:107: UserWarning: An error occurred while loading the GDAC index fetcher, it will not be available !
<class 'ImportError'>
cannot import name '_quote_string_constraints' from 'erddapy.erddapy' (/g/data/xp65/public/apps/med_conda/envs/analysis3-26.07/lib/python3.12/site-packages/erddapy/erddapy.py)
  warnings.warn(
/home/563/fm6730/.local/lib/python3.12/site-packages/xarray/backends/plugins.py:109: RuntimeWarning: Engine 'argo' loading failed:
cannot import name '_quote_string_constraints' from 'erddapy.erddapy' (/g/data/xp65/public/apps/med_conda/envs/analysis3-26.07/lib/python3.12/site-packages/erddapy/erddapy.py)
  external_backend_entrypoints = backends_dict_from_pkg(entrypoints_unique)
Traceback (most recent call last):
  File "/home/563/fm6730/.local/lib/python3.12/site-packages/xarray/backends/file_manager.py", line 219, in _acquire_with_cache_info
    file = self._cache[self._key]
           ~~~~~~~~~~~^^^^^^^^^^^
  File "/home/563/fm6730/.local/lib/python3.12/site-packages/xarray/backends/lru_cache.py", line 56, in __getitem__
    value = self._cache[key]
            ~~~~~~~~~~~^^^^^
KeyError: [<class 'netCDF4._netCDF4.Dataset'>, ('/home/563/fm6730/localrepo/wave_vertical_heating/data/derived/q1_vert_structure/access-s2/e03/da_q1q2_yanai_20150401_e03_remap.nc',), 'r', (('clobber', True), ('diskless', False), ('format', 'NETCDF4'), ('persist', False)), '282fbc6f-6c66-4bfc-b19e-d9dbb39e93e3']

During handling of the above exception, another exception occurred:

Traceback (most recent call last):
  File "/home/563/fm6730/localrepo/wave_vertical_heating/scripts/utilities/compression_s2s_q1.py", line 14, in <module>
    ds = xr.open_dataset(file)
         ^^^^^^^^^^^^^^^^^^^^^
  File "/home/563/fm6730/.local/lib/python3.12/site-packages/xarray/backends/api.py", line 607, in open_dataset
    backend_ds = backend.open_dataset(
                 ^^^^^^^^^^^^^^^^^^^^^
  File "/home/563/fm6730/.local/lib/python3.12/site-packages/xarray/backends/netCDF4_.py", line 771, in open_dataset
    store = NetCDF4DataStore.open(
            ^^^^^^^^^^^^^^^^^^^^^^
  File "/home/563/fm6730/.local/lib/python3.12/site-packages/xarray/backends/netCDF4_.py", line 529, in open
    return cls(manager, group=group, mode=mode, lock=lock, autoclose=autoclose)
           ^^^^^^^^^^^^^^^^^^^^^^^^^^^^^^^^^^^^^^^^^^^^^^^^^^^^^^^^^^^^^^^^^^^^
  File "/home/563/fm6730/.local/lib/python3.12/site-packages/xarray/backends/netCDF4_.py", line 429, in __init__
    self.format = self.ds.data_model
                  ^^^^^^^
  File "/home/563/fm6730/.local/lib/python3.12/site-packages/xarray/backends/netCDF4_.py", line 538, in ds
    return self._acquire()
           ^^^^^^^^^^^^^^^
  File "/home/563/fm6730/.local/lib/python3.12/site-packages/xarray/backends/netCDF4_.py", line 532, in _acquire
    with self._manager.acquire_context(needs_lock) as root:
  File "/g/data/xp65/public/apps/med_conda/envs/analysis3-26.07/lib/python3.12/contextlib.py", line 137, in __enter__
    return next(self.gen)
           ^^^^^^^^^^^^^^
  File "/home/563/fm6730/.local/lib/python3.12/site-packages/xarray/backends/file_manager.py", line 207, in acquire_context
    file, cached = self._acquire_with_cache_info(needs_lock)
                   ^^^^^^^^^^^^^^^^^^^^^^^^^^^^^^^^^^^^^^^^^
  File "/home/563/fm6730/.local/lib/python3.12/site-packages/xarray/backends/file_manager.py", line 225, in _acquire_with_cache_info
    file = self._opener(*self._args, **kwargs)
           ^^^^^^^^^^^^^^^^^^^^^^^^^^^^^^^^^^^
  File "src/netCDF4/_netCDF4.pyx", line 2521, in netCDF4._netCDF4.Dataset.__init__
  File "src/netCDF4/_netCDF4.pyx", line 2158, in netCDF4._netCDF4._ensure_nc_success
FileNotFoundError: [Errno 2] No such file or directory: '/home/563/fm6730/localrepo/wave_vertical_heating/data/derived/q1_vert_structure/access-s2/e03/da_q1q2_yanai_20150401_e03_remap.nc'
/g/data/xp65/public/apps/med_conda/envs/analysis3-26.07/lib/python3.12/site-packages/sitecustomize.py:72: UserWarning: Pandas requires version '2.10.2' or newer of 'numexpr' (version '2.10.1' currently installed).
  mod = _real_import(name, globals, locals, fromlist, level)
/g/data/xp65/public/apps/med_conda/envs/analysis3-26.07/lib/python3.12/site-packages/argopy/utils/lists.py:38: UserWarning: An error occurred while loading the ERDDAP data fetcher, it will not be available !
<class 'ImportError'>
cannot import name '_quote_string_constraints' from 'erddapy.erddapy' (/g/data/xp65/public/apps/med_conda/envs/analysis3-26.07/lib/python3.12/site-packages/erddapy/erddapy.py)
  warnings.warn(
/g/data/xp65/public/apps/med_conda/envs/analysis3-26.07/lib/python3.12/site-packages/argopy/utils/lists.py:50: UserWarning: An error occurred while loading the ArgoVis data fetcher, it will not be available !
<class 'ImportError'>
cannot import name '_quote_string_constraints' from 'erddapy.erddapy' (/g/data/xp65/public/apps/med_conda/envs/analysis3-26.07/lib/python3.12/site-packages/erddapy/erddapy.py)
  warnings.warn(
/g/data/xp65/public/apps/med_conda/envs/analysis3-26.07/lib/python3.12/site-packages/argopy/utils/lists.py:66: UserWarning: An error occurred while loading the GDAC data fetcher, it will not be available !
<class 'ImportError'>
cannot import name '_quote_string_constraints' from 'erddapy.erddapy' (/g/data/xp65/public/apps/med_conda/envs/analysis3-26.07/lib/python3.12/site-packages/erddapy/erddapy.py)
  warnings.warn(
/g/data/xp65/public/apps/med_conda/envs/analysis3-26.07/lib/python3.12/site-packages/argopy/utils/lists.py:91: UserWarning: An error occurred while loading the ERDDAP index fetcher, it will not be available !
<class 'ImportError'>
cannot import name '_quote_string_constraints' from 'erddapy.erddapy' (/g/data/xp65/public/apps/med_conda/envs/analysis3-26.07/lib/python3.12/site-packages/erddapy/erddapy.py)
  warnings.warn(
/g/data/xp65/public/apps/med_conda/envs/analysis3-26.07/lib/python3.12/site-packages/argopy/utils/lists.py:107: UserWarning: An error occurred while loading the GDAC index fetcher, it will not be available !
<class 'ImportError'>
cannot import name '_quote_string_constraints' from 'erddapy.erddapy' (/g/data/xp65/public/apps/med_conda/envs/analysis3-26.07/lib/python3.12/site-packages/erddapy/erddapy.py)
  warnings.warn(
/home/563/fm6730/.local/lib/python3.12/site-packages/xarray/backends/plugins.py:109: RuntimeWarning: Engine 'argo' loading failed:
cannot import name '_quote_string_constraints' from 'erddapy.erddapy' (/g/data/xp65/public/apps/med_conda/envs/analysis3-26.07/lib/python3.12/site-packages/erddapy/erddapy.py)
  external_backend_entrypoints = backends_dict_from_pkg(entrypoints_unique)
Traceback (most recent call last):
  File "/home/563/fm6730/.local/lib/python3.12/site-packages/xarray/backends/file_manager.py", line 219, in _acquire_with_cache_info
    file = self._cache[self._key]
           ~~~~~~~~~~~^^^^^^^^^^^
  File "/home/563/fm6730/.local/lib/python3.12/site-packages/xarray/backends/lru_cache.py", line 56, in __getitem__
    value = self._cache[key]
            ~~~~~~~~~~~^^^^^
KeyError: [<class 'netCDF4._netCDF4.Dataset'>, ('/home/563/fm6730/localrepo/wave_vertical_heating/data/derived/q1_vert_structure/access-s2/e03/da_q1q2_yanai_20150531_e03_remap.nc',), 'r', (('clobber', True), ('diskless', False), ('format', 'NETCDF4'), ('persist', False)), '2d267f63-4eec-4eb8-94b6-405a1cd7ca51']

During handling of the above exception, another exception occurred:

Traceback (most recent call last):
  File "/home/563/fm6730/localrepo/wave_vertical_heating/scripts/utilities/compression_s2s_q1.py", line 14, in <module>
    ds = xr.open_dataset(file)
         ^^^^^^^^^^^^^^^^^^^^^
  File "/home/563/fm6730/.local/lib/python3.12/site-packages/xarray/backends/api.py", line 607, in open_dataset
    backend_ds = backend.open_dataset(
                 ^^^^^^^^^^^^^^^^^^^^^
  File "/home/563/fm6730/.local/lib/python3.12/site-packages/xarray/backends/netCDF4_.py", line 771, in open_dataset
    store = NetCDF4DataStore.open(
            ^^^^^^^^^^^^^^^^^^^^^^
  File "/home/563/fm6730/.local/lib/python3.12/site-packages/xarray/backends/netCDF4_.py", line 529, in open
    return cls(manager, group=group, mode=mode, lock=lock, autoclose=autoclose)
           ^^^^^^^^^^^^^^^^^^^^^^^^^^^^^^^^^^^^^^^^^^^^^^^^^^^^^^^^^^^^^^^^^^^^
  File "/home/563/fm6730/.local/lib/python3.12/site-packages/xarray/backends/netCDF4_.py", line 429, in __init__
    self.format = self.ds.data_model
                  ^^^^^^^
  File "/home/563/fm6730/.local/lib/python3.12/site-packages/xarray/backends/netCDF4_.py", line 538, in ds
    return self._acquire()
           ^^^^^^^^^^^^^^^
  File "/home/563/fm6730/.local/lib/python3.12/site-packages/xarray/backends/netCDF4_.py", line 532, in _acquire
    with self._manager.acquire_context(needs_lock) as root:
  File "/g/data/xp65/public/apps/med_conda/envs/analysis3-26.07/lib/python3.12/contextlib.py", line 137, in __enter__
    return next(self.gen)
           ^^^^^^^^^^^^^^
  File "/home/563/fm6730/.local/lib/python3.12/site-packages/xarray/backends/file_manager.py", line 207, in acquire_context
    file, cached = self._acquire_with_cache_info(needs_lock)
                   ^^^^^^^^^^^^^^^^^^^^^^^^^^^^^^^^^^^^^^^^^
  File "/home/563/fm6730/.local/lib/python3.12/site-packages/xarray/backends/file_manager.py", line 225, in _acquire_with_cache_info
    file = self._opener(*self._args, **kwargs)
           ^^^^^^^^^^^^^^^^^^^^^^^^^^^^^^^^^^^
  File "src/netCDF4/_netCDF4.pyx", line 2521, in netCDF4._netCDF4.Dataset.__init__
  File "src/netCDF4/_netCDF4.pyx", line 2158, in netCDF4._netCDF4._ensure_nc_success
FileNotFoundError: [Errno 2] No such file or directory: '/home/563/fm6730/localrepo/wave_vertical_heating/data/derived/q1_vert_structure/access-s2/e03/da_q1q2_yanai_20150531_e03_remap.nc'
/g/data/xp65/public/apps/med_conda/envs/analysis3-26.07/lib/python3.12/site-packages/sitecustomize.py:72: UserWarning: Pandas requires version '2.10.2' or newer of 'numexpr' (version '2.10.1' currently installed).
  mod = _real_import(name, globals, locals, fromlist, level)
/g/data/xp65/public/apps/med_conda/envs/analysis3-26.07/lib/python3.12/site-packages/argopy/utils/lists.py:38: UserWarning: An error occurred while loading the ERDDAP data fetcher, it will not be available !
<class 'ImportError'>
cannot import name '_quote_string_constraints' from 'erddapy.erddapy' (/g/data/xp65/public/apps/med_conda/envs/analysis3-26.07/lib/python3.12/site-packages/erddapy/erddapy.py)
  warnings.warn(
/g/data/xp65/public/apps/med_conda/envs/analysis3-26.07/lib/python3.12/site-packages/argopy/utils/lists.py:50: UserWarning: An error occurred while loading the ArgoVis data fetcher, it will not be available !
<class 'ImportError'>
cannot import name '_quote_string_constraints' from 'erddapy.erddapy' (/g/data/xp65/public/apps/med_conda/envs/analysis3-26.07/lib/python3.12/site-packages/erddapy/erddapy.py)
  warnings.warn(
/g/data/xp65/public/apps/med_conda/envs/analysis3-26.07/lib/python3.12/site-packages/argopy/utils/lists.py:66: UserWarning: An error occurred while loading the GDAC data fetcher, it will not be available !
<class 'ImportError'>
cannot import name '_quote_string_constraints' from 'erddapy.erddapy' (/g/data/xp65/public/apps/med_conda/envs/analysis3-26.07/lib/python3.12/site-packages/erddapy/erddapy.py)
  warnings.warn(
/g/data/xp65/public/apps/med_conda/envs/analysis3-26.07/lib/python3.12/site-packages/argopy/utils/lists.py:91: UserWarning: An error occurred while loading the ERDDAP index fetcher, it will not be available !
<class 'ImportError'>
cannot import name '_quote_string_constraints' from 'erddapy.erddapy' (/g/data/xp65/public/apps/med_conda/envs/analysis3-26.07/lib/python3.12/site-packages/erddapy/erddapy.py)
  warnings.warn(
/g/data/xp65/public/apps/med_conda/envs/analysis3-26.07/lib/python3.12/site-packages/argopy/utils/lists.py:107: UserWarning: An error occurred while loading the GDAC index fetcher, it will not be available !
<class 'ImportError'>
cannot import name '_quote_string_constraints' from 'erddapy.erddapy' (/g/data/xp65/public/apps/med_conda/envs/analysis3-26.07/lib/python3.12/site-packages/erddapy/erddapy.py)
  warnings.warn(
/home/563/fm6730/.local/lib/python3.12/site-packages/xarray/backends/plugins.py:109: RuntimeWarning: Engine 'argo' loading failed:
cannot import name '_quote_string_constraints' from 'erddapy.erddapy' (/g/data/xp65/public/apps/med_conda/envs/analysis3-26.07/lib/python3.12/site-packages/erddapy/erddapy.py)
  external_backend_entrypoints = backends_dict_from_pkg(entrypoints_unique)
Traceback (most recent call last):
  File "/home/563/fm6730/.local/lib/python3.12/site-packages/xarray/backends/file_manager.py", line 219, in _acquire_with_cache_info
    file = self._cache[self._key]
           ~~~~~~~~~~~^^^^^^^^^^^
  File "/home/563/fm6730/.local/lib/python3.12/site-packages/xarray/backends/lru_cache.py", line 56, in __getitem__
    value = self._cache[key]
            ~~~~~~~~~~~^^^^^
KeyError: [<class 'netCDF4._netCDF4.Dataset'>, ('/home/563/fm6730/localrepo/wave_vertical_heating/data/derived/q1_vert_structure/access-s2/e03/da_q1q2_yanai_20150629_e03_remap.nc',), 'r', (('clobber', True), ('diskless', False), ('format', 'NETCDF4'), ('persist', False)), 'a6491c26-5de1-4d64-932b-a29121e7fa0a']

During handling of the above exception, another exception occurred:

Traceback (most recent call last):
  File "/home/563/fm6730/localrepo/wave_vertical_heating/scripts/utilities/compression_s2s_q1.py", line 14, in <module>
    ds = xr.open_dataset(file)
         ^^^^^^^^^^^^^^^^^^^^^
  File "/home/563/fm6730/.local/lib/python3.12/site-packages/xarray/backends/api.py", line 607, in open_dataset
    backend_ds = backend.open_dataset(
                 ^^^^^^^^^^^^^^^^^^^^^
  File "/home/563/fm6730/.local/lib/python3.12/site-packages/xarray/backends/netCDF4_.py", line 771, in open_dataset
    store = NetCDF4DataStore.open(
            ^^^^^^^^^^^^^^^^^^^^^^
  File "/home/563/fm6730/.local/lib/python3.12/site-packages/xarray/backends/netCDF4_.py", line 529, in open
    return cls(manager, group=group, mode=mode, lock=lock, autoclose=autoclose)
           ^^^^^^^^^^^^^^^^^^^^^^^^^^^^^^^^^^^^^^^^^^^^^^^^^^^^^^^^^^^^^^^^^^^^
  File "/home/563/fm6730/.local/lib/python3.12/site-packages/xarray/backends/netCDF4_.py", line 429, in __init__
    self.format = self.ds.data_model
                  ^^^^^^^
  File "/home/563/fm6730/.local/lib/python3.12/site-packages/xarray/backends/netCDF4_.py", line 538, in ds
    return self._acquire()
           ^^^^^^^^^^^^^^^
  File "/home/563/fm6730/.local/lib/python3.12/site-packages/xarray/backends/netCDF4_.py", line 532, in _acquire
    with self._manager.acquire_context(needs_lock) as root:
  File "/g/data/xp65/public/apps/med_conda/envs/analysis3-26.07/lib/python3.12/contextlib.py", line 137, in __enter__
    return next(self.gen)
           ^^^^^^^^^^^^^^
  File "/home/563/fm6730/.local/lib/python3.12/site-packages/xarray/backends/file_manager.py", line 207, in acquire_context
    file, cached = self._acquire_with_cache_info(needs_lock)
                   ^^^^^^^^^^^^^^^^^^^^^^^^^^^^^^^^^^^^^^^^^
  File "/home/563/fm6730/.local/lib/python3.12/site-packages/xarray/backends/file_manager.py", line 225, in _acquire_with_cache_info
    file = self._opener(*self._args, **kwargs)
           ^^^^^^^^^^^^^^^^^^^^^^^^^^^^^^^^^^^
  File "src/netCDF4/_netCDF4.pyx", line 2521, in netCDF4._netCDF4.Dataset.__init__
  File "src/netCDF4/_netCDF4.pyx", line 2158, in netCDF4._netCDF4._ensure_nc_success
FileNotFoundError: [Errno 2] No such file or directory: '/home/563/fm6730/localrepo/wave_vertical_heating/data/derived/q1_vert_structure/access-s2/e03/da_q1q2_yanai_20150629_e03_remap.nc'
/g/data/xp65/public/apps/med_conda/envs/analysis3-26.07/lib/python3.12/site-packages/sitecustomize.py:72: UserWarning: Pandas requires version '2.10.2' or newer of 'numexpr' (version '2.10.1' currently installed).
  mod = _real_import(name, globals, locals, fromlist, level)
/g/data/xp65/public/apps/med_conda/envs/analysis3-26.07/lib/python3.12/site-packages/argopy/utils/lists.py:38: UserWarning: An error occurred while loading the ERDDAP data fetcher, it will not be available !
<class 'ImportError'>
cannot import name '_quote_string_constraints' from 'erddapy.erddapy' (/g/data/xp65/public/apps/med_conda/envs/analysis3-26.07/lib/python3.12/site-packages/erddapy/erddapy.py)
  warnings.warn(
/g/data/xp65/public/apps/med_conda/envs/analysis3-26.07/lib/python3.12/site-packages/argopy/utils/lists.py:50: UserWarning: An error occurred while loading the ArgoVis data fetcher, it will not be available !
<class 'ImportError'>
cannot import name '_quote_string_constraints' from 'erddapy.erddapy' (/g/data/xp65/public/apps/med_conda/envs/analysis3-26.07/lib/python3.12/site-packages/erddapy/erddapy.py)
  warnings.warn(
/g/data/xp65/public/apps/med_conda/envs/analysis3-26.07/lib/python3.12/site-packages/argopy/utils/lists.py:66: UserWarning: An error occurred while loading the GDAC data fetcher, it will not be available !
<class 'ImportError'>
cannot import name '_quote_string_constraints' from 'erddapy.erddapy' (/g/data/xp65/public/apps/med_conda/envs/analysis3-26.07/lib/python3.12/site-packages/erddapy/erddapy.py)
  warnings.warn(
/g/data/xp65/public/apps/med_conda/envs/analysis3-26.07/lib/python3.12/site-packages/argopy/utils/lists.py:91: UserWarning: An error occurred while loading the ERDDAP index fetcher, it will not be available !
<class 'ImportError'>
cannot import name '_quote_string_constraints' from 'erddapy.erddapy' (/g/data/xp65/public/apps/med_conda/envs/analysis3-26.07/lib/python3.12/site-packages/erddapy/erddapy.py)
  warnings.warn(
/g/data/xp65/public/apps/med_conda/envs/analysis3-26.07/lib/python3.12/site-packages/argopy/utils/lists.py:107: UserWarning: An error occurred while loading the GDAC index fetcher, it will not be available !
<class 'ImportError'>
cannot import name '_quote_string_constraints' from 'erddapy.erddapy' (/g/data/xp65/public/apps/med_conda/envs/analysis3-26.07/lib/python3.12/site-packages/erddapy/erddapy.py)
  warnings.warn(
/home/563/fm6730/.local/lib/python3.12/site-packages/xarray/backends/plugins.py:109: RuntimeWarning: Engine 'argo' loading failed:
cannot import name '_quote_string_constraints' from 'erddapy.erddapy' (/g/data/xp65/public/apps/med_conda/envs/analysis3-26.07/lib/python3.12/site-packages/erddapy/erddapy.py)
  external_backend_entrypoints = backends_dict_from_pkg(entrypoints_unique)
Traceback (most recent call last):
  File "/home/563/fm6730/.local/lib/python3.12/site-packages/xarray/backends/file_manager.py", line 219, in _acquire_with_cache_info
    file = self._cache[self._key]
           ~~~~~~~~~~~^^^^^^^^^^^
  File "/home/563/fm6730/.local/lib/python3.12/site-packages/xarray/backends/lru_cache.py", line 56, in __getitem__
    value = self._cache[key]
            ~~~~~~~~~~~^^^^^
KeyError: [<class 'netCDF4._netCDF4.Dataset'>, ('/home/563/fm6730/localrepo/wave_vertical_heating/data/derived/q1_vert_structure/access-s2/e03/da_q1q2_yanai_20150701_e03_remap.nc',), 'r', (('clobber', True), ('diskless', False), ('format', 'NETCDF4'), ('persist', False)), 'd7de673a-3e18-4cb5-854c-930506e35641']

During handling of the above exception, another exception occurred:

Traceback (most recent call last):
  File "/home/563/fm6730/localrepo/wave_vertical_heating/scripts/utilities/compression_s2s_q1.py", line 14, in <module>
    ds = xr.open_dataset(file)
         ^^^^^^^^^^^^^^^^^^^^^
  File "/home/563/fm6730/.local/lib/python3.12/site-packages/xarray/backends/api.py", line 607, in open_dataset
    backend_ds = backend.open_dataset(
                 ^^^^^^^^^^^^^^^^^^^^^
  File "/home/563/fm6730/.local/lib/python3.12/site-packages/xarray/backends/netCDF4_.py", line 771, in open_dataset
    store = NetCDF4DataStore.open(
            ^^^^^^^^^^^^^^^^^^^^^^
  File "/home/563/fm6730/.local/lib/python3.12/site-packages/xarray/backends/netCDF4_.py", line 529, in open
    return cls(manager, group=group, mode=mode, lock=lock, autoclose=autoclose)
           ^^^^^^^^^^^^^^^^^^^^^^^^^^^^^^^^^^^^^^^^^^^^^^^^^^^^^^^^^^^^^^^^^^^^
  File "/home/563/fm6730/.local/lib/python3.12/site-packages/xarray/backends/netCDF4_.py", line 429, in __init__
    self.format = self.ds.data_model
                  ^^^^^^^
  File "/home/563/fm6730/.local/lib/python3.12/site-packages/xarray/backends/netCDF4_.py", line 538, in ds
    return self._acquire()
           ^^^^^^^^^^^^^^^
  File "/home/563/fm6730/.local/lib/python3.12/site-packages/xarray/backends/netCDF4_.py", line 532, in _acquire
    with self._manager.acquire_context(needs_lock) as root:
  File "/g/data/xp65/public/apps/med_conda/envs/analysis3-26.07/lib/python3.12/contextlib.py", line 137, in __enter__
    return next(self.gen)
           ^^^^^^^^^^^^^^
  File "/home/563/fm6730/.local/lib/python3.12/site-packages/xarray/backends/file_manager.py", line 207, in acquire_context
    file, cached = self._acquire_with_cache_info(needs_lock)
                   ^^^^^^^^^^^^^^^^^^^^^^^^^^^^^^^^^^^^^^^^^
  File "/home/563/fm6730/.local/lib/python3.12/site-packages/xarray/backends/file_manager.py", line 225, in _acquire_with_cache_info
    file = self._opener(*self._args, **kwargs)
           ^^^^^^^^^^^^^^^^^^^^^^^^^^^^^^^^^^^
  File "src/netCDF4/_netCDF4.pyx", line 2521, in netCDF4._netCDF4.Dataset.__init__
  File "src/netCDF4/_netCDF4.pyx", line 2158, in netCDF4._netCDF4._ensure_nc_success
FileNotFoundError: [Errno 2] No such file or directory: '/home/563/fm6730/localrepo/wave_vertical_heating/data/derived/q1_vert_structure/access-s2/e03/da_q1q2_yanai_20150701_e03_remap.nc'
/g/data/xp65/public/apps/med_conda/envs/analysis3-26.07/lib/python3.12/site-packages/sitecustomize.py:72: UserWarning: Pandas requires version '2.10.2' or newer of 'numexpr' (version '2.10.1' currently installed).
  mod = _real_import(name, globals, locals, fromlist, level)
/g/data/xp65/public/apps/med_conda/envs/analysis3-26.07/lib/python3.12/site-packages/argopy/utils/lists.py:38: UserWarning: An error occurred while loading the ERDDAP data fetcher, it will not be available !
<class 'ImportError'>
cannot import name '_quote_string_constraints' from 'erddapy.erddapy' (/g/data/xp65/public/apps/med_conda/envs/analysis3-26.07/lib/python3.12/site-packages/erddapy/erddapy.py)
  warnings.warn(
/g/data/xp65/public/apps/med_conda/envs/analysis3-26.07/lib/python3.12/site-packages/argopy/utils/lists.py:50: UserWarning: An error occurred while loading the ArgoVis data fetcher, it will not be available !
<class 'ImportError'>
cannot import name '_quote_string_constraints' from 'erddapy.erddapy' (/g/data/xp65/public/apps/med_conda/envs/analysis3-26.07/lib/python3.12/site-packages/erddapy/erddapy.py)
  warnings.warn(
/g/data/xp65/public/apps/med_conda/envs/analysis3-26.07/lib/python3.12/site-packages/argopy/utils/lists.py:66: UserWarning: An error occurred while loading the GDAC data fetcher, it will not be available !
<class 'ImportError'>
cannot import name '_quote_string_constraints' from 'erddapy.erddapy' (/g/data/xp65/public/apps/med_conda/envs/analysis3-26.07/lib/python3.12/site-packages/erddapy/erddapy.py)
  warnings.warn(
/g/data/xp65/public/apps/med_conda/envs/analysis3-26.07/lib/python3.12/site-packages/argopy/utils/lists.py:91: UserWarning: An error occurred while loading the ERDDAP index fetcher, it will not be available !
<class 'ImportError'>
cannot import name '_quote_string_constraints' from 'erddapy.erddapy' (/g/data/xp65/public/apps/med_conda/envs/analysis3-26.07/lib/python3.12/site-packages/erddapy/erddapy.py)
  warnings.warn(
/g/data/xp65/public/apps/med_conda/envs/analysis3-26.07/lib/python3.12/site-packages/argopy/utils/lists.py:107: UserWarning: An error occurred while loading the GDAC index fetcher, it will not be available !
<class 'ImportError'>
cannot import name '_quote_string_constraints' from 'erddapy.erddapy' (/g/data/xp65/public/apps/med_conda/envs/analysis3-26.07/lib/python3.12/site-packages/erddapy/erddapy.py)
  warnings.warn(
/home/563/fm6730/.local/lib/python3.12/site-packages/xarray/backends/plugins.py:109: RuntimeWarning: Engine 'argo' loading failed:
cannot import name '_quote_string_constraints' from 'erddapy.erddapy' (/g/data/xp65/public/apps/med_conda/envs/analysis3-26.07/lib/python3.12/site-packages/erddapy/erddapy.py)
  external_backend_entrypoints = backends_dict_from_pkg(entrypoints_unique)
Traceback (most recent call last):
  File "/home/563/fm6730/.local/lib/python3.12/site-packages/xarray/backends/file_manager.py", line 219, in _acquire_with_cache_info
    file = self._cache[self._key]
           ~~~~~~~~~~~^^^^^^^^^^^
  File "/home/563/fm6730/.local/lib/python3.12/site-packages/xarray/backends/lru_cache.py", line 56, in __getitem__
    value = self._cache[key]
            ~~~~~~~~~~~^^^^^
KeyError: [<class 'netCDF4._netCDF4.Dataset'>, ('/home/563/fm6730/localrepo/wave_vertical_heating/data/derived/q1_vert_structure/access-s2/e03/da_q1q2_yanai_20150630_e03_remap.nc',), 'r', (('clobber', True), ('diskless', False), ('format', 'NETCDF4'), ('persist', False)), '62f9c99d-30b3-4e98-a73c-612108ca8daa']

During handling of the above exception, another exception occurred:

Traceback (most recent call last):
  File "/home/563/fm6730/localrepo/wave_vertical_heating/scripts/utilities/compression_s2s_q1.py", line 14, in <module>
    ds = xr.open_dataset(file)
         ^^^^^^^^^^^^^^^^^^^^^
  File "/home/563/fm6730/.local/lib/python3.12/site-packages/xarray/backends/api.py", line 607, in open_dataset
    backend_ds = backend.open_dataset(
                 ^^^^^^^^^^^^^^^^^^^^^
  File "/home/563/fm6730/.local/lib/python3.12/site-packages/xarray/backends/netCDF4_.py", line 771, in open_dataset
    store = NetCDF4DataStore.open(
            ^^^^^^^^^^^^^^^^^^^^^^
  File "/home/563/fm6730/.local/lib/python3.12/site-packages/xarray/backends/netCDF4_.py", line 529, in open
    return cls(manager, group=group, mode=mode, lock=lock, autoclose=autoclose)
           ^^^^^^^^^^^^^^^^^^^^^^^^^^^^^^^^^^^^^^^^^^^^^^^^^^^^^^^^^^^^^^^^^^^^
  File "/home/563/fm6730/.local/lib/python3.12/site-packages/xarray/backends/netCDF4_.py", line 429, in __init__
    self.format = self.ds.data_model
                  ^^^^^^^
  File "/home/563/fm6730/.local/lib/python3.12/site-packages/xarray/backends/netCDF4_.py", line 538, in ds
    return self._acquire()
           ^^^^^^^^^^^^^^^
  File "/home/563/fm6730/.local/lib/python3.12/site-packages/xarray/backends/netCDF4_.py", line 532, in _acquire
    with self._manager.acquire_context(needs_lock) as root:
  File "/g/data/xp65/public/apps/med_conda/envs/analysis3-26.07/lib/python3.12/contextlib.py", line 137, in __enter__
    return next(self.gen)
           ^^^^^^^^^^^^^^
  File "/home/563/fm6730/.local/lib/python3.12/site-packages/xarray/backends/file_manager.py", line 207, in acquire_context
    file, cached = self._acquire_with_cache_info(needs_lock)
                   ^^^^^^^^^^^^^^^^^^^^^^^^^^^^^^^^^^^^^^^^^
  File "/home/563/fm6730/.local/lib/python3.12/site-packages/xarray/backends/file_manager.py", line 225, in _acquire_with_cache_info
    file = self._opener(*self._args, **kwargs)
           ^^^^^^^^^^^^^^^^^^^^^^^^^^^^^^^^^^^
  File "src/netCDF4/_netCDF4.pyx", line 2521, in netCDF4._netCDF4.Dataset.__init__
  File "src/netCDF4/_netCDF4.pyx", line 2158, in netCDF4._netCDF4._ensure_nc_success
FileNotFoundError: [Errno 2] No such file or directory: '/home/563/fm6730/localrepo/wave_vertical_heating/data/derived/q1_vert_structure/access-s2/e03/da_q1q2_yanai_20150630_e03_remap.nc'
/g/data/xp65/public/apps/med_conda/envs/analysis3-26.07/lib/python3.12/site-packages/sitecustomize.py:72: UserWarning: Pandas requires version '2.10.2' or newer of 'numexpr' (version '2.10.1' currently installed).
  mod = _real_import(name, globals, locals, fromlist, level)
/g/data/xp65/public/apps/med_conda/envs/analysis3-26.07/lib/python3.12/site-packages/argopy/utils/lists.py:38: UserWarning: An error occurred while loading the ERDDAP data fetcher, it will not be available !
<class 'ImportError'>
cannot import name '_quote_string_constraints' from 'erddapy.erddapy' (/g/data/xp65/public/apps/med_conda/envs/analysis3-26.07/lib/python3.12/site-packages/erddapy/erddapy.py)
  warnings.warn(
/g/data/xp65/public/apps/med_conda/envs/analysis3-26.07/lib/python3.12/site-packages/argopy/utils/lists.py:50: UserWarning: An error occurred while loading the ArgoVis data fetcher, it will not be available !
<class 'ImportError'>
cannot import name '_quote_string_constraints' from 'erddapy.erddapy' (/g/data/xp65/public/apps/med_conda/envs/analysis3-26.07/lib/python3.12/site-packages/erddapy/erddapy.py)
  warnings.warn(
/g/data/xp65/public/apps/med_conda/envs/analysis3-26.07/lib/python3.12/site-packages/argopy/utils/lists.py:66: UserWarning: An error occurred while loading the GDAC data fetcher, it will not be available !
<class 'ImportError'>
cannot import name '_quote_string_constraints' from 'erddapy.erddapy' (/g/data/xp65/public/apps/med_conda/envs/analysis3-26.07/lib/python3.12/site-packages/erddapy/erddapy.py)
  warnings.warn(
/g/data/xp65/public/apps/med_conda/envs/analysis3-26.07/lib/python3.12/site-packages/argopy/utils/lists.py:91: UserWarning: An error occurred while loading the ERDDAP index fetcher, it will not be available !
<class 'ImportError'>
cannot import name '_quote_string_constraints' from 'erddapy.erddapy' (/g/data/xp65/public/apps/med_conda/envs/analysis3-26.07/lib/python3.12/site-packages/erddapy/erddapy.py)
  warnings.warn(
/g/data/xp65/public/apps/med_conda/envs/analysis3-26.07/lib/python3.12/site-packages/argopy/utils/lists.py:107: UserWarning: An error occurred while loading the GDAC index fetcher, it will not be available !
<class 'ImportError'>
cannot import name '_quote_string_constraints' from 'erddapy.erddapy' (/g/data/xp65/public/apps/med_conda/envs/analysis3-26.07/lib/python3.12/site-packages/erddapy/erddapy.py)
  warnings.warn(
/home/563/fm6730/.local/lib/python3.12/site-packages/xarray/backends/plugins.py:109: RuntimeWarning: Engine 'argo' loading failed:
cannot import name '_quote_string_constraints' from 'erddapy.erddapy' (/g/data/xp65/public/apps/med_conda/envs/analysis3-26.07/lib/python3.12/site-packages/erddapy/erddapy.py)
  external_backend_entrypoints = backends_dict_from_pkg(entrypoints_unique)
Traceback (most recent call last):
  File "/home/563/fm6730/.local/lib/python3.12/site-packages/xarray/backends/file_manager.py", line 219, in _acquire_with_cache_info
    file = self._cache[self._key]
           ~~~~~~~~~~~^^^^^^^^^^^
  File "/home/563/fm6730/.local/lib/python3.12/site-packages/xarray/backends/lru_cache.py", line 56, in __getitem__
    value = self._cache[key]
            ~~~~~~~~~~~^^^^^
KeyError: [<class 'netCDF4._netCDF4.Dataset'>, ('/home/563/fm6730/localrepo/wave_vertical_heating/data/derived/q1_vert_structure/access-s2/e03/da_q1q2_yanai_20150801_e03_remap.nc',), 'r', (('clobber', True), ('diskless', False), ('format', 'NETCDF4'), ('persist', False)), '77470775-db55-450a-953c-83af6ffe994d']

During handling of the above exception, another exception occurred:

Traceback (most recent call last):
  File "/home/563/fm6730/localrepo/wave_vertical_heating/scripts/utilities/compression_s2s_q1.py", line 14, in <module>
    ds = xr.open_dataset(file)
         ^^^^^^^^^^^^^^^^^^^^^
  File "/home/563/fm6730/.local/lib/python3.12/site-packages/xarray/backends/api.py", line 607, in open_dataset
    backend_ds = backend.open_dataset(
                 ^^^^^^^^^^^^^^^^^^^^^
  File "/home/563/fm6730/.local/lib/python3.12/site-packages/xarray/backends/netCDF4_.py", line 771, in open_dataset
    store = NetCDF4DataStore.open(
            ^^^^^^^^^^^^^^^^^^^^^^
  File "/home/563/fm6730/.local/lib/python3.12/site-packages/xarray/backends/netCDF4_.py", line 529, in open
    return cls(manager, group=group, mode=mode, lock=lock, autoclose=autoclose)
           ^^^^^^^^^^^^^^^^^^^^^^^^^^^^^^^^^^^^^^^^^^^^^^^^^^^^^^^^^^^^^^^^^^^^
  File "/home/563/fm6730/.local/lib/python3.12/site-packages/xarray/backends/netCDF4_.py", line 429, in __init__
    self.format = self.ds.data_model
                  ^^^^^^^
  File "/home/563/fm6730/.local/lib/python3.12/site-packages/xarray/backends/netCDF4_.py", line 538, in ds
    return self._acquire()
           ^^^^^^^^^^^^^^^
  File "/home/563/fm6730/.local/lib/python3.12/site-packages/xarray/backends/netCDF4_.py", line 532, in _acquire
    with self._manager.acquire_context(needs_lock) as root:
  File "/g/data/xp65/public/apps/med_conda/envs/analysis3-26.07/lib/python3.12/contextlib.py", line 137, in __enter__
    return next(self.gen)
           ^^^^^^^^^^^^^^
  File "/home/563/fm6730/.local/lib/python3.12/site-packages/xarray/backends/file_manager.py", line 207, in acquire_context
    file, cached = self._acquire_with_cache_info(needs_lock)
                   ^^^^^^^^^^^^^^^^^^^^^^^^^^^^^^^^^^^^^^^^^
  File "/home/563/fm6730/.local/lib/python3.12/site-packages/xarray/backends/file_manager.py", line 225, in _acquire_with_cache_info
    file = self._opener(*self._args, **kwargs)
           ^^^^^^^^^^^^^^^^^^^^^^^^^^^^^^^^^^^
  File "src/netCDF4/_netCDF4.pyx", line 2521, in netCDF4._netCDF4.Dataset.__init__
  File "src/netCDF4/_netCDF4.pyx", line 2158, in netCDF4._netCDF4._ensure_nc_success
FileNotFoundError: [Errno 2] No such file or directory: '/home/563/fm6730/localrepo/wave_vertical_heating/data/derived/q1_vert_structure/access-s2/e03/da_q1q2_yanai_20150801_e03_remap.nc'
/g/data/xp65/public/apps/med_conda/envs/analysis3-26.07/lib/python3.12/site-packages/sitecustomize.py:72: UserWarning: Pandas requires version '2.10.2' or newer of 'numexpr' (version '2.10.1' currently installed).
  mod = _real_import(name, globals, locals, fromlist, level)
/g/data/xp65/public/apps/med_conda/envs/analysis3-26.07/lib/python3.12/site-packages/argopy/utils/lists.py:38: UserWarning: An error occurred while loading the ERDDAP data fetcher, it will not be available !
<class 'ImportError'>
cannot import name '_quote_string_constraints' from 'erddapy.erddapy' (/g/data/xp65/public/apps/med_conda/envs/analysis3-26.07/lib/python3.12/site-packages/erddapy/erddapy.py)
  warnings.warn(
/g/data/xp65/public/apps/med_conda/envs/analysis3-26.07/lib/python3.12/site-packages/argopy/utils/lists.py:50: UserWarning: An error occurred while loading the ArgoVis data fetcher, it will not be available !
<class 'ImportError'>
cannot import name '_quote_string_constraints' from 'erddapy.erddapy' (/g/data/xp65/public/apps/med_conda/envs/analysis3-26.07/lib/python3.12/site-packages/erddapy/erddapy.py)
  warnings.warn(
/g/data/xp65/public/apps/med_conda/envs/analysis3-26.07/lib/python3.12/site-packages/argopy/utils/lists.py:66: UserWarning: An error occurred while loading the GDAC data fetcher, it will not be available !
<class 'ImportError'>
cannot import name '_quote_string_constraints' from 'erddapy.erddapy' (/g/data/xp65/public/apps/med_conda/envs/analysis3-26.07/lib/python3.12/site-packages/erddapy/erddapy.py)
  warnings.warn(
/g/data/xp65/public/apps/med_conda/envs/analysis3-26.07/lib/python3.12/site-packages/argopy/utils/lists.py:91: UserWarning: An error occurred while loading the ERDDAP index fetcher, it will not be available !
<class 'ImportError'>
cannot import name '_quote_string_constraints' from 'erddapy.erddapy' (/g/data/xp65/public/apps/med_conda/envs/analysis3-26.07/lib/python3.12/site-packages/erddapy/erddapy.py)
  warnings.warn(
/g/data/xp65/public/apps/med_conda/envs/analysis3-26.07/lib/python3.12/site-packages/argopy/utils/lists.py:107: UserWarning: An error occurred while loading the GDAC index fetcher, it will not be available !
<class 'ImportError'>
cannot import name '_quote_string_constraints' from 'erddapy.erddapy' (/g/data/xp65/public/apps/med_conda/envs/analysis3-26.07/lib/python3.12/site-packages/erddapy/erddapy.py)
  warnings.warn(
/home/563/fm6730/.local/lib/python3.12/site-packages/xarray/backends/plugins.py:109: RuntimeWarning: Engine 'argo' loading failed:
cannot import name '_quote_string_constraints' from 'erddapy.erddapy' (/g/data/xp65/public/apps/med_conda/envs/analysis3-26.07/lib/python3.12/site-packages/erddapy/erddapy.py)
  external_backend_entrypoints = backends_dict_from_pkg(entrypoints_unique)
Traceback (most recent call last):
  File "/home/563/fm6730/.local/lib/python3.12/site-packages/xarray/backends/file_manager.py", line 219, in _acquire_with_cache_info
    file = self._cache[self._key]
           ~~~~~~~~~~~^^^^^^^^^^^
  File "/home/563/fm6730/.local/lib/python3.12/site-packages/xarray/backends/lru_cache.py", line 56, in __getitem__
    value = self._cache[key]
            ~~~~~~~~~~~^^^^^
KeyError: [<class 'netCDF4._netCDF4.Dataset'>, ('/home/563/fm6730/localrepo/wave_vertical_heating/data/derived/q1_vert_structure/access-s2/e03/da_q1q2_yanai_20150831_e03_remap.nc',), 'r', (('clobber', True), ('diskless', False), ('format', 'NETCDF4'), ('persist', False)), '76118163-84d4-4d5e-b4a6-b492ea227764']

During handling of the above exception, another exception occurred:

Traceback (most recent call last):
  File "/home/563/fm6730/localrepo/wave_vertical_heating/scripts/utilities/compression_s2s_q1.py", line 14, in <module>
    ds = xr.open_dataset(file)
         ^^^^^^^^^^^^^^^^^^^^^
  File "/home/563/fm6730/.local/lib/python3.12/site-packages/xarray/backends/api.py", line 607, in open_dataset
    backend_ds = backend.open_dataset(
                 ^^^^^^^^^^^^^^^^^^^^^
  File "/home/563/fm6730/.local/lib/python3.12/site-packages/xarray/backends/netCDF4_.py", line 771, in open_dataset
    store = NetCDF4DataStore.open(
            ^^^^^^^^^^^^^^^^^^^^^^
  File "/home/563/fm6730/.local/lib/python3.12/site-packages/xarray/backends/netCDF4_.py", line 529, in open
    return cls(manager, group=group, mode=mode, lock=lock, autoclose=autoclose)
           ^^^^^^^^^^^^^^^^^^^^^^^^^^^^^^^^^^^^^^^^^^^^^^^^^^^^^^^^^^^^^^^^^^^^
  File "/home/563/fm6730/.local/lib/python3.12/site-packages/xarray/backends/netCDF4_.py", line 429, in __init__
    self.format = self.ds.data_model
                  ^^^^^^^
  File "/home/563/fm6730/.local/lib/python3.12/site-packages/xarray/backends/netCDF4_.py", line 538, in ds
    return self._acquire()
           ^^^^^^^^^^^^^^^
  File "/home/563/fm6730/.local/lib/python3.12/site-packages/xarray/backends/netCDF4_.py", line 532, in _acquire
    with self._manager.acquire_context(needs_lock) as root:
  File "/g/data/xp65/public/apps/med_conda/envs/analysis3-26.07/lib/python3.12/contextlib.py", line 137, in __enter__
    return next(self.gen)
           ^^^^^^^^^^^^^^
  File "/home/563/fm6730/.local/lib/python3.12/site-packages/xarray/backends/file_manager.py", line 207, in acquire_context
    file, cached = self._acquire_with_cache_info(needs_lock)
                   ^^^^^^^^^^^^^^^^^^^^^^^^^^^^^^^^^^^^^^^^^
  File "/home/563/fm6730/.local/lib/python3.12/site-packages/xarray/backends/file_manager.py", line 225, in _acquire_with_cache_info
    file = self._opener(*self._args, **kwargs)
           ^^^^^^^^^^^^^^^^^^^^^^^^^^^^^^^^^^^
  File "src/netCDF4/_netCDF4.pyx", line 2521, in netCDF4._netCDF4.Dataset.__init__
  File "src/netCDF4/_netCDF4.pyx", line 2158, in netCDF4._netCDF4._ensure_nc_success
FileNotFoundError: [Errno 2] No such file or directory: '/home/563/fm6730/localrepo/wave_vertical_heating/data/derived/q1_vert_structure/access-s2/e03/da_q1q2_yanai_20150831_e03_remap.nc'
/g/data/xp65/public/apps/med_conda/envs/analysis3-26.07/lib/python3.12/site-packages/sitecustomize.py:72: UserWarning: Pandas requires version '2.10.2' or newer of 'numexpr' (version '2.10.1' currently installed).
  mod = _real_import(name, globals, locals, fromlist, level)
/g/data/xp65/public/apps/med_conda/envs/analysis3-26.07/lib/python3.12/site-packages/argopy/utils/lists.py:38: UserWarning: An error occurred while loading the ERDDAP data fetcher, it will not be available !
<class 'ImportError'>
cannot import name '_quote_string_constraints' from 'erddapy.erddapy' (/g/data/xp65/public/apps/med_conda/envs/analysis3-26.07/lib/python3.12/site-packages/erddapy/erddapy.py)
  warnings.warn(
/g/data/xp65/public/apps/med_conda/envs/analysis3-26.07/lib/python3.12/site-packages/argopy/utils/lists.py:50: UserWarning: An error occurred while loading the ArgoVis data fetcher, it will not be available !
<class 'ImportError'>
cannot import name '_quote_string_constraints' from 'erddapy.erddapy' (/g/data/xp65/public/apps/med_conda/envs/analysis3-26.07/lib/python3.12/site-packages/erddapy/erddapy.py)
  warnings.warn(
/g/data/xp65/public/apps/med_conda/envs/analysis3-26.07/lib/python3.12/site-packages/argopy/utils/lists.py:66: UserWarning: An error occurred while loading the GDAC data fetcher, it will not be available !
<class 'ImportError'>
cannot import name '_quote_string_constraints' from 'erddapy.erddapy' (/g/data/xp65/public/apps/med_conda/envs/analysis3-26.07/lib/python3.12/site-packages/erddapy/erddapy.py)
  warnings.warn(
/g/data/xp65/public/apps/med_conda/envs/analysis3-26.07/lib/python3.12/site-packages/argopy/utils/lists.py:91: UserWarning: An error occurred while loading the ERDDAP index fetcher, it will not be available !
<class 'ImportError'>
cannot import name '_quote_string_constraints' from 'erddapy.erddapy' (/g/data/xp65/public/apps/med_conda/envs/analysis3-26.07/lib/python3.12/site-packages/erddapy/erddapy.py)
  warnings.warn(
/g/data/xp65/public/apps/med_conda/envs/analysis3-26.07/lib/python3.12/site-packages/argopy/utils/lists.py:107: UserWarning: An error occurred while loading the GDAC index fetcher, it will not be available !
<class 'ImportError'>
cannot import name '_quote_string_constraints' from 'erddapy.erddapy' (/g/data/xp65/public/apps/med_conda/envs/analysis3-26.07/lib/python3.12/site-packages/erddapy/erddapy.py)
  warnings.warn(
/home/563/fm6730/.local/lib/python3.12/site-packages/xarray/backends/plugins.py:109: RuntimeWarning: Engine 'argo' loading failed:
cannot import name '_quote_string_constraints' from 'erddapy.erddapy' (/g/data/xp65/public/apps/med_conda/envs/analysis3-26.07/lib/python3.12/site-packages/erddapy/erddapy.py)
  external_backend_entrypoints = backends_dict_from_pkg(entrypoints_unique)
Traceback (most recent call last):
  File "/home/563/fm6730/.local/lib/python3.12/site-packages/xarray/backends/file_manager.py", line 219, in _acquire_with_cache_info
    file = self._cache[self._key]
           ~~~~~~~~~~~^^^^^^^^^^^
  File "/home/563/fm6730/.local/lib/python3.12/site-packages/xarray/backends/lru_cache.py", line 56, in __getitem__
    value = self._cache[key]
            ~~~~~~~~~~~^^^^^
KeyError: [<class 'netCDF4._netCDF4.Dataset'>, ('/home/563/fm6730/localrepo/wave_vertical_heating/data/derived/q1_vert_structure/access-s2/e03/da_q1q2_yanai_20150730_e03_remap.nc',), 'r', (('clobber', True), ('diskless', False), ('format', 'NETCDF4'), ('persist', False)), 'd0893c75-1cc8-46fe-8948-3e04ac0e964d']

During handling of the above exception, another exception occurred:

Traceback (most recent call last):
  File "/home/563/fm6730/localrepo/wave_vertical_heating/scripts/utilities/compression_s2s_q1.py", line 14, in <module>
    ds = xr.open_dataset(file)
         ^^^^^^^^^^^^^^^^^^^^^
  File "/home/563/fm6730/.local/lib/python3.12/site-packages/xarray/backends/api.py", line 607, in open_dataset
    backend_ds = backend.open_dataset(
                 ^^^^^^^^^^^^^^^^^^^^^
  File "/home/563/fm6730/.local/lib/python3.12/site-packages/xarray/backends/netCDF4_.py", line 771, in open_dataset
    store = NetCDF4DataStore.open(
            ^^^^^^^^^^^^^^^^^^^^^^
  File "/home/563/fm6730/.local/lib/python3.12/site-packages/xarray/backends/netCDF4_.py", line 529, in open
    return cls(manager, group=group, mode=mode, lock=lock, autoclose=autoclose)
           ^^^^^^^^^^^^^^^^^^^^^^^^^^^^^^^^^^^^^^^^^^^^^^^^^^^^^^^^^^^^^^^^^^^^
  File "/home/563/fm6730/.local/lib/python3.12/site-packages/xarray/backends/netCDF4_.py", line 429, in __init__
    self.format = self.ds.data_model
                  ^^^^^^^
  File "/home/563/fm6730/.local/lib/python3.12/site-packages/xarray/backends/netCDF4_.py", line 538, in ds
    return self._acquire()
           ^^^^^^^^^^^^^^^
  File "/home/563/fm6730/.local/lib/python3.12/site-packages/xarray/backends/netCDF4_.py", line 532, in _acquire
    with self._manager.acquire_context(needs_lock) as root:
  File "/g/data/xp65/public/apps/med_conda/envs/analysis3-26.07/lib/python3.12/contextlib.py", line 137, in __enter__
    return next(self.gen)
           ^^^^^^^^^^^^^^
  File "/home/563/fm6730/.local/lib/python3.12/site-packages/xarray/backends/file_manager.py", line 207, in acquire_context
    file, cached = self._acquire_with_cache_info(needs_lock)
                   ^^^^^^^^^^^^^^^^^^^^^^^^^^^^^^^^^^^^^^^^^
  File "/home/563/fm6730/.local/lib/python3.12/site-packages/xarray/backends/file_manager.py", line 225, in _acquire_with_cache_info
    file = self._opener(*self._args, **kwargs)
           ^^^^^^^^^^^^^^^^^^^^^^^^^^^^^^^^^^^
  File "src/netCDF4/_netCDF4.pyx", line 2521, in netCDF4._netCDF4.Dataset.__init__
  File "src/netCDF4/_netCDF4.pyx", line 2158, in netCDF4._netCDF4._ensure_nc_success
FileNotFoundError: [Errno 2] No such file or directory: '/home/563/fm6730/localrepo/wave_vertical_heating/data/derived/q1_vert_structure/access-s2/e03/da_q1q2_yanai_20150730_e03_remap.nc'
/g/data/xp65/public/apps/med_conda/envs/analysis3-26.07/lib/python3.12/site-packages/sitecustomize.py:72: UserWarning: Pandas requires version '2.10.2' or newer of 'numexpr' (version '2.10.1' currently installed).
  mod = _real_import(name, globals, locals, fromlist, level)
/g/data/xp65/public/apps/med_conda/envs/analysis3-26.07/lib/python3.12/site-packages/argopy/utils/lists.py:38: UserWarning: An error occurred while loading the ERDDAP data fetcher, it will not be available !
<class 'ImportError'>
cannot import name '_quote_string_constraints' from 'erddapy.erddapy' (/g/data/xp65/public/apps/med_conda/envs/analysis3-26.07/lib/python3.12/site-packages/erddapy/erddapy.py)
  warnings.warn(
/g/data/xp65/public/apps/med_conda/envs/analysis3-26.07/lib/python3.12/site-packages/argopy/utils/lists.py:50: UserWarning: An error occurred while loading the ArgoVis data fetcher, it will not be available !
<class 'ImportError'>
cannot import name '_quote_string_constraints' from 'erddapy.erddapy' (/g/data/xp65/public/apps/med_conda/envs/analysis3-26.07/lib/python3.12/site-packages/erddapy/erddapy.py)
  warnings.warn(
/g/data/xp65/public/apps/med_conda/envs/analysis3-26.07/lib/python3.12/site-packages/argopy/utils/lists.py:66: UserWarning: An error occurred while loading the GDAC data fetcher, it will not be available !
<class 'ImportError'>
cannot import name '_quote_string_constraints' from 'erddapy.erddapy' (/g/data/xp65/public/apps/med_conda/envs/analysis3-26.07/lib/python3.12/site-packages/erddapy/erddapy.py)
  warnings.warn(
/g/data/xp65/public/apps/med_conda/envs/analysis3-26.07/lib/python3.12/site-packages/argopy/utils/lists.py:91: UserWarning: An error occurred while loading the ERDDAP index fetcher, it will not be available !
<class 'ImportError'>
cannot import name '_quote_string_constraints' from 'erddapy.erddapy' (/g/data/xp65/public/apps/med_conda/envs/analysis3-26.07/lib/python3.12/site-packages/erddapy/erddapy.py)
  warnings.warn(
/g/data/xp65/public/apps/med_conda/envs/analysis3-26.07/lib/python3.12/site-packages/argopy/utils/lists.py:107: UserWarning: An error occurred while loading the GDAC index fetcher, it will not be available !
<class 'ImportError'>
cannot import name '_quote_string_constraints' from 'erddapy.erddapy' (/g/data/xp65/public/apps/med_conda/envs/analysis3-26.07/lib/python3.12/site-packages/erddapy/erddapy.py)
  warnings.warn(
/home/563/fm6730/.local/lib/python3.12/site-packages/xarray/backends/plugins.py:109: RuntimeWarning: Engine 'argo' loading failed:
cannot import name '_quote_string_constraints' from 'erddapy.erddapy' (/g/data/xp65/public/apps/med_conda/envs/analysis3-26.07/lib/python3.12/site-packages/erddapy/erddapy.py)
  external_backend_entrypoints = backends_dict_from_pkg(entrypoints_unique)
Traceback (most recent call last):
  File "/home/563/fm6730/.local/lib/python3.12/site-packages/xarray/backends/file_manager.py", line 219, in _acquire_with_cache_info
    file = self._cache[self._key]
           ~~~~~~~~~~~^^^^^^^^^^^
  File "/home/563/fm6730/.local/lib/python3.12/site-packages/xarray/backends/lru_cache.py", line 56, in __getitem__
    value = self._cache[key]
            ~~~~~~~~~~~^^^^^
KeyError: [<class 'netCDF4._netCDF4.Dataset'>, ('/home/563/fm6730/localrepo/wave_vertical_heating/data/derived/q1_vert_structure/access-s2/e03/da_q1q2_yanai_20150830_e03_remap.nc',), 'r', (('clobber', True), ('diskless', False), ('format', 'NETCDF4'), ('persist', False)), 'a49756a0-174f-4374-a8af-b8b364abe940']

During handling of the above exception, another exception occurred:

Traceback (most recent call last):
  File "/home/563/fm6730/localrepo/wave_vertical_heating/scripts/utilities/compression_s2s_q1.py", line 14, in <module>
    ds = xr.open_dataset(file)
         ^^^^^^^^^^^^^^^^^^^^^
  File "/home/563/fm6730/.local/lib/python3.12/site-packages/xarray/backends/api.py", line 607, in open_dataset
    backend_ds = backend.open_dataset(
                 ^^^^^^^^^^^^^^^^^^^^^
  File "/home/563/fm6730/.local/lib/python3.12/site-packages/xarray/backends/netCDF4_.py", line 771, in open_dataset
    store = NetCDF4DataStore.open(
            ^^^^^^^^^^^^^^^^^^^^^^
  File "/home/563/fm6730/.local/lib/python3.12/site-packages/xarray/backends/netCDF4_.py", line 529, in open
    return cls(manager, group=group, mode=mode, lock=lock, autoclose=autoclose)
           ^^^^^^^^^^^^^^^^^^^^^^^^^^^^^^^^^^^^^^^^^^^^^^^^^^^^^^^^^^^^^^^^^^^^
  File "/home/563/fm6730/.local/lib/python3.12/site-packages/xarray/backends/netCDF4_.py", line 429, in __init__
    self.format = self.ds.data_model
                  ^^^^^^^
  File "/home/563/fm6730/.local/lib/python3.12/site-packages/xarray/backends/netCDF4_.py", line 538, in ds
    return self._acquire()
           ^^^^^^^^^^^^^^^
  File "/home/563/fm6730/.local/lib/python3.12/site-packages/xarray/backends/netCDF4_.py", line 532, in _acquire
    with self._manager.acquire_context(needs_lock) as root:
  File "/g/data/xp65/public/apps/med_conda/envs/analysis3-26.07/lib/python3.12/contextlib.py", line 137, in __enter__
    return next(self.gen)
           ^^^^^^^^^^^^^^
  File "/home/563/fm6730/.local/lib/python3.12/site-packages/xarray/backends/file_manager.py", line 207, in acquire_context
    file, cached = self._acquire_with_cache_info(needs_lock)
                   ^^^^^^^^^^^^^^^^^^^^^^^^^^^^^^^^^^^^^^^^^
  File "/home/563/fm6730/.local/lib/python3.12/site-packages/xarray/backends/file_manager.py", line 225, in _acquire_with_cache_info
    file = self._opener(*self._args, **kwargs)
           ^^^^^^^^^^^^^^^^^^^^^^^^^^^^^^^^^^^
  File "src/netCDF4/_netCDF4.pyx", line 2521, in netCDF4._netCDF4.Dataset.__init__
  File "src/netCDF4/_netCDF4.pyx", line 2158, in netCDF4._netCDF4._ensure_nc_success
FileNotFoundError: [Errno 2] No such file or directory: '/home/563/fm6730/localrepo/wave_vertical_heating/data/derived/q1_vert_structure/access-s2/e03/da_q1q2_yanai_20150830_e03_remap.nc'
/g/data/xp65/public/apps/med_conda/envs/analysis3-26.07/lib/python3.12/site-packages/sitecustomize.py:72: UserWarning: Pandas requires version '2.10.2' or newer of 'numexpr' (version '2.10.1' currently installed).
  mod = _real_import(name, globals, locals, fromlist, level)
/g/data/xp65/public/apps/med_conda/envs/analysis3-26.07/lib/python3.12/site-packages/argopy/utils/lists.py:38: UserWarning: An error occurred while loading the ERDDAP data fetcher, it will not be available !
<class 'ImportError'>
cannot import name '_quote_string_constraints' from 'erddapy.erddapy' (/g/data/xp65/public/apps/med_conda/envs/analysis3-26.07/lib/python3.12/site-packages/erddapy/erddapy.py)
  warnings.warn(
/g/data/xp65/public/apps/med_conda/envs/analysis3-26.07/lib/python3.12/site-packages/argopy/utils/lists.py:50: UserWarning: An error occurred while loading the ArgoVis data fetcher, it will not be available !
<class 'ImportError'>
cannot import name '_quote_string_constraints' from 'erddapy.erddapy' (/g/data/xp65/public/apps/med_conda/envs/analysis3-26.07/lib/python3.12/site-packages/erddapy/erddapy.py)
  warnings.warn(
/g/data/xp65/public/apps/med_conda/envs/analysis3-26.07/lib/python3.12/site-packages/argopy/utils/lists.py:66: UserWarning: An error occurred while loading the GDAC data fetcher, it will not be available !
<class 'ImportError'>
cannot import name '_quote_string_constraints' from 'erddapy.erddapy' (/g/data/xp65/public/apps/med_conda/envs/analysis3-26.07/lib/python3.12/site-packages/erddapy/erddapy.py)
  warnings.warn(
/g/data/xp65/public/apps/med_conda/envs/analysis3-26.07/lib/python3.12/site-packages/argopy/utils/lists.py:91: UserWarning: An error occurred while loading the ERDDAP index fetcher, it will not be available !
<class 'ImportError'>
cannot import name '_quote_string_constraints' from 'erddapy.erddapy' (/g/data/xp65/public/apps/med_conda/envs/analysis3-26.07/lib/python3.12/site-packages/erddapy/erddapy.py)
  warnings.warn(
/g/data/xp65/public/apps/med_conda/envs/analysis3-26.07/lib/python3.12/site-packages/argopy/utils/lists.py:107: UserWarning: An error occurred while loading the GDAC index fetcher, it will not be available !
<class 'ImportError'>
cannot import name '_quote_string_constraints' from 'erddapy.erddapy' (/g/data/xp65/public/apps/med_conda/envs/analysis3-26.07/lib/python3.12/site-packages/erddapy/erddapy.py)
  warnings.warn(
/home/563/fm6730/.local/lib/python3.12/site-packages/xarray/backends/plugins.py:109: RuntimeWarning: Engine 'argo' loading failed:
cannot import name '_quote_string_constraints' from 'erddapy.erddapy' (/g/data/xp65/public/apps/med_conda/envs/analysis3-26.07/lib/python3.12/site-packages/erddapy/erddapy.py)
  external_backend_entrypoints = backends_dict_from_pkg(entrypoints_unique)
Traceback (most recent call last):
  File "/home/563/fm6730/.local/lib/python3.12/site-packages/xarray/backends/file_manager.py", line 219, in _acquire_with_cache_info
    file = self._cache[self._key]
           ~~~~~~~~~~~^^^^^^^^^^^
  File "/home/563/fm6730/.local/lib/python3.12/site-packages/xarray/backends/lru_cache.py", line 56, in __getitem__
    value = self._cache[key]
            ~~~~~~~~~~~^^^^^
KeyError: [<class 'netCDF4._netCDF4.Dataset'>, ('/home/563/fm6730/localrepo/wave_vertical_heating/data/derived/q1_vert_structure/access-s2/e03/da_q1q2_yanai_20150731_e03_remap.nc',), 'r', (('clobber', True), ('diskless', False), ('format', 'NETCDF4'), ('persist', False)), '54dd7f0d-30ac-471a-8e72-b4aff5912e84']

During handling of the above exception, another exception occurred:

Traceback (most recent call last):
  File "/home/563/fm6730/localrepo/wave_vertical_heating/scripts/utilities/compression_s2s_q1.py", line 14, in <module>
    ds = xr.open_dataset(file)
         ^^^^^^^^^^^^^^^^^^^^^
  File "/home/563/fm6730/.local/lib/python3.12/site-packages/xarray/backends/api.py", line 607, in open_dataset
    backend_ds = backend.open_dataset(
                 ^^^^^^^^^^^^^^^^^^^^^
  File "/home/563/fm6730/.local/lib/python3.12/site-packages/xarray/backends/netCDF4_.py", line 771, in open_dataset
    store = NetCDF4DataStore.open(
            ^^^^^^^^^^^^^^^^^^^^^^
  File "/home/563/fm6730/.local/lib/python3.12/site-packages/xarray/backends/netCDF4_.py", line 529, in open
    return cls(manager, group=group, mode=mode, lock=lock, autoclose=autoclose)
           ^^^^^^^^^^^^^^^^^^^^^^^^^^^^^^^^^^^^^^^^^^^^^^^^^^^^^^^^^^^^^^^^^^^^
  File "/home/563/fm6730/.local/lib/python3.12/site-packages/xarray/backends/netCDF4_.py", line 429, in __init__
    self.format = self.ds.data_model
                  ^^^^^^^
  File "/home/563/fm6730/.local/lib/python3.12/site-packages/xarray/backends/netCDF4_.py", line 538, in ds
    return self._acquire()
           ^^^^^^^^^^^^^^^
  File "/home/563/fm6730/.local/lib/python3.12/site-packages/xarray/backends/netCDF4_.py", line 532, in _acquire
    with self._manager.acquire_context(needs_lock) as root:
  File "/g/data/xp65/public/apps/med_conda/envs/analysis3-26.07/lib/python3.12/contextlib.py", line 137, in __enter__
    return next(self.gen)
           ^^^^^^^^^^^^^^
  File "/home/563/fm6730/.local/lib/python3.12/site-packages/xarray/backends/file_manager.py", line 207, in acquire_context
    file, cached = self._acquire_with_cache_info(needs_lock)
                   ^^^^^^^^^^^^^^^^^^^^^^^^^^^^^^^^^^^^^^^^^
  File "/home/563/fm6730/.local/lib/python3.12/site-packages/xarray/backends/file_manager.py", line 225, in _acquire_with_cache_info
    file = self._opener(*self._args, **kwargs)
           ^^^^^^^^^^^^^^^^^^^^^^^^^^^^^^^^^^^
  File "src/netCDF4/_netCDF4.pyx", line 2521, in netCDF4._netCDF4.Dataset.__init__
  File "src/netCDF4/_netCDF4.pyx", line 2158, in netCDF4._netCDF4._ensure_nc_success
FileNotFoundError: [Errno 2] No such file or directory: '/home/563/fm6730/localrepo/wave_vertical_heating/data/derived/q1_vert_structure/access-s2/e03/da_q1q2_yanai_20150731_e03_remap.nc'
/g/data/xp65/public/apps/med_conda/envs/analysis3-26.07/lib/python3.12/site-packages/sitecustomize.py:72: UserWarning: Pandas requires version '2.10.2' or newer of 'numexpr' (version '2.10.1' currently installed).
  mod = _real_import(name, globals, locals, fromlist, level)
/g/data/xp65/public/apps/med_conda/envs/analysis3-26.07/lib/python3.12/site-packages/argopy/utils/lists.py:38: UserWarning: An error occurred while loading the ERDDAP data fetcher, it will not be available !
<class 'ImportError'>
cannot import name '_quote_string_constraints' from 'erddapy.erddapy' (/g/data/xp65/public/apps/med_conda/envs/analysis3-26.07/lib/python3.12/site-packages/erddapy/erddapy.py)
  warnings.warn(
/g/data/xp65/public/apps/med_conda/envs/analysis3-26.07/lib/python3.12/site-packages/argopy/utils/lists.py:50: UserWarning: An error occurred while loading the ArgoVis data fetcher, it will not be available !
<class 'ImportError'>
cannot import name '_quote_string_constraints' from 'erddapy.erddapy' (/g/data/xp65/public/apps/med_conda/envs/analysis3-26.07/lib/python3.12/site-packages/erddapy/erddapy.py)
  warnings.warn(
/g/data/xp65/public/apps/med_conda/envs/analysis3-26.07/lib/python3.12/site-packages/argopy/utils/lists.py:66: UserWarning: An error occurred while loading the GDAC data fetcher, it will not be available !
<class 'ImportError'>
cannot import name '_quote_string_constraints' from 'erddapy.erddapy' (/g/data/xp65/public/apps/med_conda/envs/analysis3-26.07/lib/python3.12/site-packages/erddapy/erddapy.py)
  warnings.warn(
/g/data/xp65/public/apps/med_conda/envs/analysis3-26.07/lib/python3.12/site-packages/argopy/utils/lists.py:91: UserWarning: An error occurred while loading the ERDDAP index fetcher, it will not be available !
<class 'ImportError'>
cannot import name '_quote_string_constraints' from 'erddapy.erddapy' (/g/data/xp65/public/apps/med_conda/envs/analysis3-26.07/lib/python3.12/site-packages/erddapy/erddapy.py)
  warnings.warn(
/g/data/xp65/public/apps/med_conda/envs/analysis3-26.07/lib/python3.12/site-packages/argopy/utils/lists.py:107: UserWarning: An error occurred while loading the GDAC index fetcher, it will not be available !
<class 'ImportError'>
cannot import name '_quote_string_constraints' from 'erddapy.erddapy' (/g/data/xp65/public/apps/med_conda/envs/analysis3-26.07/lib/python3.12/site-packages/erddapy/erddapy.py)
  warnings.warn(
/home/563/fm6730/.local/lib/python3.12/site-packages/xarray/backends/plugins.py:109: RuntimeWarning: Engine 'argo' loading failed:
cannot import name '_quote_string_constraints' from 'erddapy.erddapy' (/g/data/xp65/public/apps/med_conda/envs/analysis3-26.07/lib/python3.12/site-packages/erddapy/erddapy.py)
  external_backend_entrypoints = backends_dict_from_pkg(entrypoints_unique)
Traceback (most recent call last):
  File "/home/563/fm6730/.local/lib/python3.12/site-packages/xarray/backends/file_manager.py", line 219, in _acquire_with_cache_info
    file = self._cache[self._key]
           ~~~~~~~~~~~^^^^^^^^^^^
  File "/home/563/fm6730/.local/lib/python3.12/site-packages/xarray/backends/lru_cache.py", line 56, in __getitem__
    value = self._cache[key]
            ~~~~~~~~~~~^^^^^
KeyError: [<class 'netCDF4._netCDF4.Dataset'>, ('/home/563/fm6730/localrepo/wave_vertical_heating/data/derived/q1_vert_structure/access-s2/e03/da_q1q2_yanai_20151001_e03_remap.nc',), 'r', (('clobber', True), ('diskless', False), ('format', 'NETCDF4'), ('persist', False)), 'ac5d14d8-b93b-430b-8a89-e5f80530c534']

During handling of the above exception, another exception occurred:

Traceback (most recent call last):
  File "/home/563/fm6730/localrepo/wave_vertical_heating/scripts/utilities/compression_s2s_q1.py", line 14, in <module>
    ds = xr.open_dataset(file)
         ^^^^^^^^^^^^^^^^^^^^^
  File "/home/563/fm6730/.local/lib/python3.12/site-packages/xarray/backends/api.py", line 607, in open_dataset
    backend_ds = backend.open_dataset(
                 ^^^^^^^^^^^^^^^^^^^^^
  File "/home/563/fm6730/.local/lib/python3.12/site-packages/xarray/backends/netCDF4_.py", line 771, in open_dataset
    store = NetCDF4DataStore.open(
            ^^^^^^^^^^^^^^^^^^^^^^
  File "/home/563/fm6730/.local/lib/python3.12/site-packages/xarray/backends/netCDF4_.py", line 529, in open
    return cls(manager, group=group, mode=mode, lock=lock, autoclose=autoclose)
           ^^^^^^^^^^^^^^^^^^^^^^^^^^^^^^^^^^^^^^^^^^^^^^^^^^^^^^^^^^^^^^^^^^^^
  File "/home/563/fm6730/.local/lib/python3.12/site-packages/xarray/backends/netCDF4_.py", line 429, in __init__
    self.format = self.ds.data_model
                  ^^^^^^^
  File "/home/563/fm6730/.local/lib/python3.12/site-packages/xarray/backends/netCDF4_.py", line 538, in ds
    return self._acquire()
           ^^^^^^^^^^^^^^^
  File "/home/563/fm6730/.local/lib/python3.12/site-packages/xarray/backends/netCDF4_.py", line 532, in _acquire
    with self._manager.acquire_context(needs_lock) as root:
  File "/g/data/xp65/public/apps/med_conda/envs/analysis3-26.07/lib/python3.12/contextlib.py", line 137, in __enter__
    return next(self.gen)
           ^^^^^^^^^^^^^^
  File "/home/563/fm6730/.local/lib/python3.12/site-packages/xarray/backends/file_manager.py", line 207, in acquire_context
    file, cached = self._acquire_with_cache_info(needs_lock)
                   ^^^^^^^^^^^^^^^^^^^^^^^^^^^^^^^^^^^^^^^^^
  File "/home/563/fm6730/.local/lib/python3.12/site-packages/xarray/backends/file_manager.py", line 225, in _acquire_with_cache_info
    file = self._opener(*self._args, **kwargs)
           ^^^^^^^^^^^^^^^^^^^^^^^^^^^^^^^^^^^
  File "src/netCDF4/_netCDF4.pyx", line 2521, in netCDF4._netCDF4.Dataset.__init__
  File "src/netCDF4/_netCDF4.pyx", line 2158, in netCDF4._netCDF4._ensure_nc_success
FileNotFoundError: [Errno 2] No such file or directory: '/home/563/fm6730/localrepo/wave_vertical_heating/data/derived/q1_vert_structure/access-s2/e03/da_q1q2_yanai_20151001_e03_remap.nc'
/g/data/xp65/public/apps/med_conda/envs/analysis3-26.07/lib/python3.12/site-packages/sitecustomize.py:72: UserWarning: Pandas requires version '2.10.2' or newer of 'numexpr' (version '2.10.1' currently installed).
  mod = _real_import(name, globals, locals, fromlist, level)
/g/data/xp65/public/apps/med_conda/envs/analysis3-26.07/lib/python3.12/site-packages/argopy/utils/lists.py:38: UserWarning: An error occurred while loading the ERDDAP data fetcher, it will not be available !
<class 'ImportError'>
cannot import name '_quote_string_constraints' from 'erddapy.erddapy' (/g/data/xp65/public/apps/med_conda/envs/analysis3-26.07/lib/python3.12/site-packages/erddapy/erddapy.py)
  warnings.warn(
/g/data/xp65/public/apps/med_conda/envs/analysis3-26.07/lib/python3.12/site-packages/argopy/utils/lists.py:50: UserWarning: An error occurred while loading the ArgoVis data fetcher, it will not be available !
<class 'ImportError'>
cannot import name '_quote_string_constraints' from 'erddapy.erddapy' (/g/data/xp65/public/apps/med_conda/envs/analysis3-26.07/lib/python3.12/site-packages/erddapy/erddapy.py)
  warnings.warn(
/g/data/xp65/public/apps/med_conda/envs/analysis3-26.07/lib/python3.12/site-packages/argopy/utils/lists.py:66: UserWarning: An error occurred while loading the GDAC data fetcher, it will not be available !
<class 'ImportError'>
cannot import name '_quote_string_constraints' from 'erddapy.erddapy' (/g/data/xp65/public/apps/med_conda/envs/analysis3-26.07/lib/python3.12/site-packages/erddapy/erddapy.py)
  warnings.warn(
/g/data/xp65/public/apps/med_conda/envs/analysis3-26.07/lib/python3.12/site-packages/argopy/utils/lists.py:91: UserWarning: An error occurred while loading the ERDDAP index fetcher, it will not be available !
<class 'ImportError'>
cannot import name '_quote_string_constraints' from 'erddapy.erddapy' (/g/data/xp65/public/apps/med_conda/envs/analysis3-26.07/lib/python3.12/site-packages/erddapy/erddapy.py)
  warnings.warn(
/g/data/xp65/public/apps/med_conda/envs/analysis3-26.07/lib/python3.12/site-packages/argopy/utils/lists.py:107: UserWarning: An error occurred while loading the GDAC index fetcher, it will not be available !
<class 'ImportError'>
cannot import name '_quote_string_constraints' from 'erddapy.erddapy' (/g/data/xp65/public/apps/med_conda/envs/analysis3-26.07/lib/python3.12/site-packages/erddapy/erddapy.py)
  warnings.warn(
/home/563/fm6730/.local/lib/python3.12/site-packages/xarray/backends/plugins.py:109: RuntimeWarning: Engine 'argo' loading failed:
cannot import name '_quote_string_constraints' from 'erddapy.erddapy' (/g/data/xp65/public/apps/med_conda/envs/analysis3-26.07/lib/python3.12/site-packages/erddapy/erddapy.py)
  external_backend_entrypoints = backends_dict_from_pkg(entrypoints_unique)
Traceback (most recent call last):
  File "/home/563/fm6730/.local/lib/python3.12/site-packages/xarray/backends/file_manager.py", line 219, in _acquire_with_cache_info
    file = self._cache[self._key]
           ~~~~~~~~~~~^^^^^^^^^^^
  File "/home/563/fm6730/.local/lib/python3.12/site-packages/xarray/backends/lru_cache.py", line 56, in __getitem__
    value = self._cache[key]
            ~~~~~~~~~~~^^^^^
KeyError: [<class 'netCDF4._netCDF4.Dataset'>, ('/home/563/fm6730/localrepo/wave_vertical_heating/data/derived/q1_vert_structure/access-s2/e03/da_q1q2_yanai_20150901_e03_remap.nc',), 'r', (('clobber', True), ('diskless', False), ('format', 'NETCDF4'), ('persist', False)), 'd8288105-a8a3-40f0-9a19-88c2c0dda2c5']

During handling of the above exception, another exception occurred:

Traceback (most recent call last):
  File "/home/563/fm6730/localrepo/wave_vertical_heating/scripts/utilities/compression_s2s_q1.py", line 14, in <module>
    ds = xr.open_dataset(file)
         ^^^^^^^^^^^^^^^^^^^^^
  File "/home/563/fm6730/.local/lib/python3.12/site-packages/xarray/backends/api.py", line 607, in open_dataset
    backend_ds = backend.open_dataset(
                 ^^^^^^^^^^^^^^^^^^^^^
  File "/home/563/fm6730/.local/lib/python3.12/site-packages/xarray/backends/netCDF4_.py", line 771, in open_dataset
    store = NetCDF4DataStore.open(
            ^^^^^^^^^^^^^^^^^^^^^^
  File "/home/563/fm6730/.local/lib/python3.12/site-packages/xarray/backends/netCDF4_.py", line 529, in open
    return cls(manager, group=group, mode=mode, lock=lock, autoclose=autoclose)
           ^^^^^^^^^^^^^^^^^^^^^^^^^^^^^^^^^^^^^^^^^^^^^^^^^^^^^^^^^^^^^^^^^^^^
  File "/home/563/fm6730/.local/lib/python3.12/site-packages/xarray/backends/netCDF4_.py", line 429, in __init__
    self.format = self.ds.data_model
                  ^^^^^^^
  File "/home/563/fm6730/.local/lib/python3.12/site-packages/xarray/backends/netCDF4_.py", line 538, in ds
    return self._acquire()
           ^^^^^^^^^^^^^^^
  File "/home/563/fm6730/.local/lib/python3.12/site-packages/xarray/backends/netCDF4_.py", line 532, in _acquire
    with self._manager.acquire_context(needs_lock) as root:
  File "/g/data/xp65/public/apps/med_conda/envs/analysis3-26.07/lib/python3.12/contextlib.py", line 137, in __enter__
    return next(self.gen)
           ^^^^^^^^^^^^^^
  File "/home/563/fm6730/.local/lib/python3.12/site-packages/xarray/backends/file_manager.py", line 207, in acquire_context
    file, cached = self._acquire_with_cache_info(needs_lock)
                   ^^^^^^^^^^^^^^^^^^^^^^^^^^^^^^^^^^^^^^^^^
  File "/home/563/fm6730/.local/lib/python3.12/site-packages/xarray/backends/file_manager.py", line 225, in _acquire_with_cache_info
    file = self._opener(*self._args, **kwargs)
           ^^^^^^^^^^^^^^^^^^^^^^^^^^^^^^^^^^^
  File "src/netCDF4/_netCDF4.pyx", line 2521, in netCDF4._netCDF4.Dataset.__init__
  File "src/netCDF4/_netCDF4.pyx", line 2158, in netCDF4._netCDF4._ensure_nc_success
FileNotFoundError: [Errno 2] No such file or directory: '/home/563/fm6730/localrepo/wave_vertical_heating/data/derived/q1_vert_structure/access-s2/e03/da_q1q2_yanai_20150901_e03_remap.nc'
/g/data/xp65/public/apps/med_conda/envs/analysis3-26.07/lib/python3.12/site-packages/sitecustomize.py:72: UserWarning: Pandas requires version '2.10.2' or newer of 'numexpr' (version '2.10.1' currently installed).
  mod = _real_import(name, globals, locals, fromlist, level)
/g/data/xp65/public/apps/med_conda/envs/analysis3-26.07/lib/python3.12/site-packages/argopy/utils/lists.py:38: UserWarning: An error occurred while loading the ERDDAP data fetcher, it will not be available !
<class 'ImportError'>
cannot import name '_quote_string_constraints' from 'erddapy.erddapy' (/g/data/xp65/public/apps/med_conda/envs/analysis3-26.07/lib/python3.12/site-packages/erddapy/erddapy.py)
  warnings.warn(
/g/data/xp65/public/apps/med_conda/envs/analysis3-26.07/lib/python3.12/site-packages/argopy/utils/lists.py:50: UserWarning: An error occurred while loading the ArgoVis data fetcher, it will not be available !
<class 'ImportError'>
cannot import name '_quote_string_constraints' from 'erddapy.erddapy' (/g/data/xp65/public/apps/med_conda/envs/analysis3-26.07/lib/python3.12/site-packages/erddapy/erddapy.py)
  warnings.warn(
/g/data/xp65/public/apps/med_conda/envs/analysis3-26.07/lib/python3.12/site-packages/argopy/utils/lists.py:66: UserWarning: An error occurred while loading the GDAC data fetcher, it will not be available !
<class 'ImportError'>
cannot import name '_quote_string_constraints' from 'erddapy.erddapy' (/g/data/xp65/public/apps/med_conda/envs/analysis3-26.07/lib/python3.12/site-packages/erddapy/erddapy.py)
  warnings.warn(
/g/data/xp65/public/apps/med_conda/envs/analysis3-26.07/lib/python3.12/site-packages/argopy/utils/lists.py:91: UserWarning: An error occurred while loading the ERDDAP index fetcher, it will not be available !
<class 'ImportError'>
cannot import name '_quote_string_constraints' from 'erddapy.erddapy' (/g/data/xp65/public/apps/med_conda/envs/analysis3-26.07/lib/python3.12/site-packages/erddapy/erddapy.py)
  warnings.warn(
/g/data/xp65/public/apps/med_conda/envs/analysis3-26.07/lib/python3.12/site-packages/argopy/utils/lists.py:107: UserWarning: An error occurred while loading the GDAC index fetcher, it will not be available !
<class 'ImportError'>
cannot import name '_quote_string_constraints' from 'erddapy.erddapy' (/g/data/xp65/public/apps/med_conda/envs/analysis3-26.07/lib/python3.12/site-packages/erddapy/erddapy.py)
  warnings.warn(
/home/563/fm6730/.local/lib/python3.12/site-packages/xarray/backends/plugins.py:109: RuntimeWarning: Engine 'argo' loading failed:
cannot import name '_quote_string_constraints' from 'erddapy.erddapy' (/g/data/xp65/public/apps/med_conda/envs/analysis3-26.07/lib/python3.12/site-packages/erddapy/erddapy.py)
  external_backend_entrypoints = backends_dict_from_pkg(entrypoints_unique)
Traceback (most recent call last):
  File "/home/563/fm6730/.local/lib/python3.12/site-packages/xarray/backends/file_manager.py", line 219, in _acquire_with_cache_info
    file = self._cache[self._key]
           ~~~~~~~~~~~^^^^^^^^^^^
  File "/home/563/fm6730/.local/lib/python3.12/site-packages/xarray/backends/lru_cache.py", line 56, in __getitem__
    value = self._cache[key]
            ~~~~~~~~~~~^^^^^
KeyError: [<class 'netCDF4._netCDF4.Dataset'>, ('/home/563/fm6730/localrepo/wave_vertical_heating/data/derived/q1_vert_structure/access-s2/e03/da_q1q2_yanai_20150929_e03_remap.nc',), 'r', (('clobber', True), ('diskless', False), ('format', 'NETCDF4'), ('persist', False)), '7c082442-1efe-431e-962d-cd7fc84511c9']

During handling of the above exception, another exception occurred:

Traceback (most recent call last):
  File "/home/563/fm6730/localrepo/wave_vertical_heating/scripts/utilities/compression_s2s_q1.py", line 14, in <module>
    ds = xr.open_dataset(file)
         ^^^^^^^^^^^^^^^^^^^^^
  File "/home/563/fm6730/.local/lib/python3.12/site-packages/xarray/backends/api.py", line 607, in open_dataset
    backend_ds = backend.open_dataset(
                 ^^^^^^^^^^^^^^^^^^^^^
  File "/home/563/fm6730/.local/lib/python3.12/site-packages/xarray/backends/netCDF4_.py", line 771, in open_dataset
    store = NetCDF4DataStore.open(
            ^^^^^^^^^^^^^^^^^^^^^^
  File "/home/563/fm6730/.local/lib/python3.12/site-packages/xarray/backends/netCDF4_.py", line 529, in open
    return cls(manager, group=group, mode=mode, lock=lock, autoclose=autoclose)
           ^^^^^^^^^^^^^^^^^^^^^^^^^^^^^^^^^^^^^^^^^^^^^^^^^^^^^^^^^^^^^^^^^^^^
  File "/home/563/fm6730/.local/lib/python3.12/site-packages/xarray/backends/netCDF4_.py", line 429, in __init__
    self.format = self.ds.data_model
                  ^^^^^^^
  File "/home/563/fm6730/.local/lib/python3.12/site-packages/xarray/backends/netCDF4_.py", line 538, in ds
    return self._acquire()
           ^^^^^^^^^^^^^^^
  File "/home/563/fm6730/.local/lib/python3.12/site-packages/xarray/backends/netCDF4_.py", line 532, in _acquire
    with self._manager.acquire_context(needs_lock) as root:
  File "/g/data/xp65/public/apps/med_conda/envs/analysis3-26.07/lib/python3.12/contextlib.py", line 137, in __enter__
    return next(self.gen)
           ^^^^^^^^^^^^^^
  File "/home/563/fm6730/.local/lib/python3.12/site-packages/xarray/backends/file_manager.py", line 207, in acquire_context
    file, cached = self._acquire_with_cache_info(needs_lock)
                   ^^^^^^^^^^^^^^^^^^^^^^^^^^^^^^^^^^^^^^^^^
  File "/home/563/fm6730/.local/lib/python3.12/site-packages/xarray/backends/file_manager.py", line 225, in _acquire_with_cache_info
    file = self._opener(*self._args, **kwargs)
           ^^^^^^^^^^^^^^^^^^^^^^^^^^^^^^^^^^^
  File "src/netCDF4/_netCDF4.pyx", line 2521, in netCDF4._netCDF4.Dataset.__init__
  File "src/netCDF4/_netCDF4.pyx", line 2158, in netCDF4._netCDF4._ensure_nc_success
FileNotFoundError: [Errno 2] No such file or directory: '/home/563/fm6730/localrepo/wave_vertical_heating/data/derived/q1_vert_structure/access-s2/e03/da_q1q2_yanai_20150929_e03_remap.nc'
/g/data/xp65/public/apps/med_conda/envs/analysis3-26.07/lib/python3.12/site-packages/sitecustomize.py:72: UserWarning: Pandas requires version '2.10.2' or newer of 'numexpr' (version '2.10.1' currently installed).
  mod = _real_import(name, globals, locals, fromlist, level)
/g/data/xp65/public/apps/med_conda/envs/analysis3-26.07/lib/python3.12/site-packages/argopy/utils/lists.py:38: UserWarning: An error occurred while loading the ERDDAP data fetcher, it will not be available !
<class 'ImportError'>
cannot import name '_quote_string_constraints' from 'erddapy.erddapy' (/g/data/xp65/public/apps/med_conda/envs/analysis3-26.07/lib/python3.12/site-packages/erddapy/erddapy.py)
  warnings.warn(
/g/data/xp65/public/apps/med_conda/envs/analysis3-26.07/lib/python3.12/site-packages/argopy/utils/lists.py:50: UserWarning: An error occurred while loading the ArgoVis data fetcher, it will not be available !
<class 'ImportError'>
cannot import name '_quote_string_constraints' from 'erddapy.erddapy' (/g/data/xp65/public/apps/med_conda/envs/analysis3-26.07/lib/python3.12/site-packages/erddapy/erddapy.py)
  warnings.warn(
/g/data/xp65/public/apps/med_conda/envs/analysis3-26.07/lib/python3.12/site-packages/argopy/utils/lists.py:66: UserWarning: An error occurred while loading the GDAC data fetcher, it will not be available !
<class 'ImportError'>
cannot import name '_quote_string_constraints' from 'erddapy.erddapy' (/g/data/xp65/public/apps/med_conda/envs/analysis3-26.07/lib/python3.12/site-packages/erddapy/erddapy.py)
  warnings.warn(
/g/data/xp65/public/apps/med_conda/envs/analysis3-26.07/lib/python3.12/site-packages/argopy/utils/lists.py:91: UserWarning: An error occurred while loading the ERDDAP index fetcher, it will not be available !
<class 'ImportError'>
cannot import name '_quote_string_constraints' from 'erddapy.erddapy' (/g/data/xp65/public/apps/med_conda/envs/analysis3-26.07/lib/python3.12/site-packages/erddapy/erddapy.py)
  warnings.warn(
/g/data/xp65/public/apps/med_conda/envs/analysis3-26.07/lib/python3.12/site-packages/argopy/utils/lists.py:107: UserWarning: An error occurred while loading the GDAC index fetcher, it will not be available !
<class 'ImportError'>
cannot import name '_quote_string_constraints' from 'erddapy.erddapy' (/g/data/xp65/public/apps/med_conda/envs/analysis3-26.07/lib/python3.12/site-packages/erddapy/erddapy.py)
  warnings.warn(
/home/563/fm6730/.local/lib/python3.12/site-packages/xarray/backends/plugins.py:109: RuntimeWarning: Engine 'argo' loading failed:
cannot import name '_quote_string_constraints' from 'erddapy.erddapy' (/g/data/xp65/public/apps/med_conda/envs/analysis3-26.07/lib/python3.12/site-packages/erddapy/erddapy.py)
  external_backend_entrypoints = backends_dict_from_pkg(entrypoints_unique)
Traceback (most recent call last):
  File "/home/563/fm6730/.local/lib/python3.12/site-packages/xarray/backends/file_manager.py", line 219, in _acquire_with_cache_info
    file = self._cache[self._key]
           ~~~~~~~~~~~^^^^^^^^^^^
  File "/home/563/fm6730/.local/lib/python3.12/site-packages/xarray/backends/lru_cache.py", line 56, in __getitem__
    value = self._cache[key]
            ~~~~~~~~~~~^^^^^
KeyError: [<class 'netCDF4._netCDF4.Dataset'>, ('/home/563/fm6730/localrepo/wave_vertical_heating/data/derived/q1_vert_structure/access-s2/e03/da_q1q2_yanai_20150930_e03_remap.nc',), 'r', (('clobber', True), ('diskless', False), ('format', 'NETCDF4'), ('persist', False)), '7dbf4aba-5bf6-4d87-8e99-5bffcb0d747a']

During handling of the above exception, another exception occurred:

Traceback (most recent call last):
  File "/home/563/fm6730/localrepo/wave_vertical_heating/scripts/utilities/compression_s2s_q1.py", line 14, in <module>
    ds = xr.open_dataset(file)
         ^^^^^^^^^^^^^^^^^^^^^
  File "/home/563/fm6730/.local/lib/python3.12/site-packages/xarray/backends/api.py", line 607, in open_dataset
    backend_ds = backend.open_dataset(
                 ^^^^^^^^^^^^^^^^^^^^^
  File "/home/563/fm6730/.local/lib/python3.12/site-packages/xarray/backends/netCDF4_.py", line 771, in open_dataset
    store = NetCDF4DataStore.open(
            ^^^^^^^^^^^^^^^^^^^^^^
  File "/home/563/fm6730/.local/lib/python3.12/site-packages/xarray/backends/netCDF4_.py", line 529, in open
    return cls(manager, group=group, mode=mode, lock=lock, autoclose=autoclose)
           ^^^^^^^^^^^^^^^^^^^^^^^^^^^^^^^^^^^^^^^^^^^^^^^^^^^^^^^^^^^^^^^^^^^^
  File "/home/563/fm6730/.local/lib/python3.12/site-packages/xarray/backends/netCDF4_.py", line 429, in __init__
    self.format = self.ds.data_model
                  ^^^^^^^
  File "/home/563/fm6730/.local/lib/python3.12/site-packages/xarray/backends/netCDF4_.py", line 538, in ds
    return self._acquire()
           ^^^^^^^^^^^^^^^
  File "/home/563/fm6730/.local/lib/python3.12/site-packages/xarray/backends/netCDF4_.py", line 532, in _acquire
    with self._manager.acquire_context(needs_lock) as root:
  File "/g/data/xp65/public/apps/med_conda/envs/analysis3-26.07/lib/python3.12/contextlib.py", line 137, in __enter__
    return next(self.gen)
           ^^^^^^^^^^^^^^
  File "/home/563/fm6730/.local/lib/python3.12/site-packages/xarray/backends/file_manager.py", line 207, in acquire_context
    file, cached = self._acquire_with_cache_info(needs_lock)
                   ^^^^^^^^^^^^^^^^^^^^^^^^^^^^^^^^^^^^^^^^^
  File "/home/563/fm6730/.local/lib/python3.12/site-packages/xarray/backends/file_manager.py", line 225, in _acquire_with_cache_info
    file = self._opener(*self._args, **kwargs)
           ^^^^^^^^^^^^^^^^^^^^^^^^^^^^^^^^^^^
  File "src/netCDF4/_netCDF4.pyx", line 2521, in netCDF4._netCDF4.Dataset.__init__
  File "src/netCDF4/_netCDF4.pyx", line 2158, in netCDF4._netCDF4._ensure_nc_success
FileNotFoundError: [Errno 2] No such file or directory: '/home/563/fm6730/localrepo/wave_vertical_heating/data/derived/q1_vert_structure/access-s2/e03/da_q1q2_yanai_20150930_e03_remap.nc'
/g/data/xp65/public/apps/med_conda/envs/analysis3-26.07/lib/python3.12/site-packages/sitecustomize.py:72: UserWarning: Pandas requires version '2.10.2' or newer of 'numexpr' (version '2.10.1' currently installed).
  mod = _real_import(name, globals, locals, fromlist, level)
/g/data/xp65/public/apps/med_conda/envs/analysis3-26.07/lib/python3.12/site-packages/argopy/utils/lists.py:38: UserWarning: An error occurred while loading the ERDDAP data fetcher, it will not be available !
<class 'ImportError'>
cannot import name '_quote_string_constraints' from 'erddapy.erddapy' (/g/data/xp65/public/apps/med_conda/envs/analysis3-26.07/lib/python3.12/site-packages/erddapy/erddapy.py)
  warnings.warn(
/g/data/xp65/public/apps/med_conda/envs/analysis3-26.07/lib/python3.12/site-packages/argopy/utils/lists.py:50: UserWarning: An error occurred while loading the ArgoVis data fetcher, it will not be available !
<class 'ImportError'>
cannot import name '_quote_string_constraints' from 'erddapy.erddapy' (/g/data/xp65/public/apps/med_conda/envs/analysis3-26.07/lib/python3.12/site-packages/erddapy/erddapy.py)
  warnings.warn(
/g/data/xp65/public/apps/med_conda/envs/analysis3-26.07/lib/python3.12/site-packages/argopy/utils/lists.py:66: UserWarning: An error occurred while loading the GDAC data fetcher, it will not be available !
<class 'ImportError'>
cannot import name '_quote_string_constraints' from 'erddapy.erddapy' (/g/data/xp65/public/apps/med_conda/envs/analysis3-26.07/lib/python3.12/site-packages/erddapy/erddapy.py)
  warnings.warn(
/g/data/xp65/public/apps/med_conda/envs/analysis3-26.07/lib/python3.12/site-packages/argopy/utils/lists.py:91: UserWarning: An error occurred while loading the ERDDAP index fetcher, it will not be available !
<class 'ImportError'>
cannot import name '_quote_string_constraints' from 'erddapy.erddapy' (/g/data/xp65/public/apps/med_conda/envs/analysis3-26.07/lib/python3.12/site-packages/erddapy/erddapy.py)
  warnings.warn(
/g/data/xp65/public/apps/med_conda/envs/analysis3-26.07/lib/python3.12/site-packages/argopy/utils/lists.py:107: UserWarning: An error occurred while loading the GDAC index fetcher, it will not be available !
<class 'ImportError'>
cannot import name '_quote_string_constraints' from 'erddapy.erddapy' (/g/data/xp65/public/apps/med_conda/envs/analysis3-26.07/lib/python3.12/site-packages/erddapy/erddapy.py)
  warnings.warn(
/home/563/fm6730/.local/lib/python3.12/site-packages/xarray/backends/plugins.py:109: RuntimeWarning: Engine 'argo' loading failed:
cannot import name '_quote_string_constraints' from 'erddapy.erddapy' (/g/data/xp65/public/apps/med_conda/envs/analysis3-26.07/lib/python3.12/site-packages/erddapy/erddapy.py)
  external_backend_entrypoints = backends_dict_from_pkg(entrypoints_unique)
Traceback (most recent call last):
  File "/home/563/fm6730/.local/lib/python3.12/site-packages/xarray/backends/file_manager.py", line 219, in _acquire_with_cache_info
    file = self._cache[self._key]
           ~~~~~~~~~~~^^^^^^^^^^^
  File "/home/563/fm6730/.local/lib/python3.12/site-packages/xarray/backends/lru_cache.py", line 56, in __getitem__
    value = self._cache[key]
            ~~~~~~~~~~~^^^^^
KeyError: [<class 'netCDF4._netCDF4.Dataset'>, ('/home/563/fm6730/localrepo/wave_vertical_heating/data/derived/q1_vert_structure/access-s2/e03/da_q1q2_yanai_20151130_e03_remap.nc',), 'r', (('clobber', True), ('diskless', False), ('format', 'NETCDF4'), ('persist', False)), '038b2b0e-a765-4135-b890-0502faac6f8b']

During handling of the above exception, another exception occurred:

Traceback (most recent call last):
  File "/home/563/fm6730/localrepo/wave_vertical_heating/scripts/utilities/compression_s2s_q1.py", line 14, in <module>
    ds = xr.open_dataset(file)
         ^^^^^^^^^^^^^^^^^^^^^
  File "/home/563/fm6730/.local/lib/python3.12/site-packages/xarray/backends/api.py", line 607, in open_dataset
    backend_ds = backend.open_dataset(
                 ^^^^^^^^^^^^^^^^^^^^^
  File "/home/563/fm6730/.local/lib/python3.12/site-packages/xarray/backends/netCDF4_.py", line 771, in open_dataset
    store = NetCDF4DataStore.open(
            ^^^^^^^^^^^^^^^^^^^^^^
  File "/home/563/fm6730/.local/lib/python3.12/site-packages/xarray/backends/netCDF4_.py", line 529, in open
    return cls(manager, group=group, mode=mode, lock=lock, autoclose=autoclose)
           ^^^^^^^^^^^^^^^^^^^^^^^^^^^^^^^^^^^^^^^^^^^^^^^^^^^^^^^^^^^^^^^^^^^^
  File "/home/563/fm6730/.local/lib/python3.12/site-packages/xarray/backends/netCDF4_.py", line 429, in __init__
    self.format = self.ds.data_model
                  ^^^^^^^
  File "/home/563/fm6730/.local/lib/python3.12/site-packages/xarray/backends/netCDF4_.py", line 538, in ds
    return self._acquire()
           ^^^^^^^^^^^^^^^
  File "/home/563/fm6730/.local/lib/python3.12/site-packages/xarray/backends/netCDF4_.py", line 532, in _acquire
    with self._manager.acquire_context(needs_lock) as root:
  File "/g/data/xp65/public/apps/med_conda/envs/analysis3-26.07/lib/python3.12/contextlib.py", line 137, in __enter__
    return next(self.gen)
           ^^^^^^^^^^^^^^
  File "/home/563/fm6730/.local/lib/python3.12/site-packages/xarray/backends/file_manager.py", line 207, in acquire_context
    file, cached = self._acquire_with_cache_info(needs_lock)
                   ^^^^^^^^^^^^^^^^^^^^^^^^^^^^^^^^^^^^^^^^^
  File "/home/563/fm6730/.local/lib/python3.12/site-packages/xarray/backends/file_manager.py", line 225, in _acquire_with_cache_info
    file = self._opener(*self._args, **kwargs)
           ^^^^^^^^^^^^^^^^^^^^^^^^^^^^^^^^^^^
  File "src/netCDF4/_netCDF4.pyx", line 2521, in netCDF4._netCDF4.Dataset.__init__
  File "src/netCDF4/_netCDF4.pyx", line 2158, in netCDF4._netCDF4._ensure_nc_success
FileNotFoundError: [Errno 2] No such file or directory: '/home/563/fm6730/localrepo/wave_vertical_heating/data/derived/q1_vert_structure/access-s2/e03/da_q1q2_yanai_20151130_e03_remap.nc'
/g/data/xp65/public/apps/med_conda/envs/analysis3-26.07/lib/python3.12/site-packages/sitecustomize.py:72: UserWarning: Pandas requires version '2.10.2' or newer of 'numexpr' (version '2.10.1' currently installed).
  mod = _real_import(name, globals, locals, fromlist, level)
/g/data/xp65/public/apps/med_conda/envs/analysis3-26.07/lib/python3.12/site-packages/argopy/utils/lists.py:38: UserWarning: An error occurred while loading the ERDDAP data fetcher, it will not be available !
<class 'ImportError'>
cannot import name '_quote_string_constraints' from 'erddapy.erddapy' (/g/data/xp65/public/apps/med_conda/envs/analysis3-26.07/lib/python3.12/site-packages/erddapy/erddapy.py)
  warnings.warn(
/g/data/xp65/public/apps/med_conda/envs/analysis3-26.07/lib/python3.12/site-packages/argopy/utils/lists.py:50: UserWarning: An error occurred while loading the ArgoVis data fetcher, it will not be available !
<class 'ImportError'>
cannot import name '_quote_string_constraints' from 'erddapy.erddapy' (/g/data/xp65/public/apps/med_conda/envs/analysis3-26.07/lib/python3.12/site-packages/erddapy/erddapy.py)
  warnings.warn(
/g/data/xp65/public/apps/med_conda/envs/analysis3-26.07/lib/python3.12/site-packages/argopy/utils/lists.py:66: UserWarning: An error occurred while loading the GDAC data fetcher, it will not be available !
<class 'ImportError'>
cannot import name '_quote_string_constraints' from 'erddapy.erddapy' (/g/data/xp65/public/apps/med_conda/envs/analysis3-26.07/lib/python3.12/site-packages/erddapy/erddapy.py)
  warnings.warn(
/g/data/xp65/public/apps/med_conda/envs/analysis3-26.07/lib/python3.12/site-packages/argopy/utils/lists.py:91: UserWarning: An error occurred while loading the ERDDAP index fetcher, it will not be available !
<class 'ImportError'>
cannot import name '_quote_string_constraints' from 'erddapy.erddapy' (/g/data/xp65/public/apps/med_conda/envs/analysis3-26.07/lib/python3.12/site-packages/erddapy/erddapy.py)
  warnings.warn(
/g/data/xp65/public/apps/med_conda/envs/analysis3-26.07/lib/python3.12/site-packages/argopy/utils/lists.py:107: UserWarning: An error occurred while loading the GDAC index fetcher, it will not be available !
<class 'ImportError'>
cannot import name '_quote_string_constraints' from 'erddapy.erddapy' (/g/data/xp65/public/apps/med_conda/envs/analysis3-26.07/lib/python3.12/site-packages/erddapy/erddapy.py)
  warnings.warn(
/home/563/fm6730/.local/lib/python3.12/site-packages/xarray/backends/plugins.py:109: RuntimeWarning: Engine 'argo' loading failed:
cannot import name '_quote_string_constraints' from 'erddapy.erddapy' (/g/data/xp65/public/apps/med_conda/envs/analysis3-26.07/lib/python3.12/site-packages/erddapy/erddapy.py)
  external_backend_entrypoints = backends_dict_from_pkg(entrypoints_unique)
Traceback (most recent call last):
  File "/home/563/fm6730/.local/lib/python3.12/site-packages/xarray/backends/file_manager.py", line 219, in _acquire_with_cache_info
    file = self._cache[self._key]
           ~~~~~~~~~~~^^^^^^^^^^^
  File "/home/563/fm6730/.local/lib/python3.12/site-packages/xarray/backends/lru_cache.py", line 56, in __getitem__
    value = self._cache[key]
            ~~~~~~~~~~~^^^^^
KeyError: [<class 'netCDF4._netCDF4.Dataset'>, ('/home/563/fm6730/localrepo/wave_vertical_heating/data/derived/q1_vert_structure/access-s2/e03/da_q1q2_yanai_20151201_e03_remap.nc',), 'r', (('clobber', True), ('diskless', False), ('format', 'NETCDF4'), ('persist', False)), 'e2f8aa50-968d-4688-9137-636d02e5f78f']

During handling of the above exception, another exception occurred:

Traceback (most recent call last):
  File "/home/563/fm6730/localrepo/wave_vertical_heating/scripts/utilities/compression_s2s_q1.py", line 14, in <module>
    ds = xr.open_dataset(file)
         ^^^^^^^^^^^^^^^^^^^^^
  File "/home/563/fm6730/.local/lib/python3.12/site-packages/xarray/backends/api.py", line 607, in open_dataset
    backend_ds = backend.open_dataset(
                 ^^^^^^^^^^^^^^^^^^^^^
  File "/home/563/fm6730/.local/lib/python3.12/site-packages/xarray/backends/netCDF4_.py", line 771, in open_dataset
    store = NetCDF4DataStore.open(
            ^^^^^^^^^^^^^^^^^^^^^^
  File "/home/563/fm6730/.local/lib/python3.12/site-packages/xarray/backends/netCDF4_.py", line 529, in open
    return cls(manager, group=group, mode=mode, lock=lock, autoclose=autoclose)
           ^^^^^^^^^^^^^^^^^^^^^^^^^^^^^^^^^^^^^^^^^^^^^^^^^^^^^^^^^^^^^^^^^^^^
  File "/home/563/fm6730/.local/lib/python3.12/site-packages/xarray/backends/netCDF4_.py", line 429, in __init__
    self.format = self.ds.data_model
                  ^^^^^^^
  File "/home/563/fm6730/.local/lib/python3.12/site-packages/xarray/backends/netCDF4_.py", line 538, in ds
    return self._acquire()
           ^^^^^^^^^^^^^^^
  File "/home/563/fm6730/.local/lib/python3.12/site-packages/xarray/backends/netCDF4_.py", line 532, in _acquire
    with self._manager.acquire_context(needs_lock) as root:
  File "/g/data/xp65/public/apps/med_conda/envs/analysis3-26.07/lib/python3.12/contextlib.py", line 137, in __enter__
    return next(self.gen)
           ^^^^^^^^^^^^^^
  File "/home/563/fm6730/.local/lib/python3.12/site-packages/xarray/backends/file_manager.py", line 207, in acquire_context
    file, cached = self._acquire_with_cache_info(needs_lock)
                   ^^^^^^^^^^^^^^^^^^^^^^^^^^^^^^^^^^^^^^^^^
  File "/home/563/fm6730/.local/lib/python3.12/site-packages/xarray/backends/file_manager.py", line 225, in _acquire_with_cache_info
    file = self._opener(*self._args, **kwargs)
           ^^^^^^^^^^^^^^^^^^^^^^^^^^^^^^^^^^^
  File "src/netCDF4/_netCDF4.pyx", line 2521, in netCDF4._netCDF4.Dataset.__init__
  File "src/netCDF4/_netCDF4.pyx", line 2158, in netCDF4._netCDF4._ensure_nc_success
FileNotFoundError: [Errno 2] No such file or directory: '/home/563/fm6730/localrepo/wave_vertical_heating/data/derived/q1_vert_structure/access-s2/e03/da_q1q2_yanai_20151201_e03_remap.nc'
/g/data/xp65/public/apps/med_conda/envs/analysis3-26.07/lib/python3.12/site-packages/sitecustomize.py:72: UserWarning: Pandas requires version '2.10.2' or newer of 'numexpr' (version '2.10.1' currently installed).
  mod = _real_import(name, globals, locals, fromlist, level)
/g/data/xp65/public/apps/med_conda/envs/analysis3-26.07/lib/python3.12/site-packages/argopy/utils/lists.py:38: UserWarning: An error occurred while loading the ERDDAP data fetcher, it will not be available !
<class 'ImportError'>
cannot import name '_quote_string_constraints' from 'erddapy.erddapy' (/g/data/xp65/public/apps/med_conda/envs/analysis3-26.07/lib/python3.12/site-packages/erddapy/erddapy.py)
  warnings.warn(
/g/data/xp65/public/apps/med_conda/envs/analysis3-26.07/lib/python3.12/site-packages/argopy/utils/lists.py:50: UserWarning: An error occurred while loading the ArgoVis data fetcher, it will not be available !
<class 'ImportError'>
cannot import name '_quote_string_constraints' from 'erddapy.erddapy' (/g/data/xp65/public/apps/med_conda/envs/analysis3-26.07/lib/python3.12/site-packages/erddapy/erddapy.py)
  warnings.warn(
/g/data/xp65/public/apps/med_conda/envs/analysis3-26.07/lib/python3.12/site-packages/argopy/utils/lists.py:66: UserWarning: An error occurred while loading the GDAC data fetcher, it will not be available !
<class 'ImportError'>
cannot import name '_quote_string_constraints' from 'erddapy.erddapy' (/g/data/xp65/public/apps/med_conda/envs/analysis3-26.07/lib/python3.12/site-packages/erddapy/erddapy.py)
  warnings.warn(
/g/data/xp65/public/apps/med_conda/envs/analysis3-26.07/lib/python3.12/site-packages/argopy/utils/lists.py:91: UserWarning: An error occurred while loading the ERDDAP index fetcher, it will not be available !
<class 'ImportError'>
cannot import name '_quote_string_constraints' from 'erddapy.erddapy' (/g/data/xp65/public/apps/med_conda/envs/analysis3-26.07/lib/python3.12/site-packages/erddapy/erddapy.py)
  warnings.warn(
/g/data/xp65/public/apps/med_conda/envs/analysis3-26.07/lib/python3.12/site-packages/argopy/utils/lists.py:107: UserWarning: An error occurred while loading the GDAC index fetcher, it will not be available !
<class 'ImportError'>
cannot import name '_quote_string_constraints' from 'erddapy.erddapy' (/g/data/xp65/public/apps/med_conda/envs/analysis3-26.07/lib/python3.12/site-packages/erddapy/erddapy.py)
  warnings.warn(
/home/563/fm6730/.local/lib/python3.12/site-packages/xarray/backends/plugins.py:109: RuntimeWarning: Engine 'argo' loading failed:
cannot import name '_quote_string_constraints' from 'erddapy.erddapy' (/g/data/xp65/public/apps/med_conda/envs/analysis3-26.07/lib/python3.12/site-packages/erddapy/erddapy.py)
  external_backend_entrypoints = backends_dict_from_pkg(entrypoints_unique)
Traceback (most recent call last):
  File "/home/563/fm6730/.local/lib/python3.12/site-packages/xarray/backends/file_manager.py", line 219, in _acquire_with_cache_info
    file = self._cache[self._key]
           ~~~~~~~~~~~^^^^^^^^^^^
  File "/home/563/fm6730/.local/lib/python3.12/site-packages/xarray/backends/lru_cache.py", line 56, in __getitem__
    value = self._cache[key]
            ~~~~~~~~~~~^^^^^
KeyError: [<class 'netCDF4._netCDF4.Dataset'>, ('/home/563/fm6730/localrepo/wave_vertical_heating/data/derived/q1_vert_structure/access-s2/e03/da_q1q2_yanai_20151230_e03_remap.nc',), 'r', (('clobber', True), ('diskless', False), ('format', 'NETCDF4'), ('persist', False)), 'fd87427a-28f9-4298-b22e-9b597f9c49c5']

During handling of the above exception, another exception occurred:

Traceback (most recent call last):
  File "/home/563/fm6730/localrepo/wave_vertical_heating/scripts/utilities/compression_s2s_q1.py", line 14, in <module>
    ds = xr.open_dataset(file)
         ^^^^^^^^^^^^^^^^^^^^^
  File "/home/563/fm6730/.local/lib/python3.12/site-packages/xarray/backends/api.py", line 607, in open_dataset
    backend_ds = backend.open_dataset(
                 ^^^^^^^^^^^^^^^^^^^^^
  File "/home/563/fm6730/.local/lib/python3.12/site-packages/xarray/backends/netCDF4_.py", line 771, in open_dataset
    store = NetCDF4DataStore.open(
            ^^^^^^^^^^^^^^^^^^^^^^
  File "/home/563/fm6730/.local/lib/python3.12/site-packages/xarray/backends/netCDF4_.py", line 529, in open
    return cls(manager, group=group, mode=mode, lock=lock, autoclose=autoclose)
           ^^^^^^^^^^^^^^^^^^^^^^^^^^^^^^^^^^^^^^^^^^^^^^^^^^^^^^^^^^^^^^^^^^^^
  File "/home/563/fm6730/.local/lib/python3.12/site-packages/xarray/backends/netCDF4_.py", line 429, in __init__
    self.format = self.ds.data_model
                  ^^^^^^^
  File "/home/563/fm6730/.local/lib/python3.12/site-packages/xarray/backends/netCDF4_.py", line 538, in ds
    return self._acquire()
           ^^^^^^^^^^^^^^^
  File "/home/563/fm6730/.local/lib/python3.12/site-packages/xarray/backends/netCDF4_.py", line 532, in _acquire
    with self._manager.acquire_context(needs_lock) as root:
  File "/g/data/xp65/public/apps/med_conda/envs/analysis3-26.07/lib/python3.12/contextlib.py", line 137, in __enter__
    return next(self.gen)
           ^^^^^^^^^^^^^^
  File "/home/563/fm6730/.local/lib/python3.12/site-packages/xarray/backends/file_manager.py", line 207, in acquire_context
    file, cached = self._acquire_with_cache_info(needs_lock)
                   ^^^^^^^^^^^^^^^^^^^^^^^^^^^^^^^^^^^^^^^^^
  File "/home/563/fm6730/.local/lib/python3.12/site-packages/xarray/backends/file_manager.py", line 225, in _acquire_with_cache_info
    file = self._opener(*self._args, **kwargs)
           ^^^^^^^^^^^^^^^^^^^^^^^^^^^^^^^^^^^
  File "src/netCDF4/_netCDF4.pyx", line 2521, in netCDF4._netCDF4.Dataset.__init__
  File "src/netCDF4/_netCDF4.pyx", line 2158, in netCDF4._netCDF4._ensure_nc_success
FileNotFoundError: [Errno 2] No such file or directory: '/home/563/fm6730/localrepo/wave_vertical_heating/data/derived/q1_vert_structure/access-s2/e03/da_q1q2_yanai_20151230_e03_remap.nc'
/g/data/xp65/public/apps/med_conda/envs/analysis3-26.07/lib/python3.12/site-packages/sitecustomize.py:72: UserWarning: Pandas requires version '2.10.2' or newer of 'numexpr' (version '2.10.1' currently installed).
  mod = _real_import(name, globals, locals, fromlist, level)
/g/data/xp65/public/apps/med_conda/envs/analysis3-26.07/lib/python3.12/site-packages/argopy/utils/lists.py:38: UserWarning: An error occurred while loading the ERDDAP data fetcher, it will not be available !
<class 'ImportError'>
cannot import name '_quote_string_constraints' from 'erddapy.erddapy' (/g/data/xp65/public/apps/med_conda/envs/analysis3-26.07/lib/python3.12/site-packages/erddapy/erddapy.py)
  warnings.warn(
/g/data/xp65/public/apps/med_conda/envs/analysis3-26.07/lib/python3.12/site-packages/argopy/utils/lists.py:50: UserWarning: An error occurred while loading the ArgoVis data fetcher, it will not be available !
<class 'ImportError'>
cannot import name '_quote_string_constraints' from 'erddapy.erddapy' (/g/data/xp65/public/apps/med_conda/envs/analysis3-26.07/lib/python3.12/site-packages/erddapy/erddapy.py)
  warnings.warn(
/g/data/xp65/public/apps/med_conda/envs/analysis3-26.07/lib/python3.12/site-packages/argopy/utils/lists.py:66: UserWarning: An error occurred while loading the GDAC data fetcher, it will not be available !
<class 'ImportError'>
cannot import name '_quote_string_constraints' from 'erddapy.erddapy' (/g/data/xp65/public/apps/med_conda/envs/analysis3-26.07/lib/python3.12/site-packages/erddapy/erddapy.py)
  warnings.warn(
/g/data/xp65/public/apps/med_conda/envs/analysis3-26.07/lib/python3.12/site-packages/argopy/utils/lists.py:91: UserWarning: An error occurred while loading the ERDDAP index fetcher, it will not be available !
<class 'ImportError'>
cannot import name '_quote_string_constraints' from 'erddapy.erddapy' (/g/data/xp65/public/apps/med_conda/envs/analysis3-26.07/lib/python3.12/site-packages/erddapy/erddapy.py)
  warnings.warn(
/g/data/xp65/public/apps/med_conda/envs/analysis3-26.07/lib/python3.12/site-packages/argopy/utils/lists.py:107: UserWarning: An error occurred while loading the GDAC index fetcher, it will not be available !
<class 'ImportError'>
cannot import name '_quote_string_constraints' from 'erddapy.erddapy' (/g/data/xp65/public/apps/med_conda/envs/analysis3-26.07/lib/python3.12/site-packages/erddapy/erddapy.py)
  warnings.warn(
/home/563/fm6730/.local/lib/python3.12/site-packages/xarray/backends/plugins.py:109: RuntimeWarning: Engine 'argo' loading failed:
cannot import name '_quote_string_constraints' from 'erddapy.erddapy' (/g/data/xp65/public/apps/med_conda/envs/analysis3-26.07/lib/python3.12/site-packages/erddapy/erddapy.py)
  external_backend_entrypoints = backends_dict_from_pkg(entrypoints_unique)
Traceback (most recent call last):
  File "/home/563/fm6730/.local/lib/python3.12/site-packages/xarray/backends/file_manager.py", line 219, in _acquire_with_cache_info
    file = self._cache[self._key]
           ~~~~~~~~~~~^^^^^^^^^^^
  File "/home/563/fm6730/.local/lib/python3.12/site-packages/xarray/backends/lru_cache.py", line 56, in __getitem__
    value = self._cache[key]
            ~~~~~~~~~~~^^^^^
KeyError: [<class 'netCDF4._netCDF4.Dataset'>, ('/home/563/fm6730/localrepo/wave_vertical_heating/data/derived/q1_vert_structure/access-s2/e03/da_q1q2_yanai_20151101_e03_remap.nc',), 'r', (('clobber', True), ('diskless', False), ('format', 'NETCDF4'), ('persist', False)), 'a6462044-7a09-4a0b-9730-8a9ebf9bad3c']

During handling of the above exception, another exception occurred:

Traceback (most recent call last):
  File "/home/563/fm6730/localrepo/wave_vertical_heating/scripts/utilities/compression_s2s_q1.py", line 14, in <module>
    ds = xr.open_dataset(file)
         ^^^^^^^^^^^^^^^^^^^^^
  File "/home/563/fm6730/.local/lib/python3.12/site-packages/xarray/backends/api.py", line 607, in open_dataset
    backend_ds = backend.open_dataset(
                 ^^^^^^^^^^^^^^^^^^^^^
  File "/home/563/fm6730/.local/lib/python3.12/site-packages/xarray/backends/netCDF4_.py", line 771, in open_dataset
    store = NetCDF4DataStore.open(
            ^^^^^^^^^^^^^^^^^^^^^^
  File "/home/563/fm6730/.local/lib/python3.12/site-packages/xarray/backends/netCDF4_.py", line 529, in open
    return cls(manager, group=group, mode=mode, lock=lock, autoclose=autoclose)
           ^^^^^^^^^^^^^^^^^^^^^^^^^^^^^^^^^^^^^^^^^^^^^^^^^^^^^^^^^^^^^^^^^^^^
  File "/home/563/fm6730/.local/lib/python3.12/site-packages/xarray/backends/netCDF4_.py", line 429, in __init__
    self.format = self.ds.data_model
                  ^^^^^^^
  File "/home/563/fm6730/.local/lib/python3.12/site-packages/xarray/backends/netCDF4_.py", line 538, in ds
    return self._acquire()
           ^^^^^^^^^^^^^^^
  File "/home/563/fm6730/.local/lib/python3.12/site-packages/xarray/backends/netCDF4_.py", line 532, in _acquire
    with self._manager.acquire_context(needs_lock) as root:
  File "/g/data/xp65/public/apps/med_conda/envs/analysis3-26.07/lib/python3.12/contextlib.py", line 137, in __enter__
    return next(self.gen)
           ^^^^^^^^^^^^^^
  File "/home/563/fm6730/.local/lib/python3.12/site-packages/xarray/backends/file_manager.py", line 207, in acquire_context
    file, cached = self._acquire_with_cache_info(needs_lock)
                   ^^^^^^^^^^^^^^^^^^^^^^^^^^^^^^^^^^^^^^^^^
  File "/home/563/fm6730/.local/lib/python3.12/site-packages/xarray/backends/file_manager.py", line 225, in _acquire_with_cache_info
    file = self._opener(*self._args, **kwargs)
           ^^^^^^^^^^^^^^^^^^^^^^^^^^^^^^^^^^^
  File "src/netCDF4/_netCDF4.pyx", line 2521, in netCDF4._netCDF4.Dataset.__init__
  File "src/netCDF4/_netCDF4.pyx", line 2158, in netCDF4._netCDF4._ensure_nc_success
FileNotFoundError: [Errno 2] No such file or directory: '/home/563/fm6730/localrepo/wave_vertical_heating/data/derived/q1_vert_structure/access-s2/e03/da_q1q2_yanai_20151101_e03_remap.nc'
/g/data/xp65/public/apps/med_conda/envs/analysis3-26.07/lib/python3.12/site-packages/sitecustomize.py:72: UserWarning: Pandas requires version '2.10.2' or newer of 'numexpr' (version '2.10.1' currently installed).
  mod = _real_import(name, globals, locals, fromlist, level)
/g/data/xp65/public/apps/med_conda/envs/analysis3-26.07/lib/python3.12/site-packages/argopy/utils/lists.py:38: UserWarning: An error occurred while loading the ERDDAP data fetcher, it will not be available !
<class 'ImportError'>
cannot import name '_quote_string_constraints' from 'erddapy.erddapy' (/g/data/xp65/public/apps/med_conda/envs/analysis3-26.07/lib/python3.12/site-packages/erddapy/erddapy.py)
  warnings.warn(
/g/data/xp65/public/apps/med_conda/envs/analysis3-26.07/lib/python3.12/site-packages/argopy/utils/lists.py:50: UserWarning: An error occurred while loading the ArgoVis data fetcher, it will not be available !
<class 'ImportError'>
cannot import name '_quote_string_constraints' from 'erddapy.erddapy' (/g/data/xp65/public/apps/med_conda/envs/analysis3-26.07/lib/python3.12/site-packages/erddapy/erddapy.py)
  warnings.warn(
/g/data/xp65/public/apps/med_conda/envs/analysis3-26.07/lib/python3.12/site-packages/argopy/utils/lists.py:66: UserWarning: An error occurred while loading the GDAC data fetcher, it will not be available !
<class 'ImportError'>
cannot import name '_quote_string_constraints' from 'erddapy.erddapy' (/g/data/xp65/public/apps/med_conda/envs/analysis3-26.07/lib/python3.12/site-packages/erddapy/erddapy.py)
  warnings.warn(
/g/data/xp65/public/apps/med_conda/envs/analysis3-26.07/lib/python3.12/site-packages/argopy/utils/lists.py:91: UserWarning: An error occurred while loading the ERDDAP index fetcher, it will not be available !
<class 'ImportError'>
cannot import name '_quote_string_constraints' from 'erddapy.erddapy' (/g/data/xp65/public/apps/med_conda/envs/analysis3-26.07/lib/python3.12/site-packages/erddapy/erddapy.py)
  warnings.warn(
/g/data/xp65/public/apps/med_conda/envs/analysis3-26.07/lib/python3.12/site-packages/argopy/utils/lists.py:107: UserWarning: An error occurred while loading the GDAC index fetcher, it will not be available !
<class 'ImportError'>
cannot import name '_quote_string_constraints' from 'erddapy.erddapy' (/g/data/xp65/public/apps/med_conda/envs/analysis3-26.07/lib/python3.12/site-packages/erddapy/erddapy.py)
  warnings.warn(
/home/563/fm6730/.local/lib/python3.12/site-packages/xarray/backends/plugins.py:109: RuntimeWarning: Engine 'argo' loading failed:
cannot import name '_quote_string_constraints' from 'erddapy.erddapy' (/g/data/xp65/public/apps/med_conda/envs/analysis3-26.07/lib/python3.12/site-packages/erddapy/erddapy.py)
  external_backend_entrypoints = backends_dict_from_pkg(entrypoints_unique)
Traceback (most recent call last):
  File "/home/563/fm6730/.local/lib/python3.12/site-packages/xarray/backends/file_manager.py", line 219, in _acquire_with_cache_info
    file = self._cache[self._key]
           ~~~~~~~~~~~^^^^^^^^^^^
  File "/home/563/fm6730/.local/lib/python3.12/site-packages/xarray/backends/lru_cache.py", line 56, in __getitem__
    value = self._cache[key]
            ~~~~~~~~~~~^^^^^
KeyError: [<class 'netCDF4._netCDF4.Dataset'>, ('/home/563/fm6730/localrepo/wave_vertical_heating/data/derived/q1_vert_structure/access-s2/e03/da_q1q2_yanai_20151031_e03_remap.nc',), 'r', (('clobber', True), ('diskless', False), ('format', 'NETCDF4'), ('persist', False)), '5f5986a8-b0e5-4ab6-b0e0-fec48568b3ce']

During handling of the above exception, another exception occurred:

Traceback (most recent call last):
  File "/home/563/fm6730/localrepo/wave_vertical_heating/scripts/utilities/compression_s2s_q1.py", line 14, in <module>
    ds = xr.open_dataset(file)
         ^^^^^^^^^^^^^^^^^^^^^
  File "/home/563/fm6730/.local/lib/python3.12/site-packages/xarray/backends/api.py", line 607, in open_dataset
    backend_ds = backend.open_dataset(
                 ^^^^^^^^^^^^^^^^^^^^^
  File "/home/563/fm6730/.local/lib/python3.12/site-packages/xarray/backends/netCDF4_.py", line 771, in open_dataset
    store = NetCDF4DataStore.open(
            ^^^^^^^^^^^^^^^^^^^^^^
  File "/home/563/fm6730/.local/lib/python3.12/site-packages/xarray/backends/netCDF4_.py", line 529, in open
    return cls(manager, group=group, mode=mode, lock=lock, autoclose=autoclose)
           ^^^^^^^^^^^^^^^^^^^^^^^^^^^^^^^^^^^^^^^^^^^^^^^^^^^^^^^^^^^^^^^^^^^^
  File "/home/563/fm6730/.local/lib/python3.12/site-packages/xarray/backends/netCDF4_.py", line 429, in __init__
    self.format = self.ds.data_model
                  ^^^^^^^
  File "/home/563/fm6730/.local/lib/python3.12/site-packages/xarray/backends/netCDF4_.py", line 538, in ds
    return self._acquire()
           ^^^^^^^^^^^^^^^
  File "/home/563/fm6730/.local/lib/python3.12/site-packages/xarray/backends/netCDF4_.py", line 532, in _acquire
    with self._manager.acquire_context(needs_lock) as root:
  File "/g/data/xp65/public/apps/med_conda/envs/analysis3-26.07/lib/python3.12/contextlib.py", line 137, in __enter__
    return next(self.gen)
           ^^^^^^^^^^^^^^
  File "/home/563/fm6730/.local/lib/python3.12/site-packages/xarray/backends/file_manager.py", line 207, in acquire_context
    file, cached = self._acquire_with_cache_info(needs_lock)
                   ^^^^^^^^^^^^^^^^^^^^^^^^^^^^^^^^^^^^^^^^^
  File "/home/563/fm6730/.local/lib/python3.12/site-packages/xarray/backends/file_manager.py", line 225, in _acquire_with_cache_info
    file = self._opener(*self._args, **kwargs)
           ^^^^^^^^^^^^^^^^^^^^^^^^^^^^^^^^^^^
  File "src/netCDF4/_netCDF4.pyx", line 2521, in netCDF4._netCDF4.Dataset.__init__
  File "src/netCDF4/_netCDF4.pyx", line 2158, in netCDF4._netCDF4._ensure_nc_success
FileNotFoundError: [Errno 2] No such file or directory: '/home/563/fm6730/localrepo/wave_vertical_heating/data/derived/q1_vert_structure/access-s2/e03/da_q1q2_yanai_20151031_e03_remap.nc'
/g/data/xp65/public/apps/med_conda/envs/analysis3-26.07/lib/python3.12/site-packages/sitecustomize.py:72: UserWarning: Pandas requires version '2.10.2' or newer of 'numexpr' (version '2.10.1' currently installed).
  mod = _real_import(name, globals, locals, fromlist, level)
/g/data/xp65/public/apps/med_conda/envs/analysis3-26.07/lib/python3.12/site-packages/argopy/utils/lists.py:38: UserWarning: An error occurred while loading the ERDDAP data fetcher, it will not be available !
<class 'ImportError'>
cannot import name '_quote_string_constraints' from 'erddapy.erddapy' (/g/data/xp65/public/apps/med_conda/envs/analysis3-26.07/lib/python3.12/site-packages/erddapy/erddapy.py)
  warnings.warn(
/g/data/xp65/public/apps/med_conda/envs/analysis3-26.07/lib/python3.12/site-packages/argopy/utils/lists.py:50: UserWarning: An error occurred while loading the ArgoVis data fetcher, it will not be available !
<class 'ImportError'>
cannot import name '_quote_string_constraints' from 'erddapy.erddapy' (/g/data/xp65/public/apps/med_conda/envs/analysis3-26.07/lib/python3.12/site-packages/erddapy/erddapy.py)
  warnings.warn(
/g/data/xp65/public/apps/med_conda/envs/analysis3-26.07/lib/python3.12/site-packages/argopy/utils/lists.py:66: UserWarning: An error occurred while loading the GDAC data fetcher, it will not be available !
<class 'ImportError'>
cannot import name '_quote_string_constraints' from 'erddapy.erddapy' (/g/data/xp65/public/apps/med_conda/envs/analysis3-26.07/lib/python3.12/site-packages/erddapy/erddapy.py)
  warnings.warn(
/g/data/xp65/public/apps/med_conda/envs/analysis3-26.07/lib/python3.12/site-packages/argopy/utils/lists.py:91: UserWarning: An error occurred while loading the ERDDAP index fetcher, it will not be available !
<class 'ImportError'>
cannot import name '_quote_string_constraints' from 'erddapy.erddapy' (/g/data/xp65/public/apps/med_conda/envs/analysis3-26.07/lib/python3.12/site-packages/erddapy/erddapy.py)
  warnings.warn(
/g/data/xp65/public/apps/med_conda/envs/analysis3-26.07/lib/python3.12/site-packages/argopy/utils/lists.py:107: UserWarning: An error occurred while loading the GDAC index fetcher, it will not be available !
<class 'ImportError'>
cannot import name '_quote_string_constraints' from 'erddapy.erddapy' (/g/data/xp65/public/apps/med_conda/envs/analysis3-26.07/lib/python3.12/site-packages/erddapy/erddapy.py)
  warnings.warn(
/home/563/fm6730/.local/lib/python3.12/site-packages/xarray/backends/plugins.py:109: RuntimeWarning: Engine 'argo' loading failed:
cannot import name '_quote_string_constraints' from 'erddapy.erddapy' (/g/data/xp65/public/apps/med_conda/envs/analysis3-26.07/lib/python3.12/site-packages/erddapy/erddapy.py)
  external_backend_entrypoints = backends_dict_from_pkg(entrypoints_unique)
Traceback (most recent call last):
  File "/home/563/fm6730/.local/lib/python3.12/site-packages/xarray/backends/file_manager.py", line 219, in _acquire_with_cache_info
    file = self._cache[self._key]
           ~~~~~~~~~~~^^^^^^^^^^^
  File "/home/563/fm6730/.local/lib/python3.12/site-packages/xarray/backends/lru_cache.py", line 56, in __getitem__
    value = self._cache[key]
            ~~~~~~~~~~~^^^^^
KeyError: [<class 'netCDF4._netCDF4.Dataset'>, ('/home/563/fm6730/localrepo/wave_vertical_heating/data/derived/q1_vert_structure/access-s2/e03/da_q1q2_yanai_20151129_e03_remap.nc',), 'r', (('clobber', True), ('diskless', False), ('format', 'NETCDF4'), ('persist', False)), 'd63c97bd-cc3d-40c9-a275-89ac6f0eedb1']

During handling of the above exception, another exception occurred:

Traceback (most recent call last):
  File "/home/563/fm6730/localrepo/wave_vertical_heating/scripts/utilities/compression_s2s_q1.py", line 14, in <module>
    ds = xr.open_dataset(file)
         ^^^^^^^^^^^^^^^^^^^^^
  File "/home/563/fm6730/.local/lib/python3.12/site-packages/xarray/backends/api.py", line 607, in open_dataset
    backend_ds = backend.open_dataset(
                 ^^^^^^^^^^^^^^^^^^^^^
  File "/home/563/fm6730/.local/lib/python3.12/site-packages/xarray/backends/netCDF4_.py", line 771, in open_dataset
    store = NetCDF4DataStore.open(
            ^^^^^^^^^^^^^^^^^^^^^^
  File "/home/563/fm6730/.local/lib/python3.12/site-packages/xarray/backends/netCDF4_.py", line 529, in open
    return cls(manager, group=group, mode=mode, lock=lock, autoclose=autoclose)
           ^^^^^^^^^^^^^^^^^^^^^^^^^^^^^^^^^^^^^^^^^^^^^^^^^^^^^^^^^^^^^^^^^^^^
  File "/home/563/fm6730/.local/lib/python3.12/site-packages/xarray/backends/netCDF4_.py", line 429, in __init__
    self.format = self.ds.data_model
                  ^^^^^^^
  File "/home/563/fm6730/.local/lib/python3.12/site-packages/xarray/backends/netCDF4_.py", line 538, in ds
    return self._acquire()
           ^^^^^^^^^^^^^^^
  File "/home/563/fm6730/.local/lib/python3.12/site-packages/xarray/backends/netCDF4_.py", line 532, in _acquire
    with self._manager.acquire_context(needs_lock) as root:
  File "/g/data/xp65/public/apps/med_conda/envs/analysis3-26.07/lib/python3.12/contextlib.py", line 137, in __enter__
    return next(self.gen)
           ^^^^^^^^^^^^^^
  File "/home/563/fm6730/.local/lib/python3.12/site-packages/xarray/backends/file_manager.py", line 207, in acquire_context
    file, cached = self._acquire_with_cache_info(needs_lock)
                   ^^^^^^^^^^^^^^^^^^^^^^^^^^^^^^^^^^^^^^^^^
  File "/home/563/fm6730/.local/lib/python3.12/site-packages/xarray/backends/file_manager.py", line 225, in _acquire_with_cache_info
    file = self._opener(*self._args, **kwargs)
           ^^^^^^^^^^^^^^^^^^^^^^^^^^^^^^^^^^^
  File "src/netCDF4/_netCDF4.pyx", line 2521, in netCDF4._netCDF4.Dataset.__init__
  File "src/netCDF4/_netCDF4.pyx", line 2158, in netCDF4._netCDF4._ensure_nc_success
FileNotFoundError: [Errno 2] No such file or directory: '/home/563/fm6730/localrepo/wave_vertical_heating/data/derived/q1_vert_structure/access-s2/e03/da_q1q2_yanai_20151129_e03_remap.nc'
/g/data/xp65/public/apps/med_conda/envs/analysis3-26.07/lib/python3.12/site-packages/sitecustomize.py:72: UserWarning: Pandas requires version '2.10.2' or newer of 'numexpr' (version '2.10.1' currently installed).
  mod = _real_import(name, globals, locals, fromlist, level)
/g/data/xp65/public/apps/med_conda/envs/analysis3-26.07/lib/python3.12/site-packages/argopy/utils/lists.py:38: UserWarning: An error occurred while loading the ERDDAP data fetcher, it will not be available !
<class 'ImportError'>
cannot import name '_quote_string_constraints' from 'erddapy.erddapy' (/g/data/xp65/public/apps/med_conda/envs/analysis3-26.07/lib/python3.12/site-packages/erddapy/erddapy.py)
  warnings.warn(
/g/data/xp65/public/apps/med_conda/envs/analysis3-26.07/lib/python3.12/site-packages/argopy/utils/lists.py:50: UserWarning: An error occurred while loading the ArgoVis data fetcher, it will not be available !
<class 'ImportError'>
cannot import name '_quote_string_constraints' from 'erddapy.erddapy' (/g/data/xp65/public/apps/med_conda/envs/analysis3-26.07/lib/python3.12/site-packages/erddapy/erddapy.py)
  warnings.warn(
/g/data/xp65/public/apps/med_conda/envs/analysis3-26.07/lib/python3.12/site-packages/argopy/utils/lists.py:66: UserWarning: An error occurred while loading the GDAC data fetcher, it will not be available !
<class 'ImportError'>
cannot import name '_quote_string_constraints' from 'erddapy.erddapy' (/g/data/xp65/public/apps/med_conda/envs/analysis3-26.07/lib/python3.12/site-packages/erddapy/erddapy.py)
  warnings.warn(
/g/data/xp65/public/apps/med_conda/envs/analysis3-26.07/lib/python3.12/site-packages/argopy/utils/lists.py:91: UserWarning: An error occurred while loading the ERDDAP index fetcher, it will not be available !
<class 'ImportError'>
cannot import name '_quote_string_constraints' from 'erddapy.erddapy' (/g/data/xp65/public/apps/med_conda/envs/analysis3-26.07/lib/python3.12/site-packages/erddapy/erddapy.py)
  warnings.warn(
/g/data/xp65/public/apps/med_conda/envs/analysis3-26.07/lib/python3.12/site-packages/argopy/utils/lists.py:107: UserWarning: An error occurred while loading the GDAC index fetcher, it will not be available !
<class 'ImportError'>
cannot import name '_quote_string_constraints' from 'erddapy.erddapy' (/g/data/xp65/public/apps/med_conda/envs/analysis3-26.07/lib/python3.12/site-packages/erddapy/erddapy.py)
  warnings.warn(
/home/563/fm6730/.local/lib/python3.12/site-packages/xarray/backends/plugins.py:109: RuntimeWarning: Engine 'argo' loading failed:
cannot import name '_quote_string_constraints' from 'erddapy.erddapy' (/g/data/xp65/public/apps/med_conda/envs/analysis3-26.07/lib/python3.12/site-packages/erddapy/erddapy.py)
  external_backend_entrypoints = backends_dict_from_pkg(entrypoints_unique)
Traceback (most recent call last):
  File "/home/563/fm6730/.local/lib/python3.12/site-packages/xarray/backends/file_manager.py", line 219, in _acquire_with_cache_info
    file = self._cache[self._key]
           ~~~~~~~~~~~^^^^^^^^^^^
  File "/home/563/fm6730/.local/lib/python3.12/site-packages/xarray/backends/lru_cache.py", line 56, in __getitem__
    value = self._cache[key]
            ~~~~~~~~~~~^^^^^
KeyError: [<class 'netCDF4._netCDF4.Dataset'>, ('/home/563/fm6730/localrepo/wave_vertical_heating/data/derived/q1_vert_structure/access-s2/e03/da_q1q2_yanai_20151231_e03_remap.nc',), 'r', (('clobber', True), ('diskless', False), ('format', 'NETCDF4'), ('persist', False)), 'c87ae8cd-d424-4ff9-bfcd-8721952cc38c']

During handling of the above exception, another exception occurred:

Traceback (most recent call last):
  File "/home/563/fm6730/localrepo/wave_vertical_heating/scripts/utilities/compression_s2s_q1.py", line 14, in <module>
    ds = xr.open_dataset(file)
         ^^^^^^^^^^^^^^^^^^^^^
  File "/home/563/fm6730/.local/lib/python3.12/site-packages/xarray/backends/api.py", line 607, in open_dataset
    backend_ds = backend.open_dataset(
                 ^^^^^^^^^^^^^^^^^^^^^
  File "/home/563/fm6730/.local/lib/python3.12/site-packages/xarray/backends/netCDF4_.py", line 771, in open_dataset
    store = NetCDF4DataStore.open(
            ^^^^^^^^^^^^^^^^^^^^^^
  File "/home/563/fm6730/.local/lib/python3.12/site-packages/xarray/backends/netCDF4_.py", line 529, in open
    return cls(manager, group=group, mode=mode, lock=lock, autoclose=autoclose)
           ^^^^^^^^^^^^^^^^^^^^^^^^^^^^^^^^^^^^^^^^^^^^^^^^^^^^^^^^^^^^^^^^^^^^
  File "/home/563/fm6730/.local/lib/python3.12/site-packages/xarray/backends/netCDF4_.py", line 429, in __init__
    self.format = self.ds.data_model
                  ^^^^^^^
  File "/home/563/fm6730/.local/lib/python3.12/site-packages/xarray/backends/netCDF4_.py", line 538, in ds
    return self._acquire()
           ^^^^^^^^^^^^^^^
  File "/home/563/fm6730/.local/lib/python3.12/site-packages/xarray/backends/netCDF4_.py", line 532, in _acquire
    with self._manager.acquire_context(needs_lock) as root:
  File "/g/data/xp65/public/apps/med_conda/envs/analysis3-26.07/lib/python3.12/contextlib.py", line 137, in __enter__
    return next(self.gen)
           ^^^^^^^^^^^^^^
  File "/home/563/fm6730/.local/lib/python3.12/site-packages/xarray/backends/file_manager.py", line 207, in acquire_context
    file, cached = self._acquire_with_cache_info(needs_lock)
                   ^^^^^^^^^^^^^^^^^^^^^^^^^^^^^^^^^^^^^^^^^
  File "/home/563/fm6730/.local/lib/python3.12/site-packages/xarray/backends/file_manager.py", line 225, in _acquire_with_cache_info
    file = self._opener(*self._args, **kwargs)
           ^^^^^^^^^^^^^^^^^^^^^^^^^^^^^^^^^^^
  File "src/netCDF4/_netCDF4.pyx", line 2521, in netCDF4._netCDF4.Dataset.__init__
  File "src/netCDF4/_netCDF4.pyx", line 2158, in netCDF4._netCDF4._ensure_nc_success
FileNotFoundError: [Errno 2] No such file or directory: '/home/563/fm6730/localrepo/wave_vertical_heating/data/derived/q1_vert_structure/access-s2/e03/da_q1q2_yanai_20151231_e03_remap.nc'
/g/data/xp65/public/apps/med_conda/envs/analysis3-26.07/lib/python3.12/site-packages/sitecustomize.py:72: UserWarning: Pandas requires version '2.10.2' or newer of 'numexpr' (version '2.10.1' currently installed).
  mod = _real_import(name, globals, locals, fromlist, level)
/g/data/xp65/public/apps/med_conda/envs/analysis3-26.07/lib/python3.12/site-packages/argopy/utils/lists.py:38: UserWarning: An error occurred while loading the ERDDAP data fetcher, it will not be available !
<class 'ImportError'>
cannot import name '_quote_string_constraints' from 'erddapy.erddapy' (/g/data/xp65/public/apps/med_conda/envs/analysis3-26.07/lib/python3.12/site-packages/erddapy/erddapy.py)
  warnings.warn(
/g/data/xp65/public/apps/med_conda/envs/analysis3-26.07/lib/python3.12/site-packages/argopy/utils/lists.py:50: UserWarning: An error occurred while loading the ArgoVis data fetcher, it will not be available !
<class 'ImportError'>
cannot import name '_quote_string_constraints' from 'erddapy.erddapy' (/g/data/xp65/public/apps/med_conda/envs/analysis3-26.07/lib/python3.12/site-packages/erddapy/erddapy.py)
  warnings.warn(
/g/data/xp65/public/apps/med_conda/envs/analysis3-26.07/lib/python3.12/site-packages/argopy/utils/lists.py:66: UserWarning: An error occurred while loading the GDAC data fetcher, it will not be available !
<class 'ImportError'>
cannot import name '_quote_string_constraints' from 'erddapy.erddapy' (/g/data/xp65/public/apps/med_conda/envs/analysis3-26.07/lib/python3.12/site-packages/erddapy/erddapy.py)
  warnings.warn(
/g/data/xp65/public/apps/med_conda/envs/analysis3-26.07/lib/python3.12/site-packages/argopy/utils/lists.py:91: UserWarning: An error occurred while loading the ERDDAP index fetcher, it will not be available !
<class 'ImportError'>
cannot import name '_quote_string_constraints' from 'erddapy.erddapy' (/g/data/xp65/public/apps/med_conda/envs/analysis3-26.07/lib/python3.12/site-packages/erddapy/erddapy.py)
  warnings.warn(
/g/data/xp65/public/apps/med_conda/envs/analysis3-26.07/lib/python3.12/site-packages/argopy/utils/lists.py:107: UserWarning: An error occurred while loading the GDAC index fetcher, it will not be available !
<class 'ImportError'>
cannot import name '_quote_string_constraints' from 'erddapy.erddapy' (/g/data/xp65/public/apps/med_conda/envs/analysis3-26.07/lib/python3.12/site-packages/erddapy/erddapy.py)
  warnings.warn(
/home/563/fm6730/.local/lib/python3.12/site-packages/xarray/backends/plugins.py:109: RuntimeWarning: Engine 'argo' loading failed:
cannot import name '_quote_string_constraints' from 'erddapy.erddapy' (/g/data/xp65/public/apps/med_conda/envs/analysis3-26.07/lib/python3.12/site-packages/erddapy/erddapy.py)
  external_backend_entrypoints = backends_dict_from_pkg(entrypoints_unique)
Traceback (most recent call last):
  File "/home/563/fm6730/.local/lib/python3.12/site-packages/xarray/backends/file_manager.py", line 219, in _acquire_with_cache_info
    file = self._cache[self._key]
           ~~~~~~~~~~~^^^^^^^^^^^
  File "/home/563/fm6730/.local/lib/python3.12/site-packages/xarray/backends/lru_cache.py", line 56, in __getitem__
    value = self._cache[key]
            ~~~~~~~~~~~^^^^^
KeyError: [<class 'netCDF4._netCDF4.Dataset'>, ('/home/563/fm6730/localrepo/wave_vertical_heating/data/derived/q1_vert_structure/access-s2/e03/da_q1q2_yanai_20160101_e03_remap.nc',), 'r', (('clobber', True), ('diskless', False), ('format', 'NETCDF4'), ('persist', False)), 'f146bda7-c01b-41fc-a98e-d5ab051d1e73']

During handling of the above exception, another exception occurred:

Traceback (most recent call last):
  File "/home/563/fm6730/localrepo/wave_vertical_heating/scripts/utilities/compression_s2s_q1.py", line 14, in <module>
    ds = xr.open_dataset(file)
         ^^^^^^^^^^^^^^^^^^^^^
  File "/home/563/fm6730/.local/lib/python3.12/site-packages/xarray/backends/api.py", line 607, in open_dataset
    backend_ds = backend.open_dataset(
                 ^^^^^^^^^^^^^^^^^^^^^
  File "/home/563/fm6730/.local/lib/python3.12/site-packages/xarray/backends/netCDF4_.py", line 771, in open_dataset
    store = NetCDF4DataStore.open(
            ^^^^^^^^^^^^^^^^^^^^^^
  File "/home/563/fm6730/.local/lib/python3.12/site-packages/xarray/backends/netCDF4_.py", line 529, in open
    return cls(manager, group=group, mode=mode, lock=lock, autoclose=autoclose)
           ^^^^^^^^^^^^^^^^^^^^^^^^^^^^^^^^^^^^^^^^^^^^^^^^^^^^^^^^^^^^^^^^^^^^
  File "/home/563/fm6730/.local/lib/python3.12/site-packages/xarray/backends/netCDF4_.py", line 429, in __init__
    self.format = self.ds.data_model
                  ^^^^^^^
  File "/home/563/fm6730/.local/lib/python3.12/site-packages/xarray/backends/netCDF4_.py", line 538, in ds
    return self._acquire()
           ^^^^^^^^^^^^^^^
  File "/home/563/fm6730/.local/lib/python3.12/site-packages/xarray/backends/netCDF4_.py", line 532, in _acquire
    with self._manager.acquire_context(needs_lock) as root:
  File "/g/data/xp65/public/apps/med_conda/envs/analysis3-26.07/lib/python3.12/contextlib.py", line 137, in __enter__
    return next(self.gen)
           ^^^^^^^^^^^^^^
  File "/home/563/fm6730/.local/lib/python3.12/site-packages/xarray/backends/file_manager.py", line 207, in acquire_context
    file, cached = self._acquire_with_cache_info(needs_lock)
                   ^^^^^^^^^^^^^^^^^^^^^^^^^^^^^^^^^^^^^^^^^
  File "/home/563/fm6730/.local/lib/python3.12/site-packages/xarray/backends/file_manager.py", line 225, in _acquire_with_cache_info
    file = self._opener(*self._args, **kwargs)
           ^^^^^^^^^^^^^^^^^^^^^^^^^^^^^^^^^^^
  File "src/netCDF4/_netCDF4.pyx", line 2521, in netCDF4._netCDF4.Dataset.__init__
  File "src/netCDF4/_netCDF4.pyx", line 2158, in netCDF4._netCDF4._ensure_nc_success
FileNotFoundError: [Errno 2] No such file or directory: '/home/563/fm6730/localrepo/wave_vertical_heating/data/derived/q1_vert_structure/access-s2/e03/da_q1q2_yanai_20160101_e03_remap.nc'
/g/data/xp65/public/apps/med_conda/envs/analysis3-26.07/lib/python3.12/site-packages/sitecustomize.py:72: UserWarning: Pandas requires version '2.10.2' or newer of 'numexpr' (version '2.10.1' currently installed).
  mod = _real_import(name, globals, locals, fromlist, level)
/g/data/xp65/public/apps/med_conda/envs/analysis3-26.07/lib/python3.12/site-packages/argopy/utils/lists.py:38: UserWarning: An error occurred while loading the ERDDAP data fetcher, it will not be available !
<class 'ImportError'>
cannot import name '_quote_string_constraints' from 'erddapy.erddapy' (/g/data/xp65/public/apps/med_conda/envs/analysis3-26.07/lib/python3.12/site-packages/erddapy/erddapy.py)
  warnings.warn(
/g/data/xp65/public/apps/med_conda/envs/analysis3-26.07/lib/python3.12/site-packages/argopy/utils/lists.py:50: UserWarning: An error occurred while loading the ArgoVis data fetcher, it will not be available !
<class 'ImportError'>
cannot import name '_quote_string_constraints' from 'erddapy.erddapy' (/g/data/xp65/public/apps/med_conda/envs/analysis3-26.07/lib/python3.12/site-packages/erddapy/erddapy.py)
  warnings.warn(
/g/data/xp65/public/apps/med_conda/envs/analysis3-26.07/lib/python3.12/site-packages/argopy/utils/lists.py:66: UserWarning: An error occurred while loading the GDAC data fetcher, it will not be available !
<class 'ImportError'>
cannot import name '_quote_string_constraints' from 'erddapy.erddapy' (/g/data/xp65/public/apps/med_conda/envs/analysis3-26.07/lib/python3.12/site-packages/erddapy/erddapy.py)
  warnings.warn(
/g/data/xp65/public/apps/med_conda/envs/analysis3-26.07/lib/python3.12/site-packages/argopy/utils/lists.py:91: UserWarning: An error occurred while loading the ERDDAP index fetcher, it will not be available !
<class 'ImportError'>
cannot import name '_quote_string_constraints' from 'erddapy.erddapy' (/g/data/xp65/public/apps/med_conda/envs/analysis3-26.07/lib/python3.12/site-packages/erddapy/erddapy.py)
  warnings.warn(
/g/data/xp65/public/apps/med_conda/envs/analysis3-26.07/lib/python3.12/site-packages/argopy/utils/lists.py:107: UserWarning: An error occurred while loading the GDAC index fetcher, it will not be available !
<class 'ImportError'>
cannot import name '_quote_string_constraints' from 'erddapy.erddapy' (/g/data/xp65/public/apps/med_conda/envs/analysis3-26.07/lib/python3.12/site-packages/erddapy/erddapy.py)
  warnings.warn(
/home/563/fm6730/.local/lib/python3.12/site-packages/xarray/backends/plugins.py:109: RuntimeWarning: Engine 'argo' loading failed:
cannot import name '_quote_string_constraints' from 'erddapy.erddapy' (/g/data/xp65/public/apps/med_conda/envs/analysis3-26.07/lib/python3.12/site-packages/erddapy/erddapy.py)
  external_backend_entrypoints = backends_dict_from_pkg(entrypoints_unique)
Traceback (most recent call last):
  File "/home/563/fm6730/.local/lib/python3.12/site-packages/xarray/backends/file_manager.py", line 219, in _acquire_with_cache_info
    file = self._cache[self._key]
           ~~~~~~~~~~~^^^^^^^^^^^
  File "/home/563/fm6730/.local/lib/python3.12/site-packages/xarray/backends/lru_cache.py", line 56, in __getitem__
    value = self._cache[key]
            ~~~~~~~~~~~^^^^^
KeyError: [<class 'netCDF4._netCDF4.Dataset'>, ('/home/563/fm6730/localrepo/wave_vertical_heating/data/derived/q1_vert_structure/access-s2/e03/da_q1q2_yanai_20151030_e03_remap.nc',), 'r', (('clobber', True), ('diskless', False), ('format', 'NETCDF4'), ('persist', False)), '4dc5ae35-4535-4f8d-b3bc-02745cbf3c9b']

During handling of the above exception, another exception occurred:

Traceback (most recent call last):
  File "/home/563/fm6730/localrepo/wave_vertical_heating/scripts/utilities/compression_s2s_q1.py", line 14, in <module>
    ds = xr.open_dataset(file)
         ^^^^^^^^^^^^^^^^^^^^^
  File "/home/563/fm6730/.local/lib/python3.12/site-packages/xarray/backends/api.py", line 607, in open_dataset
    backend_ds = backend.open_dataset(
                 ^^^^^^^^^^^^^^^^^^^^^
  File "/home/563/fm6730/.local/lib/python3.12/site-packages/xarray/backends/netCDF4_.py", line 771, in open_dataset
    store = NetCDF4DataStore.open(
            ^^^^^^^^^^^^^^^^^^^^^^
  File "/home/563/fm6730/.local/lib/python3.12/site-packages/xarray/backends/netCDF4_.py", line 529, in open
    return cls(manager, group=group, mode=mode, lock=lock, autoclose=autoclose)
           ^^^^^^^^^^^^^^^^^^^^^^^^^^^^^^^^^^^^^^^^^^^^^^^^^^^^^^^^^^^^^^^^^^^^
  File "/home/563/fm6730/.local/lib/python3.12/site-packages/xarray/backends/netCDF4_.py", line 429, in __init__
    self.format = self.ds.data_model
                  ^^^^^^^
  File "/home/563/fm6730/.local/lib/python3.12/site-packages/xarray/backends/netCDF4_.py", line 538, in ds
    return self._acquire()
           ^^^^^^^^^^^^^^^
  File "/home/563/fm6730/.local/lib/python3.12/site-packages/xarray/backends/netCDF4_.py", line 532, in _acquire
    with self._manager.acquire_context(needs_lock) as root:
  File "/g/data/xp65/public/apps/med_conda/envs/analysis3-26.07/lib/python3.12/contextlib.py", line 137, in __enter__
    return next(self.gen)
           ^^^^^^^^^^^^^^
  File "/home/563/fm6730/.local/lib/python3.12/site-packages/xarray/backends/file_manager.py", line 207, in acquire_context
    file, cached = self._acquire_with_cache_info(needs_lock)
                   ^^^^^^^^^^^^^^^^^^^^^^^^^^^^^^^^^^^^^^^^^
  File "/home/563/fm6730/.local/lib/python3.12/site-packages/xarray/backends/file_manager.py", line 225, in _acquire_with_cache_info
    file = self._opener(*self._args, **kwargs)
           ^^^^^^^^^^^^^^^^^^^^^^^^^^^^^^^^^^^
  File "src/netCDF4/_netCDF4.pyx", line 2521, in netCDF4._netCDF4.Dataset.__init__
  File "src/netCDF4/_netCDF4.pyx", line 2158, in netCDF4._netCDF4._ensure_nc_success
FileNotFoundError: [Errno 2] No such file or directory: '/home/563/fm6730/localrepo/wave_vertical_heating/data/derived/q1_vert_structure/access-s2/e03/da_q1q2_yanai_20151030_e03_remap.nc'
/g/data/xp65/public/apps/med_conda/envs/analysis3-26.07/lib/python3.12/site-packages/sitecustomize.py:72: UserWarning: Pandas requires version '2.10.2' or newer of 'numexpr' (version '2.10.1' currently installed).
  mod = _real_import(name, globals, locals, fromlist, level)
/g/data/xp65/public/apps/med_conda/envs/analysis3-26.07/lib/python3.12/site-packages/argopy/utils/lists.py:38: UserWarning: An error occurred while loading the ERDDAP data fetcher, it will not be available !
<class 'ImportError'>
cannot import name '_quote_string_constraints' from 'erddapy.erddapy' (/g/data/xp65/public/apps/med_conda/envs/analysis3-26.07/lib/python3.12/site-packages/erddapy/erddapy.py)
  warnings.warn(
/g/data/xp65/public/apps/med_conda/envs/analysis3-26.07/lib/python3.12/site-packages/argopy/utils/lists.py:50: UserWarning: An error occurred while loading the ArgoVis data fetcher, it will not be available !
<class 'ImportError'>
cannot import name '_quote_string_constraints' from 'erddapy.erddapy' (/g/data/xp65/public/apps/med_conda/envs/analysis3-26.07/lib/python3.12/site-packages/erddapy/erddapy.py)
  warnings.warn(
/g/data/xp65/public/apps/med_conda/envs/analysis3-26.07/lib/python3.12/site-packages/argopy/utils/lists.py:66: UserWarning: An error occurred while loading the GDAC data fetcher, it will not be available !
<class 'ImportError'>
cannot import name '_quote_string_constraints' from 'erddapy.erddapy' (/g/data/xp65/public/apps/med_conda/envs/analysis3-26.07/lib/python3.12/site-packages/erddapy/erddapy.py)
  warnings.warn(
/g/data/xp65/public/apps/med_conda/envs/analysis3-26.07/lib/python3.12/site-packages/argopy/utils/lists.py:91: UserWarning: An error occurred while loading the ERDDAP index fetcher, it will not be available !
<class 'ImportError'>
cannot import name '_quote_string_constraints' from 'erddapy.erddapy' (/g/data/xp65/public/apps/med_conda/envs/analysis3-26.07/lib/python3.12/site-packages/erddapy/erddapy.py)
  warnings.warn(
/g/data/xp65/public/apps/med_conda/envs/analysis3-26.07/lib/python3.12/site-packages/argopy/utils/lists.py:107: UserWarning: An error occurred while loading the GDAC index fetcher, it will not be available !
<class 'ImportError'>
cannot import name '_quote_string_constraints' from 'erddapy.erddapy' (/g/data/xp65/public/apps/med_conda/envs/analysis3-26.07/lib/python3.12/site-packages/erddapy/erddapy.py)
  warnings.warn(
/home/563/fm6730/.local/lib/python3.12/site-packages/xarray/backends/plugins.py:109: RuntimeWarning: Engine 'argo' loading failed:
cannot import name '_quote_string_constraints' from 'erddapy.erddapy' (/g/data/xp65/public/apps/med_conda/envs/analysis3-26.07/lib/python3.12/site-packages/erddapy/erddapy.py)
  external_backend_entrypoints = backends_dict_from_pkg(entrypoints_unique)
Traceback (most recent call last):
  File "/home/563/fm6730/.local/lib/python3.12/site-packages/xarray/backends/file_manager.py", line 219, in _acquire_with_cache_info
    file = self._cache[self._key]
           ~~~~~~~~~~~^^^^^^^^^^^
  File "/home/563/fm6730/.local/lib/python3.12/site-packages/xarray/backends/lru_cache.py", line 56, in __getitem__
    value = self._cache[key]
            ~~~~~~~~~~~^^^^^
KeyError: [<class 'netCDF4._netCDF4.Dataset'>, ('/home/563/fm6730/localrepo/wave_vertical_heating/data/derived/q1_vert_structure/access-s2/e03/da_q1q2_yanai_20160130_e03_remap.nc',), 'r', (('clobber', True), ('diskless', False), ('format', 'NETCDF4'), ('persist', False)), '669e5b6f-6106-4753-8ae8-b93d22c2d1af']

During handling of the above exception, another exception occurred:

Traceback (most recent call last):
  File "/home/563/fm6730/localrepo/wave_vertical_heating/scripts/utilities/compression_s2s_q1.py", line 14, in <module>
    ds = xr.open_dataset(file)
         ^^^^^^^^^^^^^^^^^^^^^
  File "/home/563/fm6730/.local/lib/python3.12/site-packages/xarray/backends/api.py", line 607, in open_dataset
    backend_ds = backend.open_dataset(
                 ^^^^^^^^^^^^^^^^^^^^^
  File "/home/563/fm6730/.local/lib/python3.12/site-packages/xarray/backends/netCDF4_.py", line 771, in open_dataset
    store = NetCDF4DataStore.open(
            ^^^^^^^^^^^^^^^^^^^^^^
  File "/home/563/fm6730/.local/lib/python3.12/site-packages/xarray/backends/netCDF4_.py", line 529, in open
    return cls(manager, group=group, mode=mode, lock=lock, autoclose=autoclose)
           ^^^^^^^^^^^^^^^^^^^^^^^^^^^^^^^^^^^^^^^^^^^^^^^^^^^^^^^^^^^^^^^^^^^^
  File "/home/563/fm6730/.local/lib/python3.12/site-packages/xarray/backends/netCDF4_.py", line 429, in __init__
    self.format = self.ds.data_model
                  ^^^^^^^
  File "/home/563/fm6730/.local/lib/python3.12/site-packages/xarray/backends/netCDF4_.py", line 538, in ds
    return self._acquire()
           ^^^^^^^^^^^^^^^
  File "/home/563/fm6730/.local/lib/python3.12/site-packages/xarray/backends/netCDF4_.py", line 532, in _acquire
    with self._manager.acquire_context(needs_lock) as root:
  File "/g/data/xp65/public/apps/med_conda/envs/analysis3-26.07/lib/python3.12/contextlib.py", line 137, in __enter__
    return next(self.gen)
           ^^^^^^^^^^^^^^
  File "/home/563/fm6730/.local/lib/python3.12/site-packages/xarray/backends/file_manager.py", line 207, in acquire_context
    file, cached = self._acquire_with_cache_info(needs_lock)
                   ^^^^^^^^^^^^^^^^^^^^^^^^^^^^^^^^^^^^^^^^^
  File "/home/563/fm6730/.local/lib/python3.12/site-packages/xarray/backends/file_manager.py", line 225, in _acquire_with_cache_info
    file = self._opener(*self._args, **kwargs)
           ^^^^^^^^^^^^^^^^^^^^^^^^^^^^^^^^^^^
  File "src/netCDF4/_netCDF4.pyx", line 2521, in netCDF4._netCDF4.Dataset.__init__
  File "src/netCDF4/_netCDF4.pyx", line 2158, in netCDF4._netCDF4._ensure_nc_success
FileNotFoundError: [Errno 2] No such file or directory: '/home/563/fm6730/localrepo/wave_vertical_heating/data/derived/q1_vert_structure/access-s2/e03/da_q1q2_yanai_20160130_e03_remap.nc'
/g/data/xp65/public/apps/med_conda/envs/analysis3-26.07/lib/python3.12/site-packages/sitecustomize.py:72: UserWarning: Pandas requires version '2.10.2' or newer of 'numexpr' (version '2.10.1' currently installed).
  mod = _real_import(name, globals, locals, fromlist, level)
/g/data/xp65/public/apps/med_conda/envs/analysis3-26.07/lib/python3.12/site-packages/argopy/utils/lists.py:38: UserWarning: An error occurred while loading the ERDDAP data fetcher, it will not be available !
<class 'ImportError'>
cannot import name '_quote_string_constraints' from 'erddapy.erddapy' (/g/data/xp65/public/apps/med_conda/envs/analysis3-26.07/lib/python3.12/site-packages/erddapy/erddapy.py)
  warnings.warn(
/g/data/xp65/public/apps/med_conda/envs/analysis3-26.07/lib/python3.12/site-packages/argopy/utils/lists.py:50: UserWarning: An error occurred while loading the ArgoVis data fetcher, it will not be available !
<class 'ImportError'>
cannot import name '_quote_string_constraints' from 'erddapy.erddapy' (/g/data/xp65/public/apps/med_conda/envs/analysis3-26.07/lib/python3.12/site-packages/erddapy/erddapy.py)
  warnings.warn(
/g/data/xp65/public/apps/med_conda/envs/analysis3-26.07/lib/python3.12/site-packages/argopy/utils/lists.py:66: UserWarning: An error occurred while loading the GDAC data fetcher, it will not be available !
<class 'ImportError'>
cannot import name '_quote_string_constraints' from 'erddapy.erddapy' (/g/data/xp65/public/apps/med_conda/envs/analysis3-26.07/lib/python3.12/site-packages/erddapy/erddapy.py)
  warnings.warn(
/g/data/xp65/public/apps/med_conda/envs/analysis3-26.07/lib/python3.12/site-packages/argopy/utils/lists.py:91: UserWarning: An error occurred while loading the ERDDAP index fetcher, it will not be available !
<class 'ImportError'>
cannot import name '_quote_string_constraints' from 'erddapy.erddapy' (/g/data/xp65/public/apps/med_conda/envs/analysis3-26.07/lib/python3.12/site-packages/erddapy/erddapy.py)
  warnings.warn(
/g/data/xp65/public/apps/med_conda/envs/analysis3-26.07/lib/python3.12/site-packages/argopy/utils/lists.py:107: UserWarning: An error occurred while loading the GDAC index fetcher, it will not be available !
<class 'ImportError'>
cannot import name '_quote_string_constraints' from 'erddapy.erddapy' (/g/data/xp65/public/apps/med_conda/envs/analysis3-26.07/lib/python3.12/site-packages/erddapy/erddapy.py)
  warnings.warn(
/home/563/fm6730/.local/lib/python3.12/site-packages/xarray/backends/plugins.py:109: RuntimeWarning: Engine 'argo' loading failed:
cannot import name '_quote_string_constraints' from 'erddapy.erddapy' (/g/data/xp65/public/apps/med_conda/envs/analysis3-26.07/lib/python3.12/site-packages/erddapy/erddapy.py)
  external_backend_entrypoints = backends_dict_from_pkg(entrypoints_unique)
Traceback (most recent call last):
  File "/home/563/fm6730/.local/lib/python3.12/site-packages/xarray/backends/file_manager.py", line 219, in _acquire_with_cache_info
    file = self._cache[self._key]
           ~~~~~~~~~~~^^^^^^^^^^^
  File "/home/563/fm6730/.local/lib/python3.12/site-packages/xarray/backends/lru_cache.py", line 56, in __getitem__
    value = self._cache[key]
            ~~~~~~~~~~~^^^^^
KeyError: [<class 'netCDF4._netCDF4.Dataset'>, ('/home/563/fm6730/localrepo/wave_vertical_heating/data/derived/q1_vert_structure/access-s2/e03/da_q1q2_yanai_20160131_e03_remap.nc',), 'r', (('clobber', True), ('diskless', False), ('format', 'NETCDF4'), ('persist', False)), 'df0f2597-8d68-46a1-897e-56324d290aec']

During handling of the above exception, another exception occurred:

Traceback (most recent call last):
  File "/home/563/fm6730/localrepo/wave_vertical_heating/scripts/utilities/compression_s2s_q1.py", line 14, in <module>
    ds = xr.open_dataset(file)
         ^^^^^^^^^^^^^^^^^^^^^
  File "/home/563/fm6730/.local/lib/python3.12/site-packages/xarray/backends/api.py", line 607, in open_dataset
    backend_ds = backend.open_dataset(
                 ^^^^^^^^^^^^^^^^^^^^^
  File "/home/563/fm6730/.local/lib/python3.12/site-packages/xarray/backends/netCDF4_.py", line 771, in open_dataset
    store = NetCDF4DataStore.open(
            ^^^^^^^^^^^^^^^^^^^^^^
  File "/home/563/fm6730/.local/lib/python3.12/site-packages/xarray/backends/netCDF4_.py", line 529, in open
    return cls(manager, group=group, mode=mode, lock=lock, autoclose=autoclose)
           ^^^^^^^^^^^^^^^^^^^^^^^^^^^^^^^^^^^^^^^^^^^^^^^^^^^^^^^^^^^^^^^^^^^^
  File "/home/563/fm6730/.local/lib/python3.12/site-packages/xarray/backends/netCDF4_.py", line 429, in __init__
    self.format = self.ds.data_model
                  ^^^^^^^
  File "/home/563/fm6730/.local/lib/python3.12/site-packages/xarray/backends/netCDF4_.py", line 538, in ds
    return self._acquire()
           ^^^^^^^^^^^^^^^
  File "/home/563/fm6730/.local/lib/python3.12/site-packages/xarray/backends/netCDF4_.py", line 532, in _acquire
    with self._manager.acquire_context(needs_lock) as root:
  File "/g/data/xp65/public/apps/med_conda/envs/analysis3-26.07/lib/python3.12/contextlib.py", line 137, in __enter__
    return next(self.gen)
           ^^^^^^^^^^^^^^
  File "/home/563/fm6730/.local/lib/python3.12/site-packages/xarray/backends/file_manager.py", line 207, in acquire_context
    file, cached = self._acquire_with_cache_info(needs_lock)
                   ^^^^^^^^^^^^^^^^^^^^^^^^^^^^^^^^^^^^^^^^^
  File "/home/563/fm6730/.local/lib/python3.12/site-packages/xarray/backends/file_manager.py", line 225, in _acquire_with_cache_info
    file = self._opener(*self._args, **kwargs)
           ^^^^^^^^^^^^^^^^^^^^^^^^^^^^^^^^^^^
  File "src/netCDF4/_netCDF4.pyx", line 2521, in netCDF4._netCDF4.Dataset.__init__
  File "src/netCDF4/_netCDF4.pyx", line 2158, in netCDF4._netCDF4._ensure_nc_success
FileNotFoundError: [Errno 2] No such file or directory: '/home/563/fm6730/localrepo/wave_vertical_heating/data/derived/q1_vert_structure/access-s2/e03/da_q1q2_yanai_20160131_e03_remap.nc'
/g/data/xp65/public/apps/med_conda/envs/analysis3-26.07/lib/python3.12/site-packages/sitecustomize.py:72: UserWarning: Pandas requires version '2.10.2' or newer of 'numexpr' (version '2.10.1' currently installed).
  mod = _real_import(name, globals, locals, fromlist, level)
/g/data/xp65/public/apps/med_conda/envs/analysis3-26.07/lib/python3.12/site-packages/argopy/utils/lists.py:38: UserWarning: An error occurred while loading the ERDDAP data fetcher, it will not be available !
<class 'ImportError'>
cannot import name '_quote_string_constraints' from 'erddapy.erddapy' (/g/data/xp65/public/apps/med_conda/envs/analysis3-26.07/lib/python3.12/site-packages/erddapy/erddapy.py)
  warnings.warn(
/g/data/xp65/public/apps/med_conda/envs/analysis3-26.07/lib/python3.12/site-packages/argopy/utils/lists.py:50: UserWarning: An error occurred while loading the ArgoVis data fetcher, it will not be available !
<class 'ImportError'>
cannot import name '_quote_string_constraints' from 'erddapy.erddapy' (/g/data/xp65/public/apps/med_conda/envs/analysis3-26.07/lib/python3.12/site-packages/erddapy/erddapy.py)
  warnings.warn(
/g/data/xp65/public/apps/med_conda/envs/analysis3-26.07/lib/python3.12/site-packages/argopy/utils/lists.py:66: UserWarning: An error occurred while loading the GDAC data fetcher, it will not be available !
<class 'ImportError'>
cannot import name '_quote_string_constraints' from 'erddapy.erddapy' (/g/data/xp65/public/apps/med_conda/envs/analysis3-26.07/lib/python3.12/site-packages/erddapy/erddapy.py)
  warnings.warn(
/g/data/xp65/public/apps/med_conda/envs/analysis3-26.07/lib/python3.12/site-packages/argopy/utils/lists.py:91: UserWarning: An error occurred while loading the ERDDAP index fetcher, it will not be available !
<class 'ImportError'>
cannot import name '_quote_string_constraints' from 'erddapy.erddapy' (/g/data/xp65/public/apps/med_conda/envs/analysis3-26.07/lib/python3.12/site-packages/erddapy/erddapy.py)
  warnings.warn(
/g/data/xp65/public/apps/med_conda/envs/analysis3-26.07/lib/python3.12/site-packages/argopy/utils/lists.py:107: UserWarning: An error occurred while loading the GDAC index fetcher, it will not be available !
<class 'ImportError'>
cannot import name '_quote_string_constraints' from 'erddapy.erddapy' (/g/data/xp65/public/apps/med_conda/envs/analysis3-26.07/lib/python3.12/site-packages/erddapy/erddapy.py)
  warnings.warn(
/home/563/fm6730/.local/lib/python3.12/site-packages/xarray/backends/plugins.py:109: RuntimeWarning: Engine 'argo' loading failed:
cannot import name '_quote_string_constraints' from 'erddapy.erddapy' (/g/data/xp65/public/apps/med_conda/envs/analysis3-26.07/lib/python3.12/site-packages/erddapy/erddapy.py)
  external_backend_entrypoints = backends_dict_from_pkg(entrypoints_unique)
Traceback (most recent call last):
  File "/home/563/fm6730/.local/lib/python3.12/site-packages/xarray/backends/file_manager.py", line 219, in _acquire_with_cache_info
    file = self._cache[self._key]
           ~~~~~~~~~~~^^^^^^^^^^^
  File "/home/563/fm6730/.local/lib/python3.12/site-packages/xarray/backends/lru_cache.py", line 56, in __getitem__
    value = self._cache[key]
            ~~~~~~~~~~~^^^^^
KeyError: [<class 'netCDF4._netCDF4.Dataset'>, ('/home/563/fm6730/localrepo/wave_vertical_heating/data/derived/q1_vert_structure/access-s2/e03/da_q1q2_yanai_20160201_e03_remap.nc',), 'r', (('clobber', True), ('diskless', False), ('format', 'NETCDF4'), ('persist', False)), '98bde8b9-83e8-43c8-90c7-0159149637a4']

During handling of the above exception, another exception occurred:

Traceback (most recent call last):
  File "/home/563/fm6730/localrepo/wave_vertical_heating/scripts/utilities/compression_s2s_q1.py", line 14, in <module>
    ds = xr.open_dataset(file)
         ^^^^^^^^^^^^^^^^^^^^^
  File "/home/563/fm6730/.local/lib/python3.12/site-packages/xarray/backends/api.py", line 607, in open_dataset
    backend_ds = backend.open_dataset(
                 ^^^^^^^^^^^^^^^^^^^^^
  File "/home/563/fm6730/.local/lib/python3.12/site-packages/xarray/backends/netCDF4_.py", line 771, in open_dataset
    store = NetCDF4DataStore.open(
            ^^^^^^^^^^^^^^^^^^^^^^
  File "/home/563/fm6730/.local/lib/python3.12/site-packages/xarray/backends/netCDF4_.py", line 529, in open
    return cls(manager, group=group, mode=mode, lock=lock, autoclose=autoclose)
           ^^^^^^^^^^^^^^^^^^^^^^^^^^^^^^^^^^^^^^^^^^^^^^^^^^^^^^^^^^^^^^^^^^^^
  File "/home/563/fm6730/.local/lib/python3.12/site-packages/xarray/backends/netCDF4_.py", line 429, in __init__
    self.format = self.ds.data_model
                  ^^^^^^^
  File "/home/563/fm6730/.local/lib/python3.12/site-packages/xarray/backends/netCDF4_.py", line 538, in ds
    return self._acquire()
           ^^^^^^^^^^^^^^^
  File "/home/563/fm6730/.local/lib/python3.12/site-packages/xarray/backends/netCDF4_.py", line 532, in _acquire
    with self._manager.acquire_context(needs_lock) as root:
  File "/g/data/xp65/public/apps/med_conda/envs/analysis3-26.07/lib/python3.12/contextlib.py", line 137, in __enter__
    return next(self.gen)
           ^^^^^^^^^^^^^^
  File "/home/563/fm6730/.local/lib/python3.12/site-packages/xarray/backends/file_manager.py", line 207, in acquire_context
    file, cached = self._acquire_with_cache_info(needs_lock)
                   ^^^^^^^^^^^^^^^^^^^^^^^^^^^^^^^^^^^^^^^^^
  File "/home/563/fm6730/.local/lib/python3.12/site-packages/xarray/backends/file_manager.py", line 225, in _acquire_with_cache_info
    file = self._opener(*self._args, **kwargs)
           ^^^^^^^^^^^^^^^^^^^^^^^^^^^^^^^^^^^
  File "src/netCDF4/_netCDF4.pyx", line 2521, in netCDF4._netCDF4.Dataset.__init__
  File "src/netCDF4/_netCDF4.pyx", line 2158, in netCDF4._netCDF4._ensure_nc_success
FileNotFoundError: [Errno 2] No such file or directory: '/home/563/fm6730/localrepo/wave_vertical_heating/data/derived/q1_vert_structure/access-s2/e03/da_q1q2_yanai_20160201_e03_remap.nc'
/g/data/xp65/public/apps/med_conda/envs/analysis3-26.07/lib/python3.12/site-packages/sitecustomize.py:72: UserWarning: Pandas requires version '2.10.2' or newer of 'numexpr' (version '2.10.1' currently installed).
  mod = _real_import(name, globals, locals, fromlist, level)
/g/data/xp65/public/apps/med_conda/envs/analysis3-26.07/lib/python3.12/site-packages/argopy/utils/lists.py:38: UserWarning: An error occurred while loading the ERDDAP data fetcher, it will not be available !
<class 'ImportError'>
cannot import name '_quote_string_constraints' from 'erddapy.erddapy' (/g/data/xp65/public/apps/med_conda/envs/analysis3-26.07/lib/python3.12/site-packages/erddapy/erddapy.py)
  warnings.warn(
/g/data/xp65/public/apps/med_conda/envs/analysis3-26.07/lib/python3.12/site-packages/argopy/utils/lists.py:50: UserWarning: An error occurred while loading the ArgoVis data fetcher, it will not be available !
<class 'ImportError'>
cannot import name '_quote_string_constraints' from 'erddapy.erddapy' (/g/data/xp65/public/apps/med_conda/envs/analysis3-26.07/lib/python3.12/site-packages/erddapy/erddapy.py)
  warnings.warn(
/g/data/xp65/public/apps/med_conda/envs/analysis3-26.07/lib/python3.12/site-packages/argopy/utils/lists.py:66: UserWarning: An error occurred while loading the GDAC data fetcher, it will not be available !
<class 'ImportError'>
cannot import name '_quote_string_constraints' from 'erddapy.erddapy' (/g/data/xp65/public/apps/med_conda/envs/analysis3-26.07/lib/python3.12/site-packages/erddapy/erddapy.py)
  warnings.warn(
/g/data/xp65/public/apps/med_conda/envs/analysis3-26.07/lib/python3.12/site-packages/argopy/utils/lists.py:91: UserWarning: An error occurred while loading the ERDDAP index fetcher, it will not be available !
<class 'ImportError'>
cannot import name '_quote_string_constraints' from 'erddapy.erddapy' (/g/data/xp65/public/apps/med_conda/envs/analysis3-26.07/lib/python3.12/site-packages/erddapy/erddapy.py)
  warnings.warn(
/g/data/xp65/public/apps/med_conda/envs/analysis3-26.07/lib/python3.12/site-packages/argopy/utils/lists.py:107: UserWarning: An error occurred while loading the GDAC index fetcher, it will not be available !
<class 'ImportError'>
cannot import name '_quote_string_constraints' from 'erddapy.erddapy' (/g/data/xp65/public/apps/med_conda/envs/analysis3-26.07/lib/python3.12/site-packages/erddapy/erddapy.py)
  warnings.warn(
/home/563/fm6730/.local/lib/python3.12/site-packages/xarray/backends/plugins.py:109: RuntimeWarning: Engine 'argo' loading failed:
cannot import name '_quote_string_constraints' from 'erddapy.erddapy' (/g/data/xp65/public/apps/med_conda/envs/analysis3-26.07/lib/python3.12/site-packages/erddapy/erddapy.py)
  external_backend_entrypoints = backends_dict_from_pkg(entrypoints_unique)
Traceback (most recent call last):
  File "/home/563/fm6730/.local/lib/python3.12/site-packages/xarray/backends/file_manager.py", line 219, in _acquire_with_cache_info
    file = self._cache[self._key]
           ~~~~~~~~~~~^^^^^^^^^^^
  File "/home/563/fm6730/.local/lib/python3.12/site-packages/xarray/backends/lru_cache.py", line 56, in __getitem__
    value = self._cache[key]
            ~~~~~~~~~~~^^^^^
KeyError: [<class 'netCDF4._netCDF4.Dataset'>, ('/home/563/fm6730/localrepo/wave_vertical_heating/data/derived/q1_vert_structure/access-s2/e03/da_q1q2_yanai_20160228_e03_remap.nc',), 'r', (('clobber', True), ('diskless', False), ('format', 'NETCDF4'), ('persist', False)), 'a623215a-090f-45f9-8e7a-4c15daa85ef5']

During handling of the above exception, another exception occurred:

Traceback (most recent call last):
  File "/home/563/fm6730/localrepo/wave_vertical_heating/scripts/utilities/compression_s2s_q1.py", line 14, in <module>
    ds = xr.open_dataset(file)
         ^^^^^^^^^^^^^^^^^^^^^
  File "/home/563/fm6730/.local/lib/python3.12/site-packages/xarray/backends/api.py", line 607, in open_dataset
    backend_ds = backend.open_dataset(
                 ^^^^^^^^^^^^^^^^^^^^^
  File "/home/563/fm6730/.local/lib/python3.12/site-packages/xarray/backends/netCDF4_.py", line 771, in open_dataset
    store = NetCDF4DataStore.open(
            ^^^^^^^^^^^^^^^^^^^^^^
  File "/home/563/fm6730/.local/lib/python3.12/site-packages/xarray/backends/netCDF4_.py", line 529, in open
    return cls(manager, group=group, mode=mode, lock=lock, autoclose=autoclose)
           ^^^^^^^^^^^^^^^^^^^^^^^^^^^^^^^^^^^^^^^^^^^^^^^^^^^^^^^^^^^^^^^^^^^^
  File "/home/563/fm6730/.local/lib/python3.12/site-packages/xarray/backends/netCDF4_.py", line 429, in __init__
    self.format = self.ds.data_model
                  ^^^^^^^
  File "/home/563/fm6730/.local/lib/python3.12/site-packages/xarray/backends/netCDF4_.py", line 538, in ds
    return self._acquire()
           ^^^^^^^^^^^^^^^
  File "/home/563/fm6730/.local/lib/python3.12/site-packages/xarray/backends/netCDF4_.py", line 532, in _acquire
    with self._manager.acquire_context(needs_lock) as root:
  File "/g/data/xp65/public/apps/med_conda/envs/analysis3-26.07/lib/python3.12/contextlib.py", line 137, in __enter__
    return next(self.gen)
           ^^^^^^^^^^^^^^
  File "/home/563/fm6730/.local/lib/python3.12/site-packages/xarray/backends/file_manager.py", line 207, in acquire_context
    file, cached = self._acquire_with_cache_info(needs_lock)
                   ^^^^^^^^^^^^^^^^^^^^^^^^^^^^^^^^^^^^^^^^^
  File "/home/563/fm6730/.local/lib/python3.12/site-packages/xarray/backends/file_manager.py", line 225, in _acquire_with_cache_info
    file = self._opener(*self._args, **kwargs)
           ^^^^^^^^^^^^^^^^^^^^^^^^^^^^^^^^^^^
  File "src/netCDF4/_netCDF4.pyx", line 2521, in netCDF4._netCDF4.Dataset.__init__
  File "src/netCDF4/_netCDF4.pyx", line 2158, in netCDF4._netCDF4._ensure_nc_success
FileNotFoundError: [Errno 2] No such file or directory: '/home/563/fm6730/localrepo/wave_vertical_heating/data/derived/q1_vert_structure/access-s2/e03/da_q1q2_yanai_20160228_e03_remap.nc'
/g/data/xp65/public/apps/med_conda/envs/analysis3-26.07/lib/python3.12/site-packages/sitecustomize.py:72: UserWarning: Pandas requires version '2.10.2' or newer of 'numexpr' (version '2.10.1' currently installed).
  mod = _real_import(name, globals, locals, fromlist, level)
/g/data/xp65/public/apps/med_conda/envs/analysis3-26.07/lib/python3.12/site-packages/argopy/utils/lists.py:38: UserWarning: An error occurred while loading the ERDDAP data fetcher, it will not be available !
<class 'ImportError'>
cannot import name '_quote_string_constraints' from 'erddapy.erddapy' (/g/data/xp65/public/apps/med_conda/envs/analysis3-26.07/lib/python3.12/site-packages/erddapy/erddapy.py)
  warnings.warn(
/g/data/xp65/public/apps/med_conda/envs/analysis3-26.07/lib/python3.12/site-packages/argopy/utils/lists.py:50: UserWarning: An error occurred while loading the ArgoVis data fetcher, it will not be available !
<class 'ImportError'>
cannot import name '_quote_string_constraints' from 'erddapy.erddapy' (/g/data/xp65/public/apps/med_conda/envs/analysis3-26.07/lib/python3.12/site-packages/erddapy/erddapy.py)
  warnings.warn(
/g/data/xp65/public/apps/med_conda/envs/analysis3-26.07/lib/python3.12/site-packages/argopy/utils/lists.py:66: UserWarning: An error occurred while loading the GDAC data fetcher, it will not be available !
<class 'ImportError'>
cannot import name '_quote_string_constraints' from 'erddapy.erddapy' (/g/data/xp65/public/apps/med_conda/envs/analysis3-26.07/lib/python3.12/site-packages/erddapy/erddapy.py)
  warnings.warn(
/g/data/xp65/public/apps/med_conda/envs/analysis3-26.07/lib/python3.12/site-packages/argopy/utils/lists.py:91: UserWarning: An error occurred while loading the ERDDAP index fetcher, it will not be available !
<class 'ImportError'>
cannot import name '_quote_string_constraints' from 'erddapy.erddapy' (/g/data/xp65/public/apps/med_conda/envs/analysis3-26.07/lib/python3.12/site-packages/erddapy/erddapy.py)
  warnings.warn(
/g/data/xp65/public/apps/med_conda/envs/analysis3-26.07/lib/python3.12/site-packages/argopy/utils/lists.py:107: UserWarning: An error occurred while loading the GDAC index fetcher, it will not be available !
<class 'ImportError'>
cannot import name '_quote_string_constraints' from 'erddapy.erddapy' (/g/data/xp65/public/apps/med_conda/envs/analysis3-26.07/lib/python3.12/site-packages/erddapy/erddapy.py)
  warnings.warn(
/home/563/fm6730/.local/lib/python3.12/site-packages/xarray/backends/plugins.py:109: RuntimeWarning: Engine 'argo' loading failed:
cannot import name '_quote_string_constraints' from 'erddapy.erddapy' (/g/data/xp65/public/apps/med_conda/envs/analysis3-26.07/lib/python3.12/site-packages/erddapy/erddapy.py)
  external_backend_entrypoints = backends_dict_from_pkg(entrypoints_unique)
Traceback (most recent call last):
  File "/home/563/fm6730/.local/lib/python3.12/site-packages/xarray/backends/file_manager.py", line 219, in _acquire_with_cache_info
    file = self._cache[self._key]
           ~~~~~~~~~~~^^^^^^^^^^^
  File "/home/563/fm6730/.local/lib/python3.12/site-packages/xarray/backends/lru_cache.py", line 56, in __getitem__
    value = self._cache[key]
            ~~~~~~~~~~~^^^^^
KeyError: [<class 'netCDF4._netCDF4.Dataset'>, ('/home/563/fm6730/localrepo/wave_vertical_heating/data/derived/q1_vert_structure/access-s2/e03/da_q1q2_yanai_20160301_e03_remap.nc',), 'r', (('clobber', True), ('diskless', False), ('format', 'NETCDF4'), ('persist', False)), '09b53196-9522-456d-b7da-ee25c099b113']

During handling of the above exception, another exception occurred:

Traceback (most recent call last):
  File "/home/563/fm6730/localrepo/wave_vertical_heating/scripts/utilities/compression_s2s_q1.py", line 14, in <module>
    ds = xr.open_dataset(file)
         ^^^^^^^^^^^^^^^^^^^^^
  File "/home/563/fm6730/.local/lib/python3.12/site-packages/xarray/backends/api.py", line 607, in open_dataset
    backend_ds = backend.open_dataset(
                 ^^^^^^^^^^^^^^^^^^^^^
  File "/home/563/fm6730/.local/lib/python3.12/site-packages/xarray/backends/netCDF4_.py", line 771, in open_dataset
    store = NetCDF4DataStore.open(
            ^^^^^^^^^^^^^^^^^^^^^^
  File "/home/563/fm6730/.local/lib/python3.12/site-packages/xarray/backends/netCDF4_.py", line 529, in open
    return cls(manager, group=group, mode=mode, lock=lock, autoclose=autoclose)
           ^^^^^^^^^^^^^^^^^^^^^^^^^^^^^^^^^^^^^^^^^^^^^^^^^^^^^^^^^^^^^^^^^^^^
  File "/home/563/fm6730/.local/lib/python3.12/site-packages/xarray/backends/netCDF4_.py", line 429, in __init__
    self.format = self.ds.data_model
                  ^^^^^^^
  File "/home/563/fm6730/.local/lib/python3.12/site-packages/xarray/backends/netCDF4_.py", line 538, in ds
    return self._acquire()
           ^^^^^^^^^^^^^^^
  File "/home/563/fm6730/.local/lib/python3.12/site-packages/xarray/backends/netCDF4_.py", line 532, in _acquire
    with self._manager.acquire_context(needs_lock) as root:
  File "/g/data/xp65/public/apps/med_conda/envs/analysis3-26.07/lib/python3.12/contextlib.py", line 137, in __enter__
    return next(self.gen)
           ^^^^^^^^^^^^^^
  File "/home/563/fm6730/.local/lib/python3.12/site-packages/xarray/backends/file_manager.py", line 207, in acquire_context
    file, cached = self._acquire_with_cache_info(needs_lock)
                   ^^^^^^^^^^^^^^^^^^^^^^^^^^^^^^^^^^^^^^^^^
  File "/home/563/fm6730/.local/lib/python3.12/site-packages/xarray/backends/file_manager.py", line 225, in _acquire_with_cache_info
    file = self._opener(*self._args, **kwargs)
           ^^^^^^^^^^^^^^^^^^^^^^^^^^^^^^^^^^^
  File "src/netCDF4/_netCDF4.pyx", line 2521, in netCDF4._netCDF4.Dataset.__init__
  File "src/netCDF4/_netCDF4.pyx", line 2158, in netCDF4._netCDF4._ensure_nc_success
FileNotFoundError: [Errno 2] No such file or directory: '/home/563/fm6730/localrepo/wave_vertical_heating/data/derived/q1_vert_structure/access-s2/e03/da_q1q2_yanai_20160301_e03_remap.nc'
/g/data/xp65/public/apps/med_conda/envs/analysis3-26.07/lib/python3.12/site-packages/sitecustomize.py:72: UserWarning: Pandas requires version '2.10.2' or newer of 'numexpr' (version '2.10.1' currently installed).
  mod = _real_import(name, globals, locals, fromlist, level)
/g/data/xp65/public/apps/med_conda/envs/analysis3-26.07/lib/python3.12/site-packages/argopy/utils/lists.py:38: UserWarning: An error occurred while loading the ERDDAP data fetcher, it will not be available !
<class 'ImportError'>
cannot import name '_quote_string_constraints' from 'erddapy.erddapy' (/g/data/xp65/public/apps/med_conda/envs/analysis3-26.07/lib/python3.12/site-packages/erddapy/erddapy.py)
  warnings.warn(
/g/data/xp65/public/apps/med_conda/envs/analysis3-26.07/lib/python3.12/site-packages/argopy/utils/lists.py:50: UserWarning: An error occurred while loading the ArgoVis data fetcher, it will not be available !
<class 'ImportError'>
cannot import name '_quote_string_constraints' from 'erddapy.erddapy' (/g/data/xp65/public/apps/med_conda/envs/analysis3-26.07/lib/python3.12/site-packages/erddapy/erddapy.py)
  warnings.warn(
/g/data/xp65/public/apps/med_conda/envs/analysis3-26.07/lib/python3.12/site-packages/argopy/utils/lists.py:66: UserWarning: An error occurred while loading the GDAC data fetcher, it will not be available !
<class 'ImportError'>
cannot import name '_quote_string_constraints' from 'erddapy.erddapy' (/g/data/xp65/public/apps/med_conda/envs/analysis3-26.07/lib/python3.12/site-packages/erddapy/erddapy.py)
  warnings.warn(
/g/data/xp65/public/apps/med_conda/envs/analysis3-26.07/lib/python3.12/site-packages/argopy/utils/lists.py:91: UserWarning: An error occurred while loading the ERDDAP index fetcher, it will not be available !
<class 'ImportError'>
cannot import name '_quote_string_constraints' from 'erddapy.erddapy' (/g/data/xp65/public/apps/med_conda/envs/analysis3-26.07/lib/python3.12/site-packages/erddapy/erddapy.py)
  warnings.warn(
/g/data/xp65/public/apps/med_conda/envs/analysis3-26.07/lib/python3.12/site-packages/argopy/utils/lists.py:107: UserWarning: An error occurred while loading the GDAC index fetcher, it will not be available !
<class 'ImportError'>
cannot import name '_quote_string_constraints' from 'erddapy.erddapy' (/g/data/xp65/public/apps/med_conda/envs/analysis3-26.07/lib/python3.12/site-packages/erddapy/erddapy.py)
  warnings.warn(
/home/563/fm6730/.local/lib/python3.12/site-packages/xarray/backends/plugins.py:109: RuntimeWarning: Engine 'argo' loading failed:
cannot import name '_quote_string_constraints' from 'erddapy.erddapy' (/g/data/xp65/public/apps/med_conda/envs/analysis3-26.07/lib/python3.12/site-packages/erddapy/erddapy.py)
  external_backend_entrypoints = backends_dict_from_pkg(entrypoints_unique)
Traceback (most recent call last):
  File "/home/563/fm6730/.local/lib/python3.12/site-packages/xarray/backends/file_manager.py", line 219, in _acquire_with_cache_info
    file = self._cache[self._key]
           ~~~~~~~~~~~^^^^^^^^^^^
  File "/home/563/fm6730/.local/lib/python3.12/site-packages/xarray/backends/lru_cache.py", line 56, in __getitem__
    value = self._cache[key]
            ~~~~~~~~~~~^^^^^
KeyError: [<class 'netCDF4._netCDF4.Dataset'>, ('/home/563/fm6730/localrepo/wave_vertical_heating/data/derived/q1_vert_structure/access-s2/e03/da_q1q2_yanai_20160330_e03_remap.nc',), 'r', (('clobber', True), ('diskless', False), ('format', 'NETCDF4'), ('persist', False)), '478a3817-20be-4fe6-b96a-097b57e2dc30']

During handling of the above exception, another exception occurred:

Traceback (most recent call last):
  File "/home/563/fm6730/localrepo/wave_vertical_heating/scripts/utilities/compression_s2s_q1.py", line 14, in <module>
    ds = xr.open_dataset(file)
         ^^^^^^^^^^^^^^^^^^^^^
  File "/home/563/fm6730/.local/lib/python3.12/site-packages/xarray/backends/api.py", line 607, in open_dataset
    backend_ds = backend.open_dataset(
                 ^^^^^^^^^^^^^^^^^^^^^
  File "/home/563/fm6730/.local/lib/python3.12/site-packages/xarray/backends/netCDF4_.py", line 771, in open_dataset
    store = NetCDF4DataStore.open(
            ^^^^^^^^^^^^^^^^^^^^^^
  File "/home/563/fm6730/.local/lib/python3.12/site-packages/xarray/backends/netCDF4_.py", line 529, in open
    return cls(manager, group=group, mode=mode, lock=lock, autoclose=autoclose)
           ^^^^^^^^^^^^^^^^^^^^^^^^^^^^^^^^^^^^^^^^^^^^^^^^^^^^^^^^^^^^^^^^^^^^
  File "/home/563/fm6730/.local/lib/python3.12/site-packages/xarray/backends/netCDF4_.py", line 429, in __init__
    self.format = self.ds.data_model
                  ^^^^^^^
  File "/home/563/fm6730/.local/lib/python3.12/site-packages/xarray/backends/netCDF4_.py", line 538, in ds
    return self._acquire()
           ^^^^^^^^^^^^^^^
  File "/home/563/fm6730/.local/lib/python3.12/site-packages/xarray/backends/netCDF4_.py", line 532, in _acquire
    with self._manager.acquire_context(needs_lock) as root:
  File "/g/data/xp65/public/apps/med_conda/envs/analysis3-26.07/lib/python3.12/contextlib.py", line 137, in __enter__
    return next(self.gen)
           ^^^^^^^^^^^^^^
  File "/home/563/fm6730/.local/lib/python3.12/site-packages/xarray/backends/file_manager.py", line 207, in acquire_context
    file, cached = self._acquire_with_cache_info(needs_lock)
                   ^^^^^^^^^^^^^^^^^^^^^^^^^^^^^^^^^^^^^^^^^
  File "/home/563/fm6730/.local/lib/python3.12/site-packages/xarray/backends/file_manager.py", line 225, in _acquire_with_cache_info
    file = self._opener(*self._args, **kwargs)
           ^^^^^^^^^^^^^^^^^^^^^^^^^^^^^^^^^^^
  File "src/netCDF4/_netCDF4.pyx", line 2521, in netCDF4._netCDF4.Dataset.__init__
  File "src/netCDF4/_netCDF4.pyx", line 2158, in netCDF4._netCDF4._ensure_nc_success
FileNotFoundError: [Errno 2] No such file or directory: '/home/563/fm6730/localrepo/wave_vertical_heating/data/derived/q1_vert_structure/access-s2/e03/da_q1q2_yanai_20160330_e03_remap.nc'
/g/data/xp65/public/apps/med_conda/envs/analysis3-26.07/lib/python3.12/site-packages/sitecustomize.py:72: UserWarning: Pandas requires version '2.10.2' or newer of 'numexpr' (version '2.10.1' currently installed).
  mod = _real_import(name, globals, locals, fromlist, level)
/g/data/xp65/public/apps/med_conda/envs/analysis3-26.07/lib/python3.12/site-packages/argopy/utils/lists.py:38: UserWarning: An error occurred while loading the ERDDAP data fetcher, it will not be available !
<class 'ImportError'>
cannot import name '_quote_string_constraints' from 'erddapy.erddapy' (/g/data/xp65/public/apps/med_conda/envs/analysis3-26.07/lib/python3.12/site-packages/erddapy/erddapy.py)
  warnings.warn(
/g/data/xp65/public/apps/med_conda/envs/analysis3-26.07/lib/python3.12/site-packages/argopy/utils/lists.py:50: UserWarning: An error occurred while loading the ArgoVis data fetcher, it will not be available !
<class 'ImportError'>
cannot import name '_quote_string_constraints' from 'erddapy.erddapy' (/g/data/xp65/public/apps/med_conda/envs/analysis3-26.07/lib/python3.12/site-packages/erddapy/erddapy.py)
  warnings.warn(
/g/data/xp65/public/apps/med_conda/envs/analysis3-26.07/lib/python3.12/site-packages/argopy/utils/lists.py:66: UserWarning: An error occurred while loading the GDAC data fetcher, it will not be available !
<class 'ImportError'>
cannot import name '_quote_string_constraints' from 'erddapy.erddapy' (/g/data/xp65/public/apps/med_conda/envs/analysis3-26.07/lib/python3.12/site-packages/erddapy/erddapy.py)
  warnings.warn(
/g/data/xp65/public/apps/med_conda/envs/analysis3-26.07/lib/python3.12/site-packages/argopy/utils/lists.py:91: UserWarning: An error occurred while loading the ERDDAP index fetcher, it will not be available !
<class 'ImportError'>
cannot import name '_quote_string_constraints' from 'erddapy.erddapy' (/g/data/xp65/public/apps/med_conda/envs/analysis3-26.07/lib/python3.12/site-packages/erddapy/erddapy.py)
  warnings.warn(
/g/data/xp65/public/apps/med_conda/envs/analysis3-26.07/lib/python3.12/site-packages/argopy/utils/lists.py:107: UserWarning: An error occurred while loading the GDAC index fetcher, it will not be available !
<class 'ImportError'>
cannot import name '_quote_string_constraints' from 'erddapy.erddapy' (/g/data/xp65/public/apps/med_conda/envs/analysis3-26.07/lib/python3.12/site-packages/erddapy/erddapy.py)
  warnings.warn(
/home/563/fm6730/.local/lib/python3.12/site-packages/xarray/backends/plugins.py:109: RuntimeWarning: Engine 'argo' loading failed:
cannot import name '_quote_string_constraints' from 'erddapy.erddapy' (/g/data/xp65/public/apps/med_conda/envs/analysis3-26.07/lib/python3.12/site-packages/erddapy/erddapy.py)
  external_backend_entrypoints = backends_dict_from_pkg(entrypoints_unique)
Traceback (most recent call last):
  File "/home/563/fm6730/.local/lib/python3.12/site-packages/xarray/backends/file_manager.py", line 219, in _acquire_with_cache_info
    file = self._cache[self._key]
           ~~~~~~~~~~~^^^^^^^^^^^
  File "/home/563/fm6730/.local/lib/python3.12/site-packages/xarray/backends/lru_cache.py", line 56, in __getitem__
    value = self._cache[key]
            ~~~~~~~~~~~^^^^^
KeyError: [<class 'netCDF4._netCDF4.Dataset'>, ('/home/563/fm6730/localrepo/wave_vertical_heating/data/derived/q1_vert_structure/access-s2/e03/da_q1q2_yanai_20160229_e03_remap.nc',), 'r', (('clobber', True), ('diskless', False), ('format', 'NETCDF4'), ('persist', False)), 'fd877431-6fd3-416f-b585-adb822b5b0be']

During handling of the above exception, another exception occurred:

Traceback (most recent call last):
  File "/home/563/fm6730/localrepo/wave_vertical_heating/scripts/utilities/compression_s2s_q1.py", line 14, in <module>
    ds = xr.open_dataset(file)
         ^^^^^^^^^^^^^^^^^^^^^
  File "/home/563/fm6730/.local/lib/python3.12/site-packages/xarray/backends/api.py", line 607, in open_dataset
    backend_ds = backend.open_dataset(
                 ^^^^^^^^^^^^^^^^^^^^^
  File "/home/563/fm6730/.local/lib/python3.12/site-packages/xarray/backends/netCDF4_.py", line 771, in open_dataset
    store = NetCDF4DataStore.open(
            ^^^^^^^^^^^^^^^^^^^^^^
  File "/home/563/fm6730/.local/lib/python3.12/site-packages/xarray/backends/netCDF4_.py", line 529, in open
    return cls(manager, group=group, mode=mode, lock=lock, autoclose=autoclose)
           ^^^^^^^^^^^^^^^^^^^^^^^^^^^^^^^^^^^^^^^^^^^^^^^^^^^^^^^^^^^^^^^^^^^^
  File "/home/563/fm6730/.local/lib/python3.12/site-packages/xarray/backends/netCDF4_.py", line 429, in __init__
    self.format = self.ds.data_model
                  ^^^^^^^
  File "/home/563/fm6730/.local/lib/python3.12/site-packages/xarray/backends/netCDF4_.py", line 538, in ds
    return self._acquire()
           ^^^^^^^^^^^^^^^
  File "/home/563/fm6730/.local/lib/python3.12/site-packages/xarray/backends/netCDF4_.py", line 532, in _acquire
    with self._manager.acquire_context(needs_lock) as root:
  File "/g/data/xp65/public/apps/med_conda/envs/analysis3-26.07/lib/python3.12/contextlib.py", line 137, in __enter__
    return next(self.gen)
           ^^^^^^^^^^^^^^
  File "/home/563/fm6730/.local/lib/python3.12/site-packages/xarray/backends/file_manager.py", line 207, in acquire_context
    file, cached = self._acquire_with_cache_info(needs_lock)
                   ^^^^^^^^^^^^^^^^^^^^^^^^^^^^^^^^^^^^^^^^^
  File "/home/563/fm6730/.local/lib/python3.12/site-packages/xarray/backends/file_manager.py", line 225, in _acquire_with_cache_info
    file = self._opener(*self._args, **kwargs)
           ^^^^^^^^^^^^^^^^^^^^^^^^^^^^^^^^^^^
  File "src/netCDF4/_netCDF4.pyx", line 2521, in netCDF4._netCDF4.Dataset.__init__
  File "src/netCDF4/_netCDF4.pyx", line 2158, in netCDF4._netCDF4._ensure_nc_success
FileNotFoundError: [Errno 2] No such file or directory: '/home/563/fm6730/localrepo/wave_vertical_heating/data/derived/q1_vert_structure/access-s2/e03/da_q1q2_yanai_20160229_e03_remap.nc'
/g/data/xp65/public/apps/med_conda/envs/analysis3-26.07/lib/python3.12/site-packages/sitecustomize.py:72: UserWarning: Pandas requires version '2.10.2' or newer of 'numexpr' (version '2.10.1' currently installed).
  mod = _real_import(name, globals, locals, fromlist, level)
/g/data/xp65/public/apps/med_conda/envs/analysis3-26.07/lib/python3.12/site-packages/argopy/utils/lists.py:38: UserWarning: An error occurred while loading the ERDDAP data fetcher, it will not be available !
<class 'ImportError'>
cannot import name '_quote_string_constraints' from 'erddapy.erddapy' (/g/data/xp65/public/apps/med_conda/envs/analysis3-26.07/lib/python3.12/site-packages/erddapy/erddapy.py)
  warnings.warn(
/g/data/xp65/public/apps/med_conda/envs/analysis3-26.07/lib/python3.12/site-packages/argopy/utils/lists.py:50: UserWarning: An error occurred while loading the ArgoVis data fetcher, it will not be available !
<class 'ImportError'>
cannot import name '_quote_string_constraints' from 'erddapy.erddapy' (/g/data/xp65/public/apps/med_conda/envs/analysis3-26.07/lib/python3.12/site-packages/erddapy/erddapy.py)
  warnings.warn(
/g/data/xp65/public/apps/med_conda/envs/analysis3-26.07/lib/python3.12/site-packages/argopy/utils/lists.py:66: UserWarning: An error occurred while loading the GDAC data fetcher, it will not be available !
<class 'ImportError'>
cannot import name '_quote_string_constraints' from 'erddapy.erddapy' (/g/data/xp65/public/apps/med_conda/envs/analysis3-26.07/lib/python3.12/site-packages/erddapy/erddapy.py)
  warnings.warn(
/g/data/xp65/public/apps/med_conda/envs/analysis3-26.07/lib/python3.12/site-packages/argopy/utils/lists.py:91: UserWarning: An error occurred while loading the ERDDAP index fetcher, it will not be available !
<class 'ImportError'>
cannot import name '_quote_string_constraints' from 'erddapy.erddapy' (/g/data/xp65/public/apps/med_conda/envs/analysis3-26.07/lib/python3.12/site-packages/erddapy/erddapy.py)
  warnings.warn(
/g/data/xp65/public/apps/med_conda/envs/analysis3-26.07/lib/python3.12/site-packages/argopy/utils/lists.py:107: UserWarning: An error occurred while loading the GDAC index fetcher, it will not be available !
<class 'ImportError'>
cannot import name '_quote_string_constraints' from 'erddapy.erddapy' (/g/data/xp65/public/apps/med_conda/envs/analysis3-26.07/lib/python3.12/site-packages/erddapy/erddapy.py)
  warnings.warn(
/home/563/fm6730/.local/lib/python3.12/site-packages/xarray/backends/plugins.py:109: RuntimeWarning: Engine 'argo' loading failed:
cannot import name '_quote_string_constraints' from 'erddapy.erddapy' (/g/data/xp65/public/apps/med_conda/envs/analysis3-26.07/lib/python3.12/site-packages/erddapy/erddapy.py)
  external_backend_entrypoints = backends_dict_from_pkg(entrypoints_unique)
Traceback (most recent call last):
  File "/home/563/fm6730/.local/lib/python3.12/site-packages/xarray/backends/file_manager.py", line 219, in _acquire_with_cache_info
    file = self._cache[self._key]
           ~~~~~~~~~~~^^^^^^^^^^^
  File "/home/563/fm6730/.local/lib/python3.12/site-packages/xarray/backends/lru_cache.py", line 56, in __getitem__
    value = self._cache[key]
            ~~~~~~~~~~~^^^^^
KeyError: [<class 'netCDF4._netCDF4.Dataset'>, ('/home/563/fm6730/localrepo/wave_vertical_heating/data/derived/q1_vert_structure/access-s2/e03/da_q1q2_yanai_20160331_e03_remap.nc',), 'r', (('clobber', True), ('diskless', False), ('format', 'NETCDF4'), ('persist', False)), 'd94bbe30-d680-4385-9728-04916805ca55']

During handling of the above exception, another exception occurred:

Traceback (most recent call last):
  File "/home/563/fm6730/localrepo/wave_vertical_heating/scripts/utilities/compression_s2s_q1.py", line 14, in <module>
    ds = xr.open_dataset(file)
         ^^^^^^^^^^^^^^^^^^^^^
  File "/home/563/fm6730/.local/lib/python3.12/site-packages/xarray/backends/api.py", line 607, in open_dataset
    backend_ds = backend.open_dataset(
                 ^^^^^^^^^^^^^^^^^^^^^
  File "/home/563/fm6730/.local/lib/python3.12/site-packages/xarray/backends/netCDF4_.py", line 771, in open_dataset
    store = NetCDF4DataStore.open(
            ^^^^^^^^^^^^^^^^^^^^^^
  File "/home/563/fm6730/.local/lib/python3.12/site-packages/xarray/backends/netCDF4_.py", line 529, in open
    return cls(manager, group=group, mode=mode, lock=lock, autoclose=autoclose)
           ^^^^^^^^^^^^^^^^^^^^^^^^^^^^^^^^^^^^^^^^^^^^^^^^^^^^^^^^^^^^^^^^^^^^
  File "/home/563/fm6730/.local/lib/python3.12/site-packages/xarray/backends/netCDF4_.py", line 429, in __init__
    self.format = self.ds.data_model
                  ^^^^^^^
  File "/home/563/fm6730/.local/lib/python3.12/site-packages/xarray/backends/netCDF4_.py", line 538, in ds
    return self._acquire()
           ^^^^^^^^^^^^^^^
  File "/home/563/fm6730/.local/lib/python3.12/site-packages/xarray/backends/netCDF4_.py", line 532, in _acquire
    with self._manager.acquire_context(needs_lock) as root:
  File "/g/data/xp65/public/apps/med_conda/envs/analysis3-26.07/lib/python3.12/contextlib.py", line 137, in __enter__
    return next(self.gen)
           ^^^^^^^^^^^^^^
  File "/home/563/fm6730/.local/lib/python3.12/site-packages/xarray/backends/file_manager.py", line 207, in acquire_context
    file, cached = self._acquire_with_cache_info(needs_lock)
                   ^^^^^^^^^^^^^^^^^^^^^^^^^^^^^^^^^^^^^^^^^
  File "/home/563/fm6730/.local/lib/python3.12/site-packages/xarray/backends/file_manager.py", line 225, in _acquire_with_cache_info
    file = self._opener(*self._args, **kwargs)
           ^^^^^^^^^^^^^^^^^^^^^^^^^^^^^^^^^^^
  File "src/netCDF4/_netCDF4.pyx", line 2521, in netCDF4._netCDF4.Dataset.__init__
  File "src/netCDF4/_netCDF4.pyx", line 2158, in netCDF4._netCDF4._ensure_nc_success
FileNotFoundError: [Errno 2] No such file or directory: '/home/563/fm6730/localrepo/wave_vertical_heating/data/derived/q1_vert_structure/access-s2/e03/da_q1q2_yanai_20160331_e03_remap.nc'
/g/data/xp65/public/apps/med_conda/envs/analysis3-26.07/lib/python3.12/site-packages/sitecustomize.py:72: UserWarning: Pandas requires version '2.10.2' or newer of 'numexpr' (version '2.10.1' currently installed).
  mod = _real_import(name, globals, locals, fromlist, level)
/g/data/xp65/public/apps/med_conda/envs/analysis3-26.07/lib/python3.12/site-packages/argopy/utils/lists.py:38: UserWarning: An error occurred while loading the ERDDAP data fetcher, it will not be available !
<class 'ImportError'>
cannot import name '_quote_string_constraints' from 'erddapy.erddapy' (/g/data/xp65/public/apps/med_conda/envs/analysis3-26.07/lib/python3.12/site-packages/erddapy/erddapy.py)
  warnings.warn(
/g/data/xp65/public/apps/med_conda/envs/analysis3-26.07/lib/python3.12/site-packages/argopy/utils/lists.py:50: UserWarning: An error occurred while loading the ArgoVis data fetcher, it will not be available !
<class 'ImportError'>
cannot import name '_quote_string_constraints' from 'erddapy.erddapy' (/g/data/xp65/public/apps/med_conda/envs/analysis3-26.07/lib/python3.12/site-packages/erddapy/erddapy.py)
  warnings.warn(
/g/data/xp65/public/apps/med_conda/envs/analysis3-26.07/lib/python3.12/site-packages/argopy/utils/lists.py:66: UserWarning: An error occurred while loading the GDAC data fetcher, it will not be available !
<class 'ImportError'>
cannot import name '_quote_string_constraints' from 'erddapy.erddapy' (/g/data/xp65/public/apps/med_conda/envs/analysis3-26.07/lib/python3.12/site-packages/erddapy/erddapy.py)
  warnings.warn(
/g/data/xp65/public/apps/med_conda/envs/analysis3-26.07/lib/python3.12/site-packages/argopy/utils/lists.py:91: UserWarning: An error occurred while loading the ERDDAP index fetcher, it will not be available !
<class 'ImportError'>
cannot import name '_quote_string_constraints' from 'erddapy.erddapy' (/g/data/xp65/public/apps/med_conda/envs/analysis3-26.07/lib/python3.12/site-packages/erddapy/erddapy.py)
  warnings.warn(
/g/data/xp65/public/apps/med_conda/envs/analysis3-26.07/lib/python3.12/site-packages/argopy/utils/lists.py:107: UserWarning: An error occurred while loading the GDAC index fetcher, it will not be available !
<class 'ImportError'>
cannot import name '_quote_string_constraints' from 'erddapy.erddapy' (/g/data/xp65/public/apps/med_conda/envs/analysis3-26.07/lib/python3.12/site-packages/erddapy/erddapy.py)
  warnings.warn(
/home/563/fm6730/.local/lib/python3.12/site-packages/xarray/backends/plugins.py:109: RuntimeWarning: Engine 'argo' loading failed:
cannot import name '_quote_string_constraints' from 'erddapy.erddapy' (/g/data/xp65/public/apps/med_conda/envs/analysis3-26.07/lib/python3.12/site-packages/erddapy/erddapy.py)
  external_backend_entrypoints = backends_dict_from_pkg(entrypoints_unique)
Traceback (most recent call last):
  File "/home/563/fm6730/.local/lib/python3.12/site-packages/xarray/backends/file_manager.py", line 219, in _acquire_with_cache_info
    file = self._cache[self._key]
           ~~~~~~~~~~~^^^^^^^^^^^
  File "/home/563/fm6730/.local/lib/python3.12/site-packages/xarray/backends/lru_cache.py", line 56, in __getitem__
    value = self._cache[key]
            ~~~~~~~~~~~^^^^^
KeyError: [<class 'netCDF4._netCDF4.Dataset'>, ('/home/563/fm6730/localrepo/wave_vertical_heating/data/derived/q1_vert_structure/access-s2/e03/da_q1q2_yanai_20160401_e03_remap.nc',), 'r', (('clobber', True), ('diskless', False), ('format', 'NETCDF4'), ('persist', False)), '02d8da6b-187e-48b9-ab2a-00bf03d1caf5']

During handling of the above exception, another exception occurred:

Traceback (most recent call last):
  File "/home/563/fm6730/localrepo/wave_vertical_heating/scripts/utilities/compression_s2s_q1.py", line 14, in <module>
    ds = xr.open_dataset(file)
         ^^^^^^^^^^^^^^^^^^^^^
  File "/home/563/fm6730/.local/lib/python3.12/site-packages/xarray/backends/api.py", line 607, in open_dataset
    backend_ds = backend.open_dataset(
                 ^^^^^^^^^^^^^^^^^^^^^
  File "/home/563/fm6730/.local/lib/python3.12/site-packages/xarray/backends/netCDF4_.py", line 771, in open_dataset
    store = NetCDF4DataStore.open(
            ^^^^^^^^^^^^^^^^^^^^^^
  File "/home/563/fm6730/.local/lib/python3.12/site-packages/xarray/backends/netCDF4_.py", line 529, in open
    return cls(manager, group=group, mode=mode, lock=lock, autoclose=autoclose)
           ^^^^^^^^^^^^^^^^^^^^^^^^^^^^^^^^^^^^^^^^^^^^^^^^^^^^^^^^^^^^^^^^^^^^
  File "/home/563/fm6730/.local/lib/python3.12/site-packages/xarray/backends/netCDF4_.py", line 429, in __init__
    self.format = self.ds.data_model
                  ^^^^^^^
  File "/home/563/fm6730/.local/lib/python3.12/site-packages/xarray/backends/netCDF4_.py", line 538, in ds
    return self._acquire()
           ^^^^^^^^^^^^^^^
  File "/home/563/fm6730/.local/lib/python3.12/site-packages/xarray/backends/netCDF4_.py", line 532, in _acquire
    with self._manager.acquire_context(needs_lock) as root:
  File "/g/data/xp65/public/apps/med_conda/envs/analysis3-26.07/lib/python3.12/contextlib.py", line 137, in __enter__
    return next(self.gen)
           ^^^^^^^^^^^^^^
  File "/home/563/fm6730/.local/lib/python3.12/site-packages/xarray/backends/file_manager.py", line 207, in acquire_context
    file, cached = self._acquire_with_cache_info(needs_lock)
                   ^^^^^^^^^^^^^^^^^^^^^^^^^^^^^^^^^^^^^^^^^
  File "/home/563/fm6730/.local/lib/python3.12/site-packages/xarray/backends/file_manager.py", line 225, in _acquire_with_cache_info
    file = self._opener(*self._args, **kwargs)
           ^^^^^^^^^^^^^^^^^^^^^^^^^^^^^^^^^^^
  File "src/netCDF4/_netCDF4.pyx", line 2521, in netCDF4._netCDF4.Dataset.__init__
  File "src/netCDF4/_netCDF4.pyx", line 2158, in netCDF4._netCDF4._ensure_nc_success
FileNotFoundError: [Errno 2] No such file or directory: '/home/563/fm6730/localrepo/wave_vertical_heating/data/derived/q1_vert_structure/access-s2/e03/da_q1q2_yanai_20160401_e03_remap.nc'
/g/data/xp65/public/apps/med_conda/envs/analysis3-26.07/lib/python3.12/site-packages/sitecustomize.py:72: UserWarning: Pandas requires version '2.10.2' or newer of 'numexpr' (version '2.10.1' currently installed).
  mod = _real_import(name, globals, locals, fromlist, level)
/g/data/xp65/public/apps/med_conda/envs/analysis3-26.07/lib/python3.12/site-packages/argopy/utils/lists.py:38: UserWarning: An error occurred while loading the ERDDAP data fetcher, it will not be available !
<class 'ImportError'>
cannot import name '_quote_string_constraints' from 'erddapy.erddapy' (/g/data/xp65/public/apps/med_conda/envs/analysis3-26.07/lib/python3.12/site-packages/erddapy/erddapy.py)
  warnings.warn(
/g/data/xp65/public/apps/med_conda/envs/analysis3-26.07/lib/python3.12/site-packages/argopy/utils/lists.py:50: UserWarning: An error occurred while loading the ArgoVis data fetcher, it will not be available !
<class 'ImportError'>
cannot import name '_quote_string_constraints' from 'erddapy.erddapy' (/g/data/xp65/public/apps/med_conda/envs/analysis3-26.07/lib/python3.12/site-packages/erddapy/erddapy.py)
  warnings.warn(
/g/data/xp65/public/apps/med_conda/envs/analysis3-26.07/lib/python3.12/site-packages/argopy/utils/lists.py:66: UserWarning: An error occurred while loading the GDAC data fetcher, it will not be available !
<class 'ImportError'>
cannot import name '_quote_string_constraints' from 'erddapy.erddapy' (/g/data/xp65/public/apps/med_conda/envs/analysis3-26.07/lib/python3.12/site-packages/erddapy/erddapy.py)
  warnings.warn(
/g/data/xp65/public/apps/med_conda/envs/analysis3-26.07/lib/python3.12/site-packages/argopy/utils/lists.py:91: UserWarning: An error occurred while loading the ERDDAP index fetcher, it will not be available !
<class 'ImportError'>
cannot import name '_quote_string_constraints' from 'erddapy.erddapy' (/g/data/xp65/public/apps/med_conda/envs/analysis3-26.07/lib/python3.12/site-packages/erddapy/erddapy.py)
  warnings.warn(
/g/data/xp65/public/apps/med_conda/envs/analysis3-26.07/lib/python3.12/site-packages/argopy/utils/lists.py:107: UserWarning: An error occurred while loading the GDAC index fetcher, it will not be available !
<class 'ImportError'>
cannot import name '_quote_string_constraints' from 'erddapy.erddapy' (/g/data/xp65/public/apps/med_conda/envs/analysis3-26.07/lib/python3.12/site-packages/erddapy/erddapy.py)
  warnings.warn(
/home/563/fm6730/.local/lib/python3.12/site-packages/xarray/backends/plugins.py:109: RuntimeWarning: Engine 'argo' loading failed:
cannot import name '_quote_string_constraints' from 'erddapy.erddapy' (/g/data/xp65/public/apps/med_conda/envs/analysis3-26.07/lib/python3.12/site-packages/erddapy/erddapy.py)
  external_backend_entrypoints = backends_dict_from_pkg(entrypoints_unique)
Traceback (most recent call last):
  File "/home/563/fm6730/.local/lib/python3.12/site-packages/xarray/backends/file_manager.py", line 219, in _acquire_with_cache_info
    file = self._cache[self._key]
           ~~~~~~~~~~~^^^^^^^^^^^
  File "/home/563/fm6730/.local/lib/python3.12/site-packages/xarray/backends/lru_cache.py", line 56, in __getitem__
    value = self._cache[key]
            ~~~~~~~~~~~^^^^^
KeyError: [<class 'netCDF4._netCDF4.Dataset'>, ('/home/563/fm6730/localrepo/wave_vertical_heating/data/derived/q1_vert_structure/access-s2/e03/da_q1q2_yanai_20160530_e03_remap.nc',), 'r', (('clobber', True), ('diskless', False), ('format', 'NETCDF4'), ('persist', False)), 'e0ba56b9-d99a-44d6-adde-6be196d978ac']

During handling of the above exception, another exception occurred:

Traceback (most recent call last):
  File "/home/563/fm6730/localrepo/wave_vertical_heating/scripts/utilities/compression_s2s_q1.py", line 14, in <module>
    ds = xr.open_dataset(file)
         ^^^^^^^^^^^^^^^^^^^^^
  File "/home/563/fm6730/.local/lib/python3.12/site-packages/xarray/backends/api.py", line 607, in open_dataset
    backend_ds = backend.open_dataset(
                 ^^^^^^^^^^^^^^^^^^^^^
  File "/home/563/fm6730/.local/lib/python3.12/site-packages/xarray/backends/netCDF4_.py", line 771, in open_dataset
    store = NetCDF4DataStore.open(
            ^^^^^^^^^^^^^^^^^^^^^^
  File "/home/563/fm6730/.local/lib/python3.12/site-packages/xarray/backends/netCDF4_.py", line 529, in open
    return cls(manager, group=group, mode=mode, lock=lock, autoclose=autoclose)
           ^^^^^^^^^^^^^^^^^^^^^^^^^^^^^^^^^^^^^^^^^^^^^^^^^^^^^^^^^^^^^^^^^^^^
  File "/home/563/fm6730/.local/lib/python3.12/site-packages/xarray/backends/netCDF4_.py", line 429, in __init__
    self.format = self.ds.data_model
                  ^^^^^^^
  File "/home/563/fm6730/.local/lib/python3.12/site-packages/xarray/backends/netCDF4_.py", line 538, in ds
    return self._acquire()
           ^^^^^^^^^^^^^^^
  File "/home/563/fm6730/.local/lib/python3.12/site-packages/xarray/backends/netCDF4_.py", line 532, in _acquire
    with self._manager.acquire_context(needs_lock) as root:
  File "/g/data/xp65/public/apps/med_conda/envs/analysis3-26.07/lib/python3.12/contextlib.py", line 137, in __enter__
    return next(self.gen)
           ^^^^^^^^^^^^^^
  File "/home/563/fm6730/.local/lib/python3.12/site-packages/xarray/backends/file_manager.py", line 207, in acquire_context
    file, cached = self._acquire_with_cache_info(needs_lock)
                   ^^^^^^^^^^^^^^^^^^^^^^^^^^^^^^^^^^^^^^^^^
  File "/home/563/fm6730/.local/lib/python3.12/site-packages/xarray/backends/file_manager.py", line 225, in _acquire_with_cache_info
    file = self._opener(*self._args, **kwargs)
           ^^^^^^^^^^^^^^^^^^^^^^^^^^^^^^^^^^^
  File "src/netCDF4/_netCDF4.pyx", line 2521, in netCDF4._netCDF4.Dataset.__init__
  File "src/netCDF4/_netCDF4.pyx", line 2158, in netCDF4._netCDF4._ensure_nc_success
FileNotFoundError: [Errno 2] No such file or directory: '/home/563/fm6730/localrepo/wave_vertical_heating/data/derived/q1_vert_structure/access-s2/e03/da_q1q2_yanai_20160530_e03_remap.nc'
/g/data/xp65/public/apps/med_conda/envs/analysis3-26.07/lib/python3.12/site-packages/sitecustomize.py:72: UserWarning: Pandas requires version '2.10.2' or newer of 'numexpr' (version '2.10.1' currently installed).
  mod = _real_import(name, globals, locals, fromlist, level)
/g/data/xp65/public/apps/med_conda/envs/analysis3-26.07/lib/python3.12/site-packages/argopy/utils/lists.py:38: UserWarning: An error occurred while loading the ERDDAP data fetcher, it will not be available !
<class 'ImportError'>
cannot import name '_quote_string_constraints' from 'erddapy.erddapy' (/g/data/xp65/public/apps/med_conda/envs/analysis3-26.07/lib/python3.12/site-packages/erddapy/erddapy.py)
  warnings.warn(
/g/data/xp65/public/apps/med_conda/envs/analysis3-26.07/lib/python3.12/site-packages/argopy/utils/lists.py:50: UserWarning: An error occurred while loading the ArgoVis data fetcher, it will not be available !
<class 'ImportError'>
cannot import name '_quote_string_constraints' from 'erddapy.erddapy' (/g/data/xp65/public/apps/med_conda/envs/analysis3-26.07/lib/python3.12/site-packages/erddapy/erddapy.py)
  warnings.warn(
/g/data/xp65/public/apps/med_conda/envs/analysis3-26.07/lib/python3.12/site-packages/argopy/utils/lists.py:66: UserWarning: An error occurred while loading the GDAC data fetcher, it will not be available !
<class 'ImportError'>
cannot import name '_quote_string_constraints' from 'erddapy.erddapy' (/g/data/xp65/public/apps/med_conda/envs/analysis3-26.07/lib/python3.12/site-packages/erddapy/erddapy.py)
  warnings.warn(
/g/data/xp65/public/apps/med_conda/envs/analysis3-26.07/lib/python3.12/site-packages/argopy/utils/lists.py:91: UserWarning: An error occurred while loading the ERDDAP index fetcher, it will not be available !
<class 'ImportError'>
cannot import name '_quote_string_constraints' from 'erddapy.erddapy' (/g/data/xp65/public/apps/med_conda/envs/analysis3-26.07/lib/python3.12/site-packages/erddapy/erddapy.py)
  warnings.warn(
/g/data/xp65/public/apps/med_conda/envs/analysis3-26.07/lib/python3.12/site-packages/argopy/utils/lists.py:107: UserWarning: An error occurred while loading the GDAC index fetcher, it will not be available !
<class 'ImportError'>
cannot import name '_quote_string_constraints' from 'erddapy.erddapy' (/g/data/xp65/public/apps/med_conda/envs/analysis3-26.07/lib/python3.12/site-packages/erddapy/erddapy.py)
  warnings.warn(
/home/563/fm6730/.local/lib/python3.12/site-packages/xarray/backends/plugins.py:109: RuntimeWarning: Engine 'argo' loading failed:
cannot import name '_quote_string_constraints' from 'erddapy.erddapy' (/g/data/xp65/public/apps/med_conda/envs/analysis3-26.07/lib/python3.12/site-packages/erddapy/erddapy.py)
  external_backend_entrypoints = backends_dict_from_pkg(entrypoints_unique)
Traceback (most recent call last):
  File "/home/563/fm6730/.local/lib/python3.12/site-packages/xarray/backends/file_manager.py", line 219, in _acquire_with_cache_info
    file = self._cache[self._key]
           ~~~~~~~~~~~^^^^^^^^^^^
  File "/home/563/fm6730/.local/lib/python3.12/site-packages/xarray/backends/lru_cache.py", line 56, in __getitem__
    value = self._cache[key]
            ~~~~~~~~~~~^^^^^
KeyError: [<class 'netCDF4._netCDF4.Dataset'>, ('/home/563/fm6730/localrepo/wave_vertical_heating/data/derived/q1_vert_structure/access-s2/e03/da_q1q2_yanai_20160429_e03_remap.nc',), 'r', (('clobber', True), ('diskless', False), ('format', 'NETCDF4'), ('persist', False)), 'bf91c947-d18d-427b-83a1-db09b875d3bc']

During handling of the above exception, another exception occurred:

Traceback (most recent call last):
  File "/home/563/fm6730/localrepo/wave_vertical_heating/scripts/utilities/compression_s2s_q1.py", line 14, in <module>
    ds = xr.open_dataset(file)
         ^^^^^^^^^^^^^^^^^^^^^
  File "/home/563/fm6730/.local/lib/python3.12/site-packages/xarray/backends/api.py", line 607, in open_dataset
    backend_ds = backend.open_dataset(
                 ^^^^^^^^^^^^^^^^^^^^^
  File "/home/563/fm6730/.local/lib/python3.12/site-packages/xarray/backends/netCDF4_.py", line 771, in open_dataset
    store = NetCDF4DataStore.open(
            ^^^^^^^^^^^^^^^^^^^^^^
  File "/home/563/fm6730/.local/lib/python3.12/site-packages/xarray/backends/netCDF4_.py", line 529, in open
    return cls(manager, group=group, mode=mode, lock=lock, autoclose=autoclose)
           ^^^^^^^^^^^^^^^^^^^^^^^^^^^^^^^^^^^^^^^^^^^^^^^^^^^^^^^^^^^^^^^^^^^^
  File "/home/563/fm6730/.local/lib/python3.12/site-packages/xarray/backends/netCDF4_.py", line 429, in __init__
    self.format = self.ds.data_model
                  ^^^^^^^
  File "/home/563/fm6730/.local/lib/python3.12/site-packages/xarray/backends/netCDF4_.py", line 538, in ds
    return self._acquire()
           ^^^^^^^^^^^^^^^
  File "/home/563/fm6730/.local/lib/python3.12/site-packages/xarray/backends/netCDF4_.py", line 532, in _acquire
    with self._manager.acquire_context(needs_lock) as root:
  File "/g/data/xp65/public/apps/med_conda/envs/analysis3-26.07/lib/python3.12/contextlib.py", line 137, in __enter__
    return next(self.gen)
           ^^^^^^^^^^^^^^
  File "/home/563/fm6730/.local/lib/python3.12/site-packages/xarray/backends/file_manager.py", line 207, in acquire_context
    file, cached = self._acquire_with_cache_info(needs_lock)
                   ^^^^^^^^^^^^^^^^^^^^^^^^^^^^^^^^^^^^^^^^^
  File "/home/563/fm6730/.local/lib/python3.12/site-packages/xarray/backends/file_manager.py", line 225, in _acquire_with_cache_info
    file = self._opener(*self._args, **kwargs)
           ^^^^^^^^^^^^^^^^^^^^^^^^^^^^^^^^^^^
  File "src/netCDF4/_netCDF4.pyx", line 2521, in netCDF4._netCDF4.Dataset.__init__
  File "src/netCDF4/_netCDF4.pyx", line 2158, in netCDF4._netCDF4._ensure_nc_success
FileNotFoundError: [Errno 2] No such file or directory: '/home/563/fm6730/localrepo/wave_vertical_heating/data/derived/q1_vert_structure/access-s2/e03/da_q1q2_yanai_20160429_e03_remap.nc'
/g/data/xp65/public/apps/med_conda/envs/analysis3-26.07/lib/python3.12/site-packages/sitecustomize.py:72: UserWarning: Pandas requires version '2.10.2' or newer of 'numexpr' (version '2.10.1' currently installed).
  mod = _real_import(name, globals, locals, fromlist, level)
/g/data/xp65/public/apps/med_conda/envs/analysis3-26.07/lib/python3.12/site-packages/argopy/utils/lists.py:38: UserWarning: An error occurred while loading the ERDDAP data fetcher, it will not be available !
<class 'ImportError'>
cannot import name '_quote_string_constraints' from 'erddapy.erddapy' (/g/data/xp65/public/apps/med_conda/envs/analysis3-26.07/lib/python3.12/site-packages/erddapy/erddapy.py)
  warnings.warn(
/g/data/xp65/public/apps/med_conda/envs/analysis3-26.07/lib/python3.12/site-packages/argopy/utils/lists.py:50: UserWarning: An error occurred while loading the ArgoVis data fetcher, it will not be available !
<class 'ImportError'>
cannot import name '_quote_string_constraints' from 'erddapy.erddapy' (/g/data/xp65/public/apps/med_conda/envs/analysis3-26.07/lib/python3.12/site-packages/erddapy/erddapy.py)
  warnings.warn(
/g/data/xp65/public/apps/med_conda/envs/analysis3-26.07/lib/python3.12/site-packages/argopy/utils/lists.py:66: UserWarning: An error occurred while loading the GDAC data fetcher, it will not be available !
<class 'ImportError'>
cannot import name '_quote_string_constraints' from 'erddapy.erddapy' (/g/data/xp65/public/apps/med_conda/envs/analysis3-26.07/lib/python3.12/site-packages/erddapy/erddapy.py)
  warnings.warn(
/g/data/xp65/public/apps/med_conda/envs/analysis3-26.07/lib/python3.12/site-packages/argopy/utils/lists.py:91: UserWarning: An error occurred while loading the ERDDAP index fetcher, it will not be available !
<class 'ImportError'>
cannot import name '_quote_string_constraints' from 'erddapy.erddapy' (/g/data/xp65/public/apps/med_conda/envs/analysis3-26.07/lib/python3.12/site-packages/erddapy/erddapy.py)
  warnings.warn(
/g/data/xp65/public/apps/med_conda/envs/analysis3-26.07/lib/python3.12/site-packages/argopy/utils/lists.py:107: UserWarning: An error occurred while loading the GDAC index fetcher, it will not be available !
<class 'ImportError'>
cannot import name '_quote_string_constraints' from 'erddapy.erddapy' (/g/data/xp65/public/apps/med_conda/envs/analysis3-26.07/lib/python3.12/site-packages/erddapy/erddapy.py)
  warnings.warn(
/home/563/fm6730/.local/lib/python3.12/site-packages/xarray/backends/plugins.py:109: RuntimeWarning: Engine 'argo' loading failed:
cannot import name '_quote_string_constraints' from 'erddapy.erddapy' (/g/data/xp65/public/apps/med_conda/envs/analysis3-26.07/lib/python3.12/site-packages/erddapy/erddapy.py)
  external_backend_entrypoints = backends_dict_from_pkg(entrypoints_unique)
Traceback (most recent call last):
  File "/home/563/fm6730/.local/lib/python3.12/site-packages/xarray/backends/file_manager.py", line 219, in _acquire_with_cache_info
    file = self._cache[self._key]
           ~~~~~~~~~~~^^^^^^^^^^^
  File "/home/563/fm6730/.local/lib/python3.12/site-packages/xarray/backends/lru_cache.py", line 56, in __getitem__
    value = self._cache[key]
            ~~~~~~~~~~~^^^^^
KeyError: [<class 'netCDF4._netCDF4.Dataset'>, ('/home/563/fm6730/localrepo/wave_vertical_heating/data/derived/q1_vert_structure/access-s2/e03/da_q1q2_yanai_20160430_e03_remap.nc',), 'r', (('clobber', True), ('diskless', False), ('format', 'NETCDF4'), ('persist', False)), '7906fa95-07fa-48c4-8102-a9a89678fc31']

During handling of the above exception, another exception occurred:

Traceback (most recent call last):
  File "/home/563/fm6730/localrepo/wave_vertical_heating/scripts/utilities/compression_s2s_q1.py", line 14, in <module>
    ds = xr.open_dataset(file)
         ^^^^^^^^^^^^^^^^^^^^^
  File "/home/563/fm6730/.local/lib/python3.12/site-packages/xarray/backends/api.py", line 607, in open_dataset
    backend_ds = backend.open_dataset(
                 ^^^^^^^^^^^^^^^^^^^^^
  File "/home/563/fm6730/.local/lib/python3.12/site-packages/xarray/backends/netCDF4_.py", line 771, in open_dataset
    store = NetCDF4DataStore.open(
            ^^^^^^^^^^^^^^^^^^^^^^
  File "/home/563/fm6730/.local/lib/python3.12/site-packages/xarray/backends/netCDF4_.py", line 529, in open
    return cls(manager, group=group, mode=mode, lock=lock, autoclose=autoclose)
           ^^^^^^^^^^^^^^^^^^^^^^^^^^^^^^^^^^^^^^^^^^^^^^^^^^^^^^^^^^^^^^^^^^^^
  File "/home/563/fm6730/.local/lib/python3.12/site-packages/xarray/backends/netCDF4_.py", line 429, in __init__
    self.format = self.ds.data_model
                  ^^^^^^^
  File "/home/563/fm6730/.local/lib/python3.12/site-packages/xarray/backends/netCDF4_.py", line 538, in ds
    return self._acquire()
           ^^^^^^^^^^^^^^^
  File "/home/563/fm6730/.local/lib/python3.12/site-packages/xarray/backends/netCDF4_.py", line 532, in _acquire
    with self._manager.acquire_context(needs_lock) as root:
  File "/g/data/xp65/public/apps/med_conda/envs/analysis3-26.07/lib/python3.12/contextlib.py", line 137, in __enter__
    return next(self.gen)
           ^^^^^^^^^^^^^^
  File "/home/563/fm6730/.local/lib/python3.12/site-packages/xarray/backends/file_manager.py", line 207, in acquire_context
    file, cached = self._acquire_with_cache_info(needs_lock)
                   ^^^^^^^^^^^^^^^^^^^^^^^^^^^^^^^^^^^^^^^^^
  File "/home/563/fm6730/.local/lib/python3.12/site-packages/xarray/backends/file_manager.py", line 225, in _acquire_with_cache_info
    file = self._opener(*self._args, **kwargs)
           ^^^^^^^^^^^^^^^^^^^^^^^^^^^^^^^^^^^
  File "src/netCDF4/_netCDF4.pyx", line 2521, in netCDF4._netCDF4.Dataset.__init__
  File "src/netCDF4/_netCDF4.pyx", line 2158, in netCDF4._netCDF4._ensure_nc_success
FileNotFoundError: [Errno 2] No such file or directory: '/home/563/fm6730/localrepo/wave_vertical_heating/data/derived/q1_vert_structure/access-s2/e03/da_q1q2_yanai_20160430_e03_remap.nc'
/g/data/xp65/public/apps/med_conda/envs/analysis3-26.07/lib/python3.12/site-packages/sitecustomize.py:72: UserWarning: Pandas requires version '2.10.2' or newer of 'numexpr' (version '2.10.1' currently installed).
  mod = _real_import(name, globals, locals, fromlist, level)
/g/data/xp65/public/apps/med_conda/envs/analysis3-26.07/lib/python3.12/site-packages/argopy/utils/lists.py:38: UserWarning: An error occurred while loading the ERDDAP data fetcher, it will not be available !
<class 'ImportError'>
cannot import name '_quote_string_constraints' from 'erddapy.erddapy' (/g/data/xp65/public/apps/med_conda/envs/analysis3-26.07/lib/python3.12/site-packages/erddapy/erddapy.py)
  warnings.warn(
/g/data/xp65/public/apps/med_conda/envs/analysis3-26.07/lib/python3.12/site-packages/argopy/utils/lists.py:50: UserWarning: An error occurred while loading the ArgoVis data fetcher, it will not be available !
<class 'ImportError'>
cannot import name '_quote_string_constraints' from 'erddapy.erddapy' (/g/data/xp65/public/apps/med_conda/envs/analysis3-26.07/lib/python3.12/site-packages/erddapy/erddapy.py)
  warnings.warn(
/g/data/xp65/public/apps/med_conda/envs/analysis3-26.07/lib/python3.12/site-packages/argopy/utils/lists.py:66: UserWarning: An error occurred while loading the GDAC data fetcher, it will not be available !
<class 'ImportError'>
cannot import name '_quote_string_constraints' from 'erddapy.erddapy' (/g/data/xp65/public/apps/med_conda/envs/analysis3-26.07/lib/python3.12/site-packages/erddapy/erddapy.py)
  warnings.warn(
/g/data/xp65/public/apps/med_conda/envs/analysis3-26.07/lib/python3.12/site-packages/argopy/utils/lists.py:91: UserWarning: An error occurred while loading the ERDDAP index fetcher, it will not be available !
<class 'ImportError'>
cannot import name '_quote_string_constraints' from 'erddapy.erddapy' (/g/data/xp65/public/apps/med_conda/envs/analysis3-26.07/lib/python3.12/site-packages/erddapy/erddapy.py)
  warnings.warn(
/g/data/xp65/public/apps/med_conda/envs/analysis3-26.07/lib/python3.12/site-packages/argopy/utils/lists.py:107: UserWarning: An error occurred while loading the GDAC index fetcher, it will not be available !
<class 'ImportError'>
cannot import name '_quote_string_constraints' from 'erddapy.erddapy' (/g/data/xp65/public/apps/med_conda/envs/analysis3-26.07/lib/python3.12/site-packages/erddapy/erddapy.py)
  warnings.warn(
/home/563/fm6730/.local/lib/python3.12/site-packages/xarray/backends/plugins.py:109: RuntimeWarning: Engine 'argo' loading failed:
cannot import name '_quote_string_constraints' from 'erddapy.erddapy' (/g/data/xp65/public/apps/med_conda/envs/analysis3-26.07/lib/python3.12/site-packages/erddapy/erddapy.py)
  external_backend_entrypoints = backends_dict_from_pkg(entrypoints_unique)
Traceback (most recent call last):
  File "/home/563/fm6730/.local/lib/python3.12/site-packages/xarray/backends/file_manager.py", line 219, in _acquire_with_cache_info
    file = self._cache[self._key]
           ~~~~~~~~~~~^^^^^^^^^^^
  File "/home/563/fm6730/.local/lib/python3.12/site-packages/xarray/backends/lru_cache.py", line 56, in __getitem__
    value = self._cache[key]
            ~~~~~~~~~~~^^^^^
KeyError: [<class 'netCDF4._netCDF4.Dataset'>, ('/home/563/fm6730/localrepo/wave_vertical_heating/data/derived/q1_vert_structure/access-s2/e03/da_q1q2_yanai_20160630_e03_remap.nc',), 'r', (('clobber', True), ('diskless', False), ('format', 'NETCDF4'), ('persist', False)), 'ba27e4d4-94c9-40f1-bc10-e5c0222e6cc2']

During handling of the above exception, another exception occurred:

Traceback (most recent call last):
  File "/home/563/fm6730/localrepo/wave_vertical_heating/scripts/utilities/compression_s2s_q1.py", line 14, in <module>
    ds = xr.open_dataset(file)
         ^^^^^^^^^^^^^^^^^^^^^
  File "/home/563/fm6730/.local/lib/python3.12/site-packages/xarray/backends/api.py", line 607, in open_dataset
    backend_ds = backend.open_dataset(
                 ^^^^^^^^^^^^^^^^^^^^^
  File "/home/563/fm6730/.local/lib/python3.12/site-packages/xarray/backends/netCDF4_.py", line 771, in open_dataset
    store = NetCDF4DataStore.open(
            ^^^^^^^^^^^^^^^^^^^^^^
  File "/home/563/fm6730/.local/lib/python3.12/site-packages/xarray/backends/netCDF4_.py", line 529, in open
    return cls(manager, group=group, mode=mode, lock=lock, autoclose=autoclose)
           ^^^^^^^^^^^^^^^^^^^^^^^^^^^^^^^^^^^^^^^^^^^^^^^^^^^^^^^^^^^^^^^^^^^^
  File "/home/563/fm6730/.local/lib/python3.12/site-packages/xarray/backends/netCDF4_.py", line 429, in __init__
    self.format = self.ds.data_model
                  ^^^^^^^
  File "/home/563/fm6730/.local/lib/python3.12/site-packages/xarray/backends/netCDF4_.py", line 538, in ds
    return self._acquire()
           ^^^^^^^^^^^^^^^
  File "/home/563/fm6730/.local/lib/python3.12/site-packages/xarray/backends/netCDF4_.py", line 532, in _acquire
    with self._manager.acquire_context(needs_lock) as root:
  File "/g/data/xp65/public/apps/med_conda/envs/analysis3-26.07/lib/python3.12/contextlib.py", line 137, in __enter__
    return next(self.gen)
           ^^^^^^^^^^^^^^
  File "/home/563/fm6730/.local/lib/python3.12/site-packages/xarray/backends/file_manager.py", line 207, in acquire_context
    file, cached = self._acquire_with_cache_info(needs_lock)
                   ^^^^^^^^^^^^^^^^^^^^^^^^^^^^^^^^^^^^^^^^^
  File "/home/563/fm6730/.local/lib/python3.12/site-packages/xarray/backends/file_manager.py", line 225, in _acquire_with_cache_info
    file = self._opener(*self._args, **kwargs)
           ^^^^^^^^^^^^^^^^^^^^^^^^^^^^^^^^^^^
  File "src/netCDF4/_netCDF4.pyx", line 2521, in netCDF4._netCDF4.Dataset.__init__
  File "src/netCDF4/_netCDF4.pyx", line 2158, in netCDF4._netCDF4._ensure_nc_success
FileNotFoundError: [Errno 2] No such file or directory: '/home/563/fm6730/localrepo/wave_vertical_heating/data/derived/q1_vert_structure/access-s2/e03/da_q1q2_yanai_20160630_e03_remap.nc'
/g/data/xp65/public/apps/med_conda/envs/analysis3-26.07/lib/python3.12/site-packages/sitecustomize.py:72: UserWarning: Pandas requires version '2.10.2' or newer of 'numexpr' (version '2.10.1' currently installed).
  mod = _real_import(name, globals, locals, fromlist, level)
/g/data/xp65/public/apps/med_conda/envs/analysis3-26.07/lib/python3.12/site-packages/argopy/utils/lists.py:38: UserWarning: An error occurred while loading the ERDDAP data fetcher, it will not be available !
<class 'ImportError'>
cannot import name '_quote_string_constraints' from 'erddapy.erddapy' (/g/data/xp65/public/apps/med_conda/envs/analysis3-26.07/lib/python3.12/site-packages/erddapy/erddapy.py)
  warnings.warn(
/g/data/xp65/public/apps/med_conda/envs/analysis3-26.07/lib/python3.12/site-packages/argopy/utils/lists.py:50: UserWarning: An error occurred while loading the ArgoVis data fetcher, it will not be available !
<class 'ImportError'>
cannot import name '_quote_string_constraints' from 'erddapy.erddapy' (/g/data/xp65/public/apps/med_conda/envs/analysis3-26.07/lib/python3.12/site-packages/erddapy/erddapy.py)
  warnings.warn(
/g/data/xp65/public/apps/med_conda/envs/analysis3-26.07/lib/python3.12/site-packages/argopy/utils/lists.py:66: UserWarning: An error occurred while loading the GDAC data fetcher, it will not be available !
<class 'ImportError'>
cannot import name '_quote_string_constraints' from 'erddapy.erddapy' (/g/data/xp65/public/apps/med_conda/envs/analysis3-26.07/lib/python3.12/site-packages/erddapy/erddapy.py)
  warnings.warn(
/g/data/xp65/public/apps/med_conda/envs/analysis3-26.07/lib/python3.12/site-packages/argopy/utils/lists.py:91: UserWarning: An error occurred while loading the ERDDAP index fetcher, it will not be available !
<class 'ImportError'>
cannot import name '_quote_string_constraints' from 'erddapy.erddapy' (/g/data/xp65/public/apps/med_conda/envs/analysis3-26.07/lib/python3.12/site-packages/erddapy/erddapy.py)
  warnings.warn(
/g/data/xp65/public/apps/med_conda/envs/analysis3-26.07/lib/python3.12/site-packages/argopy/utils/lists.py:107: UserWarning: An error occurred while loading the GDAC index fetcher, it will not be available !
<class 'ImportError'>
cannot import name '_quote_string_constraints' from 'erddapy.erddapy' (/g/data/xp65/public/apps/med_conda/envs/analysis3-26.07/lib/python3.12/site-packages/erddapy/erddapy.py)
  warnings.warn(
/home/563/fm6730/.local/lib/python3.12/site-packages/xarray/backends/plugins.py:109: RuntimeWarning: Engine 'argo' loading failed:
cannot import name '_quote_string_constraints' from 'erddapy.erddapy' (/g/data/xp65/public/apps/med_conda/envs/analysis3-26.07/lib/python3.12/site-packages/erddapy/erddapy.py)
  external_backend_entrypoints = backends_dict_from_pkg(entrypoints_unique)
Traceback (most recent call last):
  File "/home/563/fm6730/.local/lib/python3.12/site-packages/xarray/backends/file_manager.py", line 219, in _acquire_with_cache_info
    file = self._cache[self._key]
           ~~~~~~~~~~~^^^^^^^^^^^
  File "/home/563/fm6730/.local/lib/python3.12/site-packages/xarray/backends/lru_cache.py", line 56, in __getitem__
    value = self._cache[key]
            ~~~~~~~~~~~^^^^^
KeyError: [<class 'netCDF4._netCDF4.Dataset'>, ('/home/563/fm6730/localrepo/wave_vertical_heating/data/derived/q1_vert_structure/access-s2/e03/da_q1q2_yanai_20160501_e03_remap.nc',), 'r', (('clobber', True), ('diskless', False), ('format', 'NETCDF4'), ('persist', False)), '098d0903-df1f-4111-83de-09786340cb00']

During handling of the above exception, another exception occurred:

Traceback (most recent call last):
  File "/home/563/fm6730/localrepo/wave_vertical_heating/scripts/utilities/compression_s2s_q1.py", line 14, in <module>
    ds = xr.open_dataset(file)
         ^^^^^^^^^^^^^^^^^^^^^
  File "/home/563/fm6730/.local/lib/python3.12/site-packages/xarray/backends/api.py", line 607, in open_dataset
    backend_ds = backend.open_dataset(
                 ^^^^^^^^^^^^^^^^^^^^^
  File "/home/563/fm6730/.local/lib/python3.12/site-packages/xarray/backends/netCDF4_.py", line 771, in open_dataset
    store = NetCDF4DataStore.open(
            ^^^^^^^^^^^^^^^^^^^^^^
  File "/home/563/fm6730/.local/lib/python3.12/site-packages/xarray/backends/netCDF4_.py", line 529, in open
    return cls(manager, group=group, mode=mode, lock=lock, autoclose=autoclose)
           ^^^^^^^^^^^^^^^^^^^^^^^^^^^^^^^^^^^^^^^^^^^^^^^^^^^^^^^^^^^^^^^^^^^^
  File "/home/563/fm6730/.local/lib/python3.12/site-packages/xarray/backends/netCDF4_.py", line 429, in __init__
    self.format = self.ds.data_model
                  ^^^^^^^
  File "/home/563/fm6730/.local/lib/python3.12/site-packages/xarray/backends/netCDF4_.py", line 538, in ds
    return self._acquire()
           ^^^^^^^^^^^^^^^
  File "/home/563/fm6730/.local/lib/python3.12/site-packages/xarray/backends/netCDF4_.py", line 532, in _acquire
    with self._manager.acquire_context(needs_lock) as root:
  File "/g/data/xp65/public/apps/med_conda/envs/analysis3-26.07/lib/python3.12/contextlib.py", line 137, in __enter__
    return next(self.gen)
           ^^^^^^^^^^^^^^
  File "/home/563/fm6730/.local/lib/python3.12/site-packages/xarray/backends/file_manager.py", line 207, in acquire_context
    file, cached = self._acquire_with_cache_info(needs_lock)
                   ^^^^^^^^^^^^^^^^^^^^^^^^^^^^^^^^^^^^^^^^^
  File "/home/563/fm6730/.local/lib/python3.12/site-packages/xarray/backends/file_manager.py", line 225, in _acquire_with_cache_info
    file = self._opener(*self._args, **kwargs)
           ^^^^^^^^^^^^^^^^^^^^^^^^^^^^^^^^^^^
  File "src/netCDF4/_netCDF4.pyx", line 2521, in netCDF4._netCDF4.Dataset.__init__
  File "src/netCDF4/_netCDF4.pyx", line 2158, in netCDF4._netCDF4._ensure_nc_success
FileNotFoundError: [Errno 2] No such file or directory: '/home/563/fm6730/localrepo/wave_vertical_heating/data/derived/q1_vert_structure/access-s2/e03/da_q1q2_yanai_20160501_e03_remap.nc'
/g/data/xp65/public/apps/med_conda/envs/analysis3-26.07/lib/python3.12/site-packages/sitecustomize.py:72: UserWarning: Pandas requires version '2.10.2' or newer of 'numexpr' (version '2.10.1' currently installed).
  mod = _real_import(name, globals, locals, fromlist, level)
/g/data/xp65/public/apps/med_conda/envs/analysis3-26.07/lib/python3.12/site-packages/argopy/utils/lists.py:38: UserWarning: An error occurred while loading the ERDDAP data fetcher, it will not be available !
<class 'ImportError'>
cannot import name '_quote_string_constraints' from 'erddapy.erddapy' (/g/data/xp65/public/apps/med_conda/envs/analysis3-26.07/lib/python3.12/site-packages/erddapy/erddapy.py)
  warnings.warn(
/g/data/xp65/public/apps/med_conda/envs/analysis3-26.07/lib/python3.12/site-packages/argopy/utils/lists.py:50: UserWarning: An error occurred while loading the ArgoVis data fetcher, it will not be available !
<class 'ImportError'>
cannot import name '_quote_string_constraints' from 'erddapy.erddapy' (/g/data/xp65/public/apps/med_conda/envs/analysis3-26.07/lib/python3.12/site-packages/erddapy/erddapy.py)
  warnings.warn(
/g/data/xp65/public/apps/med_conda/envs/analysis3-26.07/lib/python3.12/site-packages/argopy/utils/lists.py:66: UserWarning: An error occurred while loading the GDAC data fetcher, it will not be available !
<class 'ImportError'>
cannot import name '_quote_string_constraints' from 'erddapy.erddapy' (/g/data/xp65/public/apps/med_conda/envs/analysis3-26.07/lib/python3.12/site-packages/erddapy/erddapy.py)
  warnings.warn(
/g/data/xp65/public/apps/med_conda/envs/analysis3-26.07/lib/python3.12/site-packages/argopy/utils/lists.py:91: UserWarning: An error occurred while loading the ERDDAP index fetcher, it will not be available !
<class 'ImportError'>
cannot import name '_quote_string_constraints' from 'erddapy.erddapy' (/g/data/xp65/public/apps/med_conda/envs/analysis3-26.07/lib/python3.12/site-packages/erddapy/erddapy.py)
  warnings.warn(
/g/data/xp65/public/apps/med_conda/envs/analysis3-26.07/lib/python3.12/site-packages/argopy/utils/lists.py:107: UserWarning: An error occurred while loading the GDAC index fetcher, it will not be available !
<class 'ImportError'>
cannot import name '_quote_string_constraints' from 'erddapy.erddapy' (/g/data/xp65/public/apps/med_conda/envs/analysis3-26.07/lib/python3.12/site-packages/erddapy/erddapy.py)
  warnings.warn(
/home/563/fm6730/.local/lib/python3.12/site-packages/xarray/backends/plugins.py:109: RuntimeWarning: Engine 'argo' loading failed:
cannot import name '_quote_string_constraints' from 'erddapy.erddapy' (/g/data/xp65/public/apps/med_conda/envs/analysis3-26.07/lib/python3.12/site-packages/erddapy/erddapy.py)
  external_backend_entrypoints = backends_dict_from_pkg(entrypoints_unique)
Traceback (most recent call last):
  File "/home/563/fm6730/.local/lib/python3.12/site-packages/xarray/backends/file_manager.py", line 219, in _acquire_with_cache_info
    file = self._cache[self._key]
           ~~~~~~~~~~~^^^^^^^^^^^
  File "/home/563/fm6730/.local/lib/python3.12/site-packages/xarray/backends/lru_cache.py", line 56, in __getitem__
    value = self._cache[key]
            ~~~~~~~~~~~^^^^^
KeyError: [<class 'netCDF4._netCDF4.Dataset'>, ('/home/563/fm6730/localrepo/wave_vertical_heating/data/derived/q1_vert_structure/access-s2/e03/da_q1q2_yanai_20160629_e03_remap.nc',), 'r', (('clobber', True), ('diskless', False), ('format', 'NETCDF4'), ('persist', False)), '8b97b146-63c6-43c6-a028-56ed2c491a6d']

During handling of the above exception, another exception occurred:

Traceback (most recent call last):
  File "/home/563/fm6730/localrepo/wave_vertical_heating/scripts/utilities/compression_s2s_q1.py", line 14, in <module>
    ds = xr.open_dataset(file)
         ^^^^^^^^^^^^^^^^^^^^^
  File "/home/563/fm6730/.local/lib/python3.12/site-packages/xarray/backends/api.py", line 607, in open_dataset
    backend_ds = backend.open_dataset(
                 ^^^^^^^^^^^^^^^^^^^^^
  File "/home/563/fm6730/.local/lib/python3.12/site-packages/xarray/backends/netCDF4_.py", line 771, in open_dataset
    store = NetCDF4DataStore.open(
            ^^^^^^^^^^^^^^^^^^^^^^
  File "/home/563/fm6730/.local/lib/python3.12/site-packages/xarray/backends/netCDF4_.py", line 529, in open
    return cls(manager, group=group, mode=mode, lock=lock, autoclose=autoclose)
           ^^^^^^^^^^^^^^^^^^^^^^^^^^^^^^^^^^^^^^^^^^^^^^^^^^^^^^^^^^^^^^^^^^^^
  File "/home/563/fm6730/.local/lib/python3.12/site-packages/xarray/backends/netCDF4_.py", line 429, in __init__
    self.format = self.ds.data_model
                  ^^^^^^^
  File "/home/563/fm6730/.local/lib/python3.12/site-packages/xarray/backends/netCDF4_.py", line 538, in ds
    return self._acquire()
           ^^^^^^^^^^^^^^^
  File "/home/563/fm6730/.local/lib/python3.12/site-packages/xarray/backends/netCDF4_.py", line 532, in _acquire
    with self._manager.acquire_context(needs_lock) as root:
  File "/g/data/xp65/public/apps/med_conda/envs/analysis3-26.07/lib/python3.12/contextlib.py", line 137, in __enter__
    return next(self.gen)
           ^^^^^^^^^^^^^^
  File "/home/563/fm6730/.local/lib/python3.12/site-packages/xarray/backends/file_manager.py", line 207, in acquire_context
    file, cached = self._acquire_with_cache_info(needs_lock)
                   ^^^^^^^^^^^^^^^^^^^^^^^^^^^^^^^^^^^^^^^^^
  File "/home/563/fm6730/.local/lib/python3.12/site-packages/xarray/backends/file_manager.py", line 225, in _acquire_with_cache_info
    file = self._opener(*self._args, **kwargs)
           ^^^^^^^^^^^^^^^^^^^^^^^^^^^^^^^^^^^
  File "src/netCDF4/_netCDF4.pyx", line 2521, in netCDF4._netCDF4.Dataset.__init__
  File "src/netCDF4/_netCDF4.pyx", line 2158, in netCDF4._netCDF4._ensure_nc_success
FileNotFoundError: [Errno 2] No such file or directory: '/home/563/fm6730/localrepo/wave_vertical_heating/data/derived/q1_vert_structure/access-s2/e03/da_q1q2_yanai_20160629_e03_remap.nc'
/g/data/xp65/public/apps/med_conda/envs/analysis3-26.07/lib/python3.12/site-packages/sitecustomize.py:72: UserWarning: Pandas requires version '2.10.2' or newer of 'numexpr' (version '2.10.1' currently installed).
  mod = _real_import(name, globals, locals, fromlist, level)
/g/data/xp65/public/apps/med_conda/envs/analysis3-26.07/lib/python3.12/site-packages/argopy/utils/lists.py:38: UserWarning: An error occurred while loading the ERDDAP data fetcher, it will not be available !
<class 'ImportError'>
cannot import name '_quote_string_constraints' from 'erddapy.erddapy' (/g/data/xp65/public/apps/med_conda/envs/analysis3-26.07/lib/python3.12/site-packages/erddapy/erddapy.py)
  warnings.warn(
/g/data/xp65/public/apps/med_conda/envs/analysis3-26.07/lib/python3.12/site-packages/argopy/utils/lists.py:50: UserWarning: An error occurred while loading the ArgoVis data fetcher, it will not be available !
<class 'ImportError'>
cannot import name '_quote_string_constraints' from 'erddapy.erddapy' (/g/data/xp65/public/apps/med_conda/envs/analysis3-26.07/lib/python3.12/site-packages/erddapy/erddapy.py)
  warnings.warn(
/g/data/xp65/public/apps/med_conda/envs/analysis3-26.07/lib/python3.12/site-packages/argopy/utils/lists.py:66: UserWarning: An error occurred while loading the GDAC data fetcher, it will not be available !
<class 'ImportError'>
cannot import name '_quote_string_constraints' from 'erddapy.erddapy' (/g/data/xp65/public/apps/med_conda/envs/analysis3-26.07/lib/python3.12/site-packages/erddapy/erddapy.py)
  warnings.warn(
/g/data/xp65/public/apps/med_conda/envs/analysis3-26.07/lib/python3.12/site-packages/argopy/utils/lists.py:91: UserWarning: An error occurred while loading the ERDDAP index fetcher, it will not be available !
<class 'ImportError'>
cannot import name '_quote_string_constraints' from 'erddapy.erddapy' (/g/data/xp65/public/apps/med_conda/envs/analysis3-26.07/lib/python3.12/site-packages/erddapy/erddapy.py)
  warnings.warn(
/g/data/xp65/public/apps/med_conda/envs/analysis3-26.07/lib/python3.12/site-packages/argopy/utils/lists.py:107: UserWarning: An error occurred while loading the GDAC index fetcher, it will not be available !
<class 'ImportError'>
cannot import name '_quote_string_constraints' from 'erddapy.erddapy' (/g/data/xp65/public/apps/med_conda/envs/analysis3-26.07/lib/python3.12/site-packages/erddapy/erddapy.py)
  warnings.warn(
/home/563/fm6730/.local/lib/python3.12/site-packages/xarray/backends/plugins.py:109: RuntimeWarning: Engine 'argo' loading failed:
cannot import name '_quote_string_constraints' from 'erddapy.erddapy' (/g/data/xp65/public/apps/med_conda/envs/analysis3-26.07/lib/python3.12/site-packages/erddapy/erddapy.py)
  external_backend_entrypoints = backends_dict_from_pkg(entrypoints_unique)
Traceback (most recent call last):
  File "/home/563/fm6730/.local/lib/python3.12/site-packages/xarray/backends/file_manager.py", line 219, in _acquire_with_cache_info
    file = self._cache[self._key]
           ~~~~~~~~~~~^^^^^^^^^^^
  File "/home/563/fm6730/.local/lib/python3.12/site-packages/xarray/backends/lru_cache.py", line 56, in __getitem__
    value = self._cache[key]
            ~~~~~~~~~~~^^^^^
KeyError: [<class 'netCDF4._netCDF4.Dataset'>, ('/home/563/fm6730/localrepo/wave_vertical_heating/data/derived/q1_vert_structure/access-s2/e03/da_q1q2_yanai_20160701_e03_remap.nc',), 'r', (('clobber', True), ('diskless', False), ('format', 'NETCDF4'), ('persist', False)), 'f29cd340-7355-466c-8a43-91183535cb04']

During handling of the above exception, another exception occurred:

Traceback (most recent call last):
  File "/home/563/fm6730/localrepo/wave_vertical_heating/scripts/utilities/compression_s2s_q1.py", line 14, in <module>
    ds = xr.open_dataset(file)
         ^^^^^^^^^^^^^^^^^^^^^
  File "/home/563/fm6730/.local/lib/python3.12/site-packages/xarray/backends/api.py", line 607, in open_dataset
    backend_ds = backend.open_dataset(
                 ^^^^^^^^^^^^^^^^^^^^^
  File "/home/563/fm6730/.local/lib/python3.12/site-packages/xarray/backends/netCDF4_.py", line 771, in open_dataset
    store = NetCDF4DataStore.open(
            ^^^^^^^^^^^^^^^^^^^^^^
  File "/home/563/fm6730/.local/lib/python3.12/site-packages/xarray/backends/netCDF4_.py", line 529, in open
    return cls(manager, group=group, mode=mode, lock=lock, autoclose=autoclose)
           ^^^^^^^^^^^^^^^^^^^^^^^^^^^^^^^^^^^^^^^^^^^^^^^^^^^^^^^^^^^^^^^^^^^^
  File "/home/563/fm6730/.local/lib/python3.12/site-packages/xarray/backends/netCDF4_.py", line 429, in __init__
    self.format = self.ds.data_model
                  ^^^^^^^
  File "/home/563/fm6730/.local/lib/python3.12/site-packages/xarray/backends/netCDF4_.py", line 538, in ds
    return self._acquire()
           ^^^^^^^^^^^^^^^
  File "/home/563/fm6730/.local/lib/python3.12/site-packages/xarray/backends/netCDF4_.py", line 532, in _acquire
    with self._manager.acquire_context(needs_lock) as root:
  File "/g/data/xp65/public/apps/med_conda/envs/analysis3-26.07/lib/python3.12/contextlib.py", line 137, in __enter__
    return next(self.gen)
           ^^^^^^^^^^^^^^
  File "/home/563/fm6730/.local/lib/python3.12/site-packages/xarray/backends/file_manager.py", line 207, in acquire_context
    file, cached = self._acquire_with_cache_info(needs_lock)
                   ^^^^^^^^^^^^^^^^^^^^^^^^^^^^^^^^^^^^^^^^^
  File "/home/563/fm6730/.local/lib/python3.12/site-packages/xarray/backends/file_manager.py", line 225, in _acquire_with_cache_info
    file = self._opener(*self._args, **kwargs)
           ^^^^^^^^^^^^^^^^^^^^^^^^^^^^^^^^^^^
  File "src/netCDF4/_netCDF4.pyx", line 2521, in netCDF4._netCDF4.Dataset.__init__
  File "src/netCDF4/_netCDF4.pyx", line 2158, in netCDF4._netCDF4._ensure_nc_success
FileNotFoundError: [Errno 2] No such file or directory: '/home/563/fm6730/localrepo/wave_vertical_heating/data/derived/q1_vert_structure/access-s2/e03/da_q1q2_yanai_20160701_e03_remap.nc'
/g/data/xp65/public/apps/med_conda/envs/analysis3-26.07/lib/python3.12/site-packages/sitecustomize.py:72: UserWarning: Pandas requires version '2.10.2' or newer of 'numexpr' (version '2.10.1' currently installed).
  mod = _real_import(name, globals, locals, fromlist, level)
/g/data/xp65/public/apps/med_conda/envs/analysis3-26.07/lib/python3.12/site-packages/argopy/utils/lists.py:38: UserWarning: An error occurred while loading the ERDDAP data fetcher, it will not be available !
<class 'ImportError'>
cannot import name '_quote_string_constraints' from 'erddapy.erddapy' (/g/data/xp65/public/apps/med_conda/envs/analysis3-26.07/lib/python3.12/site-packages/erddapy/erddapy.py)
  warnings.warn(
/g/data/xp65/public/apps/med_conda/envs/analysis3-26.07/lib/python3.12/site-packages/argopy/utils/lists.py:50: UserWarning: An error occurred while loading the ArgoVis data fetcher, it will not be available !
<class 'ImportError'>
cannot import name '_quote_string_constraints' from 'erddapy.erddapy' (/g/data/xp65/public/apps/med_conda/envs/analysis3-26.07/lib/python3.12/site-packages/erddapy/erddapy.py)
  warnings.warn(
/g/data/xp65/public/apps/med_conda/envs/analysis3-26.07/lib/python3.12/site-packages/argopy/utils/lists.py:66: UserWarning: An error occurred while loading the GDAC data fetcher, it will not be available !
<class 'ImportError'>
cannot import name '_quote_string_constraints' from 'erddapy.erddapy' (/g/data/xp65/public/apps/med_conda/envs/analysis3-26.07/lib/python3.12/site-packages/erddapy/erddapy.py)
  warnings.warn(
/g/data/xp65/public/apps/med_conda/envs/analysis3-26.07/lib/python3.12/site-packages/argopy/utils/lists.py:91: UserWarning: An error occurred while loading the ERDDAP index fetcher, it will not be available !
<class 'ImportError'>
cannot import name '_quote_string_constraints' from 'erddapy.erddapy' (/g/data/xp65/public/apps/med_conda/envs/analysis3-26.07/lib/python3.12/site-packages/erddapy/erddapy.py)
  warnings.warn(
/g/data/xp65/public/apps/med_conda/envs/analysis3-26.07/lib/python3.12/site-packages/argopy/utils/lists.py:107: UserWarning: An error occurred while loading the GDAC index fetcher, it will not be available !
<class 'ImportError'>
cannot import name '_quote_string_constraints' from 'erddapy.erddapy' (/g/data/xp65/public/apps/med_conda/envs/analysis3-26.07/lib/python3.12/site-packages/erddapy/erddapy.py)
  warnings.warn(
/home/563/fm6730/.local/lib/python3.12/site-packages/xarray/backends/plugins.py:109: RuntimeWarning: Engine 'argo' loading failed:
cannot import name '_quote_string_constraints' from 'erddapy.erddapy' (/g/data/xp65/public/apps/med_conda/envs/analysis3-26.07/lib/python3.12/site-packages/erddapy/erddapy.py)
  external_backend_entrypoints = backends_dict_from_pkg(entrypoints_unique)
Traceback (most recent call last):
  File "/home/563/fm6730/.local/lib/python3.12/site-packages/xarray/backends/file_manager.py", line 219, in _acquire_with_cache_info
    file = self._cache[self._key]
           ~~~~~~~~~~~^^^^^^^^^^^
  File "/home/563/fm6730/.local/lib/python3.12/site-packages/xarray/backends/lru_cache.py", line 56, in __getitem__
    value = self._cache[key]
            ~~~~~~~~~~~^^^^^
KeyError: [<class 'netCDF4._netCDF4.Dataset'>, ('/home/563/fm6730/localrepo/wave_vertical_heating/data/derived/q1_vert_structure/access-s2/e03/da_q1q2_yanai_20160531_e03_remap.nc',), 'r', (('clobber', True), ('diskless', False), ('format', 'NETCDF4'), ('persist', False)), 'cc13667e-a892-4b18-b96a-87983218d5b5']

During handling of the above exception, another exception occurred:

Traceback (most recent call last):
  File "/home/563/fm6730/localrepo/wave_vertical_heating/scripts/utilities/compression_s2s_q1.py", line 14, in <module>
    ds = xr.open_dataset(file)
         ^^^^^^^^^^^^^^^^^^^^^
  File "/home/563/fm6730/.local/lib/python3.12/site-packages/xarray/backends/api.py", line 607, in open_dataset
    backend_ds = backend.open_dataset(
                 ^^^^^^^^^^^^^^^^^^^^^
  File "/home/563/fm6730/.local/lib/python3.12/site-packages/xarray/backends/netCDF4_.py", line 771, in open_dataset
    store = NetCDF4DataStore.open(
            ^^^^^^^^^^^^^^^^^^^^^^
  File "/home/563/fm6730/.local/lib/python3.12/site-packages/xarray/backends/netCDF4_.py", line 529, in open
    return cls(manager, group=group, mode=mode, lock=lock, autoclose=autoclose)
           ^^^^^^^^^^^^^^^^^^^^^^^^^^^^^^^^^^^^^^^^^^^^^^^^^^^^^^^^^^^^^^^^^^^^
  File "/home/563/fm6730/.local/lib/python3.12/site-packages/xarray/backends/netCDF4_.py", line 429, in __init__
    self.format = self.ds.data_model
                  ^^^^^^^
  File "/home/563/fm6730/.local/lib/python3.12/site-packages/xarray/backends/netCDF4_.py", line 538, in ds
    return self._acquire()
           ^^^^^^^^^^^^^^^
  File "/home/563/fm6730/.local/lib/python3.12/site-packages/xarray/backends/netCDF4_.py", line 532, in _acquire
    with self._manager.acquire_context(needs_lock) as root:
  File "/g/data/xp65/public/apps/med_conda/envs/analysis3-26.07/lib/python3.12/contextlib.py", line 137, in __enter__
    return next(self.gen)
           ^^^^^^^^^^^^^^
  File "/home/563/fm6730/.local/lib/python3.12/site-packages/xarray/backends/file_manager.py", line 207, in acquire_context
    file, cached = self._acquire_with_cache_info(needs_lock)
                   ^^^^^^^^^^^^^^^^^^^^^^^^^^^^^^^^^^^^^^^^^
  File "/home/563/fm6730/.local/lib/python3.12/site-packages/xarray/backends/file_manager.py", line 225, in _acquire_with_cache_info
    file = self._opener(*self._args, **kwargs)
           ^^^^^^^^^^^^^^^^^^^^^^^^^^^^^^^^^^^
  File "src/netCDF4/_netCDF4.pyx", line 2521, in netCDF4._netCDF4.Dataset.__init__
  File "src/netCDF4/_netCDF4.pyx", line 2158, in netCDF4._netCDF4._ensure_nc_success
FileNotFoundError: [Errno 2] No such file or directory: '/home/563/fm6730/localrepo/wave_vertical_heating/data/derived/q1_vert_structure/access-s2/e03/da_q1q2_yanai_20160531_e03_remap.nc'
/g/data/xp65/public/apps/med_conda/envs/analysis3-26.07/lib/python3.12/site-packages/sitecustomize.py:72: UserWarning: Pandas requires version '2.10.2' or newer of 'numexpr' (version '2.10.1' currently installed).
  mod = _real_import(name, globals, locals, fromlist, level)
/g/data/xp65/public/apps/med_conda/envs/analysis3-26.07/lib/python3.12/site-packages/argopy/utils/lists.py:38: UserWarning: An error occurred while loading the ERDDAP data fetcher, it will not be available !
<class 'ImportError'>
cannot import name '_quote_string_constraints' from 'erddapy.erddapy' (/g/data/xp65/public/apps/med_conda/envs/analysis3-26.07/lib/python3.12/site-packages/erddapy/erddapy.py)
  warnings.warn(
/g/data/xp65/public/apps/med_conda/envs/analysis3-26.07/lib/python3.12/site-packages/argopy/utils/lists.py:50: UserWarning: An error occurred while loading the ArgoVis data fetcher, it will not be available !
<class 'ImportError'>
cannot import name '_quote_string_constraints' from 'erddapy.erddapy' (/g/data/xp65/public/apps/med_conda/envs/analysis3-26.07/lib/python3.12/site-packages/erddapy/erddapy.py)
  warnings.warn(
/g/data/xp65/public/apps/med_conda/envs/analysis3-26.07/lib/python3.12/site-packages/argopy/utils/lists.py:66: UserWarning: An error occurred while loading the GDAC data fetcher, it will not be available !
<class 'ImportError'>
cannot import name '_quote_string_constraints' from 'erddapy.erddapy' (/g/data/xp65/public/apps/med_conda/envs/analysis3-26.07/lib/python3.12/site-packages/erddapy/erddapy.py)
  warnings.warn(
/g/data/xp65/public/apps/med_conda/envs/analysis3-26.07/lib/python3.12/site-packages/argopy/utils/lists.py:91: UserWarning: An error occurred while loading the ERDDAP index fetcher, it will not be available !
<class 'ImportError'>
cannot import name '_quote_string_constraints' from 'erddapy.erddapy' (/g/data/xp65/public/apps/med_conda/envs/analysis3-26.07/lib/python3.12/site-packages/erddapy/erddapy.py)
  warnings.warn(
/g/data/xp65/public/apps/med_conda/envs/analysis3-26.07/lib/python3.12/site-packages/argopy/utils/lists.py:107: UserWarning: An error occurred while loading the GDAC index fetcher, it will not be available !
<class 'ImportError'>
cannot import name '_quote_string_constraints' from 'erddapy.erddapy' (/g/data/xp65/public/apps/med_conda/envs/analysis3-26.07/lib/python3.12/site-packages/erddapy/erddapy.py)
  warnings.warn(
/home/563/fm6730/.local/lib/python3.12/site-packages/xarray/backends/plugins.py:109: RuntimeWarning: Engine 'argo' loading failed:
cannot import name '_quote_string_constraints' from 'erddapy.erddapy' (/g/data/xp65/public/apps/med_conda/envs/analysis3-26.07/lib/python3.12/site-packages/erddapy/erddapy.py)
  external_backend_entrypoints = backends_dict_from_pkg(entrypoints_unique)
Traceback (most recent call last):
  File "/home/563/fm6730/.local/lib/python3.12/site-packages/xarray/backends/file_manager.py", line 219, in _acquire_with_cache_info
    file = self._cache[self._key]
           ~~~~~~~~~~~^^^^^^^^^^^
  File "/home/563/fm6730/.local/lib/python3.12/site-packages/xarray/backends/lru_cache.py", line 56, in __getitem__
    value = self._cache[key]
            ~~~~~~~~~~~^^^^^
KeyError: [<class 'netCDF4._netCDF4.Dataset'>, ('/home/563/fm6730/localrepo/wave_vertical_heating/data/derived/q1_vert_structure/access-s2/e03/da_q1q2_yanai_20160601_e03_remap.nc',), 'r', (('clobber', True), ('diskless', False), ('format', 'NETCDF4'), ('persist', False)), '88dce835-b09e-4302-82d7-e77c01b31267']

During handling of the above exception, another exception occurred:

Traceback (most recent call last):
  File "/home/563/fm6730/localrepo/wave_vertical_heating/scripts/utilities/compression_s2s_q1.py", line 14, in <module>
    ds = xr.open_dataset(file)
         ^^^^^^^^^^^^^^^^^^^^^
  File "/home/563/fm6730/.local/lib/python3.12/site-packages/xarray/backends/api.py", line 607, in open_dataset
    backend_ds = backend.open_dataset(
                 ^^^^^^^^^^^^^^^^^^^^^
  File "/home/563/fm6730/.local/lib/python3.12/site-packages/xarray/backends/netCDF4_.py", line 771, in open_dataset
    store = NetCDF4DataStore.open(
            ^^^^^^^^^^^^^^^^^^^^^^
  File "/home/563/fm6730/.local/lib/python3.12/site-packages/xarray/backends/netCDF4_.py", line 529, in open
    return cls(manager, group=group, mode=mode, lock=lock, autoclose=autoclose)
           ^^^^^^^^^^^^^^^^^^^^^^^^^^^^^^^^^^^^^^^^^^^^^^^^^^^^^^^^^^^^^^^^^^^^
  File "/home/563/fm6730/.local/lib/python3.12/site-packages/xarray/backends/netCDF4_.py", line 429, in __init__
    self.format = self.ds.data_model
                  ^^^^^^^
  File "/home/563/fm6730/.local/lib/python3.12/site-packages/xarray/backends/netCDF4_.py", line 538, in ds
    return self._acquire()
           ^^^^^^^^^^^^^^^
  File "/home/563/fm6730/.local/lib/python3.12/site-packages/xarray/backends/netCDF4_.py", line 532, in _acquire
    with self._manager.acquire_context(needs_lock) as root:
  File "/g/data/xp65/public/apps/med_conda/envs/analysis3-26.07/lib/python3.12/contextlib.py", line 137, in __enter__
    return next(self.gen)
           ^^^^^^^^^^^^^^
  File "/home/563/fm6730/.local/lib/python3.12/site-packages/xarray/backends/file_manager.py", line 207, in acquire_context
    file, cached = self._acquire_with_cache_info(needs_lock)
                   ^^^^^^^^^^^^^^^^^^^^^^^^^^^^^^^^^^^^^^^^^
  File "/home/563/fm6730/.local/lib/python3.12/site-packages/xarray/backends/file_manager.py", line 225, in _acquire_with_cache_info
    file = self._opener(*self._args, **kwargs)
           ^^^^^^^^^^^^^^^^^^^^^^^^^^^^^^^^^^^
  File "src/netCDF4/_netCDF4.pyx", line 2521, in netCDF4._netCDF4.Dataset.__init__
  File "src/netCDF4/_netCDF4.pyx", line 2158, in netCDF4._netCDF4._ensure_nc_success
FileNotFoundError: [Errno 2] No such file or directory: '/home/563/fm6730/localrepo/wave_vertical_heating/data/derived/q1_vert_structure/access-s2/e03/da_q1q2_yanai_20160601_e03_remap.nc'
/g/data/xp65/public/apps/med_conda/envs/analysis3-26.07/lib/python3.12/site-packages/sitecustomize.py:72: UserWarning: Pandas requires version '2.10.2' or newer of 'numexpr' (version '2.10.1' currently installed).
  mod = _real_import(name, globals, locals, fromlist, level)
/g/data/xp65/public/apps/med_conda/envs/analysis3-26.07/lib/python3.12/site-packages/argopy/utils/lists.py:38: UserWarning: An error occurred while loading the ERDDAP data fetcher, it will not be available !
<class 'ImportError'>
cannot import name '_quote_string_constraints' from 'erddapy.erddapy' (/g/data/xp65/public/apps/med_conda/envs/analysis3-26.07/lib/python3.12/site-packages/erddapy/erddapy.py)
  warnings.warn(
/g/data/xp65/public/apps/med_conda/envs/analysis3-26.07/lib/python3.12/site-packages/argopy/utils/lists.py:50: UserWarning: An error occurred while loading the ArgoVis data fetcher, it will not be available !
<class 'ImportError'>
cannot import name '_quote_string_constraints' from 'erddapy.erddapy' (/g/data/xp65/public/apps/med_conda/envs/analysis3-26.07/lib/python3.12/site-packages/erddapy/erddapy.py)
  warnings.warn(
/g/data/xp65/public/apps/med_conda/envs/analysis3-26.07/lib/python3.12/site-packages/argopy/utils/lists.py:66: UserWarning: An error occurred while loading the GDAC data fetcher, it will not be available !
<class 'ImportError'>
cannot import name '_quote_string_constraints' from 'erddapy.erddapy' (/g/data/xp65/public/apps/med_conda/envs/analysis3-26.07/lib/python3.12/site-packages/erddapy/erddapy.py)
  warnings.warn(
/g/data/xp65/public/apps/med_conda/envs/analysis3-26.07/lib/python3.12/site-packages/argopy/utils/lists.py:91: UserWarning: An error occurred while loading the ERDDAP index fetcher, it will not be available !
<class 'ImportError'>
cannot import name '_quote_string_constraints' from 'erddapy.erddapy' (/g/data/xp65/public/apps/med_conda/envs/analysis3-26.07/lib/python3.12/site-packages/erddapy/erddapy.py)
  warnings.warn(
/g/data/xp65/public/apps/med_conda/envs/analysis3-26.07/lib/python3.12/site-packages/argopy/utils/lists.py:107: UserWarning: An error occurred while loading the GDAC index fetcher, it will not be available !
<class 'ImportError'>
cannot import name '_quote_string_constraints' from 'erddapy.erddapy' (/g/data/xp65/public/apps/med_conda/envs/analysis3-26.07/lib/python3.12/site-packages/erddapy/erddapy.py)
  warnings.warn(
/home/563/fm6730/.local/lib/python3.12/site-packages/xarray/backends/plugins.py:109: RuntimeWarning: Engine 'argo' loading failed:
cannot import name '_quote_string_constraints' from 'erddapy.erddapy' (/g/data/xp65/public/apps/med_conda/envs/analysis3-26.07/lib/python3.12/site-packages/erddapy/erddapy.py)
  external_backend_entrypoints = backends_dict_from_pkg(entrypoints_unique)
Traceback (most recent call last):
  File "/home/563/fm6730/.local/lib/python3.12/site-packages/xarray/backends/file_manager.py", line 219, in _acquire_with_cache_info
    file = self._cache[self._key]
           ~~~~~~~~~~~^^^^^^^^^^^
  File "/home/563/fm6730/.local/lib/python3.12/site-packages/xarray/backends/lru_cache.py", line 56, in __getitem__
    value = self._cache[key]
            ~~~~~~~~~~~^^^^^
KeyError: [<class 'netCDF4._netCDF4.Dataset'>, ('/home/563/fm6730/localrepo/wave_vertical_heating/data/derived/q1_vert_structure/access-s2/e03/da_q1q2_yanai_20160730_e03_remap.nc',), 'r', (('clobber', True), ('diskless', False), ('format', 'NETCDF4'), ('persist', False)), 'ea036e26-cc3d-4d4b-8486-e4d1386e4651']

During handling of the above exception, another exception occurred:

Traceback (most recent call last):
  File "/home/563/fm6730/localrepo/wave_vertical_heating/scripts/utilities/compression_s2s_q1.py", line 14, in <module>
    ds = xr.open_dataset(file)
         ^^^^^^^^^^^^^^^^^^^^^
  File "/home/563/fm6730/.local/lib/python3.12/site-packages/xarray/backends/api.py", line 607, in open_dataset
    backend_ds = backend.open_dataset(
                 ^^^^^^^^^^^^^^^^^^^^^
  File "/home/563/fm6730/.local/lib/python3.12/site-packages/xarray/backends/netCDF4_.py", line 771, in open_dataset
    store = NetCDF4DataStore.open(
            ^^^^^^^^^^^^^^^^^^^^^^
  File "/home/563/fm6730/.local/lib/python3.12/site-packages/xarray/backends/netCDF4_.py", line 529, in open
    return cls(manager, group=group, mode=mode, lock=lock, autoclose=autoclose)
           ^^^^^^^^^^^^^^^^^^^^^^^^^^^^^^^^^^^^^^^^^^^^^^^^^^^^^^^^^^^^^^^^^^^^
  File "/home/563/fm6730/.local/lib/python3.12/site-packages/xarray/backends/netCDF4_.py", line 429, in __init__
    self.format = self.ds.data_model
                  ^^^^^^^
  File "/home/563/fm6730/.local/lib/python3.12/site-packages/xarray/backends/netCDF4_.py", line 538, in ds
    return self._acquire()
           ^^^^^^^^^^^^^^^
  File "/home/563/fm6730/.local/lib/python3.12/site-packages/xarray/backends/netCDF4_.py", line 532, in _acquire
    with self._manager.acquire_context(needs_lock) as root:
  File "/g/data/xp65/public/apps/med_conda/envs/analysis3-26.07/lib/python3.12/contextlib.py", line 137, in __enter__
    return next(self.gen)
           ^^^^^^^^^^^^^^
  File "/home/563/fm6730/.local/lib/python3.12/site-packages/xarray/backends/file_manager.py", line 207, in acquire_context
    file, cached = self._acquire_with_cache_info(needs_lock)
                   ^^^^^^^^^^^^^^^^^^^^^^^^^^^^^^^^^^^^^^^^^
  File "/home/563/fm6730/.local/lib/python3.12/site-packages/xarray/backends/file_manager.py", line 225, in _acquire_with_cache_info
    file = self._opener(*self._args, **kwargs)
           ^^^^^^^^^^^^^^^^^^^^^^^^^^^^^^^^^^^
  File "src/netCDF4/_netCDF4.pyx", line 2521, in netCDF4._netCDF4.Dataset.__init__
  File "src/netCDF4/_netCDF4.pyx", line 2158, in netCDF4._netCDF4._ensure_nc_success
FileNotFoundError: [Errno 2] No such file or directory: '/home/563/fm6730/localrepo/wave_vertical_heating/data/derived/q1_vert_structure/access-s2/e03/da_q1q2_yanai_20160730_e03_remap.nc'
/g/data/xp65/public/apps/med_conda/envs/analysis3-26.07/lib/python3.12/site-packages/sitecustomize.py:72: UserWarning: Pandas requires version '2.10.2' or newer of 'numexpr' (version '2.10.1' currently installed).
  mod = _real_import(name, globals, locals, fromlist, level)
/g/data/xp65/public/apps/med_conda/envs/analysis3-26.07/lib/python3.12/site-packages/argopy/utils/lists.py:38: UserWarning: An error occurred while loading the ERDDAP data fetcher, it will not be available !
<class 'ImportError'>
cannot import name '_quote_string_constraints' from 'erddapy.erddapy' (/g/data/xp65/public/apps/med_conda/envs/analysis3-26.07/lib/python3.12/site-packages/erddapy/erddapy.py)
  warnings.warn(
/g/data/xp65/public/apps/med_conda/envs/analysis3-26.07/lib/python3.12/site-packages/argopy/utils/lists.py:50: UserWarning: An error occurred while loading the ArgoVis data fetcher, it will not be available !
<class 'ImportError'>
cannot import name '_quote_string_constraints' from 'erddapy.erddapy' (/g/data/xp65/public/apps/med_conda/envs/analysis3-26.07/lib/python3.12/site-packages/erddapy/erddapy.py)
  warnings.warn(
/g/data/xp65/public/apps/med_conda/envs/analysis3-26.07/lib/python3.12/site-packages/argopy/utils/lists.py:66: UserWarning: An error occurred while loading the GDAC data fetcher, it will not be available !
<class 'ImportError'>
cannot import name '_quote_string_constraints' from 'erddapy.erddapy' (/g/data/xp65/public/apps/med_conda/envs/analysis3-26.07/lib/python3.12/site-packages/erddapy/erddapy.py)
  warnings.warn(
/g/data/xp65/public/apps/med_conda/envs/analysis3-26.07/lib/python3.12/site-packages/argopy/utils/lists.py:91: UserWarning: An error occurred while loading the ERDDAP index fetcher, it will not be available !
<class 'ImportError'>
cannot import name '_quote_string_constraints' from 'erddapy.erddapy' (/g/data/xp65/public/apps/med_conda/envs/analysis3-26.07/lib/python3.12/site-packages/erddapy/erddapy.py)
  warnings.warn(
/g/data/xp65/public/apps/med_conda/envs/analysis3-26.07/lib/python3.12/site-packages/argopy/utils/lists.py:107: UserWarning: An error occurred while loading the GDAC index fetcher, it will not be available !
<class 'ImportError'>
cannot import name '_quote_string_constraints' from 'erddapy.erddapy' (/g/data/xp65/public/apps/med_conda/envs/analysis3-26.07/lib/python3.12/site-packages/erddapy/erddapy.py)
  warnings.warn(
/home/563/fm6730/.local/lib/python3.12/site-packages/xarray/backends/plugins.py:109: RuntimeWarning: Engine 'argo' loading failed:
cannot import name '_quote_string_constraints' from 'erddapy.erddapy' (/g/data/xp65/public/apps/med_conda/envs/analysis3-26.07/lib/python3.12/site-packages/erddapy/erddapy.py)
  external_backend_entrypoints = backends_dict_from_pkg(entrypoints_unique)
Traceback (most recent call last):
  File "/home/563/fm6730/.local/lib/python3.12/site-packages/xarray/backends/file_manager.py", line 219, in _acquire_with_cache_info
    file = self._cache[self._key]
           ~~~~~~~~~~~^^^^^^^^^^^
  File "/home/563/fm6730/.local/lib/python3.12/site-packages/xarray/backends/lru_cache.py", line 56, in __getitem__
    value = self._cache[key]
            ~~~~~~~~~~~^^^^^
KeyError: [<class 'netCDF4._netCDF4.Dataset'>, ('/home/563/fm6730/localrepo/wave_vertical_heating/data/derived/q1_vert_structure/access-s2/e03/da_q1q2_yanai_20160731_e03_remap.nc',), 'r', (('clobber', True), ('diskless', False), ('format', 'NETCDF4'), ('persist', False)), 'cf42616d-1287-4c86-a56e-5d9db9ff6fac']

During handling of the above exception, another exception occurred:

Traceback (most recent call last):
  File "/home/563/fm6730/localrepo/wave_vertical_heating/scripts/utilities/compression_s2s_q1.py", line 14, in <module>
    ds = xr.open_dataset(file)
         ^^^^^^^^^^^^^^^^^^^^^
  File "/home/563/fm6730/.local/lib/python3.12/site-packages/xarray/backends/api.py", line 607, in open_dataset
    backend_ds = backend.open_dataset(
                 ^^^^^^^^^^^^^^^^^^^^^
  File "/home/563/fm6730/.local/lib/python3.12/site-packages/xarray/backends/netCDF4_.py", line 771, in open_dataset
    store = NetCDF4DataStore.open(
            ^^^^^^^^^^^^^^^^^^^^^^
  File "/home/563/fm6730/.local/lib/python3.12/site-packages/xarray/backends/netCDF4_.py", line 529, in open
    return cls(manager, group=group, mode=mode, lock=lock, autoclose=autoclose)
           ^^^^^^^^^^^^^^^^^^^^^^^^^^^^^^^^^^^^^^^^^^^^^^^^^^^^^^^^^^^^^^^^^^^^
  File "/home/563/fm6730/.local/lib/python3.12/site-packages/xarray/backends/netCDF4_.py", line 429, in __init__
    self.format = self.ds.data_model
                  ^^^^^^^
  File "/home/563/fm6730/.local/lib/python3.12/site-packages/xarray/backends/netCDF4_.py", line 538, in ds
    return self._acquire()
           ^^^^^^^^^^^^^^^
  File "/home/563/fm6730/.local/lib/python3.12/site-packages/xarray/backends/netCDF4_.py", line 532, in _acquire
    with self._manager.acquire_context(needs_lock) as root:
  File "/g/data/xp65/public/apps/med_conda/envs/analysis3-26.07/lib/python3.12/contextlib.py", line 137, in __enter__
    return next(self.gen)
           ^^^^^^^^^^^^^^
  File "/home/563/fm6730/.local/lib/python3.12/site-packages/xarray/backends/file_manager.py", line 207, in acquire_context
    file, cached = self._acquire_with_cache_info(needs_lock)
                   ^^^^^^^^^^^^^^^^^^^^^^^^^^^^^^^^^^^^^^^^^
  File "/home/563/fm6730/.local/lib/python3.12/site-packages/xarray/backends/file_manager.py", line 225, in _acquire_with_cache_info
    file = self._opener(*self._args, **kwargs)
           ^^^^^^^^^^^^^^^^^^^^^^^^^^^^^^^^^^^
  File "src/netCDF4/_netCDF4.pyx", line 2521, in netCDF4._netCDF4.Dataset.__init__
  File "src/netCDF4/_netCDF4.pyx", line 2158, in netCDF4._netCDF4._ensure_nc_success
FileNotFoundError: [Errno 2] No such file or directory: '/home/563/fm6730/localrepo/wave_vertical_heating/data/derived/q1_vert_structure/access-s2/e03/da_q1q2_yanai_20160731_e03_remap.nc'
